[{"stream_name":"stderr","time":1.175532055,"data":"Cloning into '/tmp/repo'...\n"}
,{"stream_name":"stdout","time":2.583505808,"data":"+ nvidia-smi\n"}
,{"stream_name":"stdout","time":2.619799179,"data":"Wed Sep 30 23:13:38 2026       \n"}
,{"stream_name":"stdout","time":2.619822566,"data":"+-----------------------------------------------------------------------------------------+\n"}
,{"stream_name":"stdout","time":2.619852038,"data":"| NVIDIA-SMI 580.159.04             Driver Version: 580.159.04     CUDA Version: 13.0     |\n"}
,{"stream_name":"stdout","time":2.619855727,"data":"+-----------------------------------------+------------------------+----------------------+\n"}
,{"stream_name":"stdout","time":2.619859382,"data":"| GPU  Name                 Persistence-M | Bus-Id          Disp.A | Volatile Uncorr. ECC |\n"}
,{"stream_name":"stdout","time":2.619863044,"data":"| Fan  Temp   Perf          Pwr:Usage/Cap |           Memory-Usage | GPU-Util  Compute M. |\n"}
,{"stream_name":"stdout","time":2.619866051,"data":"|                                         |                        |               MIG M. |\n"}
,{"stream_name":"stdout","time":2.619869246,"data":"|=========================================+========================+======================|\n"}
,{"stream_name":"stdout","time":2.658298464,"data":"|   0  Tesla T4                       Off |   00000000:00:04.0 Off |                    0 |\n"}
,{"stream_name":"stdout","time":2.658321335,"data":"| N/A   37C    P8             11W /   70W |       0MiB /  15360MiB |      0%      Default |\n"}
,{"stream_name":"stdout","time":2.658327146,"data":"|                                         |                        |                  N/A |\n"}
,{"stream_name":"stdout","time":2.658331156,"data":"+-----------------------------------------+------------------------+----------------------+\n"}
,{"stream_name":"stdout","time":2.658335327,"data":"|   1  Tesla T4                       Off |   00000000:00:05.0 Off |                    0 |\n"}
,{"stream_name":"stdout","time":2.658339194,"data":"| N/A   39C    P8              9W /   70W |       0MiB /  15360MiB |      0%      Default |\n"}
,{"stream_name":"stdout","time":2.6583434759999998,"data":"|                                         |                        |                  N/A |\n"}
,{"stream_name":"stdout","time":2.658347832,"data":"+-----------------------------------------+------------------------+----------------------+\n"}
,{"stream_name":"stdout","time":2.660943838,"data":"\n"}
,{"stream_name":"stdout","time":2.6609639229999997,"data":"+-----------------------------------------------------------------------------------------+\n"}
,{"stream_name":"stdout","time":2.6609698,"data":"| Processes:                                                                              |\n"}
,{"stream_name":"stdout","time":2.660975067,"data":"|  GPU   GI   CI              PID   Type   Process name                        GPU Memory |\n"}
,{"stream_name":"stdout","time":2.660979489,"data":"|        ID   ID                                                               Usage      |\n"}
,{"stream_name":"stdout","time":2.660984026,"data":"|=========================================================================================|\n"}
,{"stream_name":"stdout","time":2.6617939980000003,"data":"|  No running processes found                                                             |\n"}
,{"stream_name":"stdout","time":2.6619014439999997,"data":"+-----------------------------------------------------------------------------------------+\n"}
,{"stream_name":"stdout","time":3.003563761,"data":"+ pip install -q 'timm\u003e=1.0.9'\n"}
,{"stream_name":"stdout","time":108.59232235,"data":"data_root: /kaggle/input/competitions/state-farm-distracted-driver-detection | previous runs: []\n"}
,{"stream_name":"stdout","time":190.2053504,"data":"26 clients, train sizes: [580, 658, 700, 700, 862, 989, 986, 980, 956, 678, 520, 484, 472, 579, 668, 808, 632, 736, 592, 635, 647, 656, 827, 276, 651, 658]\n"}
,{"stream_name":"stderr","time":191.838160366,"data":"Warning: You are sending unauthenticated requests to the HF Hub. Please set a HF_TOKEN to enable higher rate limits and faster downloads.\n"}
,{"stream_name":"stdout","time":204.362431969,"data":"devices: [device(type='cuda', index=0), device(type='cuda', index=1)]\n"}
,{"stream_name":"stderr","time":225.79073136,"data":"/tmp/repo/fedkd_gia/fedkd.py:51: UserWarning: Converting a tensor with requires_grad=True to a scalar may lead to unexpected behavior.\n"}
,{"stream_name":"stderr","time":225.790788309,"data":"Consider using tensor.detach() first. (Triggered internally at /pytorch/torch/csrc/autograd/generated/python_variable_methods.cpp:836.)\n"}
,{"stream_name":"stderr","time":225.790796133,"data":"  \"hid\": float(hid), \"loss\": total.item()}\n"}
,{"stream_name":"stdout","time":308.143435044,"data":"  round 1 client p002: {\"ce_t\": 0.3724, \"ce_s\": 0.4426, \"kl_t\": 0.291, \"kl_s\": 0.2559, \"hid\": 4.5476, \"loss\": 10.8853, \"train_acc_t\": 0.9307, \"train_acc_s\": 0.9179, \"steps\": 365, \"teacher_test_acc\": 0.9517, \"teacher_test_loss\": 0.2282}\n"}
,{"stream_name":"stdout","time":317.578639303,"data":"  round 1 client p012: {\"ce_t\": 0.3889, \"ce_s\": 0.4679, \"kl_t\": 0.3212, \"kl_s\": 0.2761, \"hid\": 3.9656, \"loss\": 9.2169, \"train_acc_t\": 0.9319, \"train_acc_s\": 0.9207, \"steps\": 415, \"teacher_test_acc\": 0.9697, \"teacher_test_loss\": 0.242}\n"}
,{"stream_name":"stdout","time":388.323771423,"data":"  round 1 client p014: {\"ce_t\": 0.3344, \"ce_s\": 0.4201, \"kl_t\": 0.2466, \"kl_s\": 0.2216, \"hid\": 3.7969, \"loss\": 9.8473, \"train_acc_t\": 0.9386, \"train_acc_s\": 0.9271, \"steps\": 440, \"teacher_test_acc\": 0.9773, \"teacher_test_loss\": 0.1945}\n"}
,{"stream_name":"stdout","time":399.131075866,"data":"  round 1 client p015: {\"ce_t\": 0.3195, \"ce_s\": 0.3811, \"kl_t\": 0.2404, \"kl_s\": 0.2109, \"hid\": 3.6926, \"loss\": 9.9919, \"train_acc_t\": 0.9437, \"train_acc_s\": 0.9346, \"steps\": 440, \"teacher_test_acc\": 0.9829, \"teacher_test_loss\": 0.1155}\n"}
,{"stream_name":"stdout","time":488.480498052,"data":"  round 1 client p016: {\"ce_t\": 0.2687, \"ce_s\": 0.3234, \"kl_t\": 0.2254, \"kl_s\": 0.2012, \"hid\": 3.1109, \"loss\": 9.7537, \"train_acc_t\": 0.9615, \"train_acc_s\": 0.9515, \"steps\": 540, \"teacher_test_acc\": 0.9954, \"teacher_test_loss\": 0.087}\n"}
,{"stream_name":"stdout","time":516.330971078,"data":"  round 1 client p021: {\"ce_t\": 0.2695, \"ce_s\": 0.3413, \"kl_t\": 0.2326, \"kl_s\": 0.21, \"hid\": 2.8667, \"loss\": 8.6707, \"train_acc_t\": 0.9571, \"train_acc_s\": 0.9361, \"steps\": 620, \"teacher_test_acc\": 0.9758, \"teacher_test_loss\": 0.1389}\n"}
,{"stream_name":"stdout","time":602.78943136,"data":"  round 1 client p022: {\"ce_t\": 0.2902, \"ce_s\": 0.3703, \"kl_t\": 0.2497, \"kl_s\": 0.2203, \"hid\": 3.0501, \"loss\": 8.9282, \"train_acc_t\": 0.9475, \"train_acc_s\": 0.9286, \"steps\": 620, \"teacher_test_acc\": 1.0, \"teacher_test_loss\": 0.0791}\n"}
,{"stream_name":"stdout","time":632.194959415,"data":"  round 1 client p024: {\"ce_t\": 0.2746, \"ce_s\": 0.33, \"kl_t\": 0.239, \"kl_s\": 0.2173, \"hid\": 2.8208, \"loss\": 8.5311, \"train_acc_t\": 0.9639, \"train_acc_s\": 0.9563, \"steps\": 615, \"teacher_test_acc\": 1.0, \"teacher_test_loss\": 0.0543}\n"}
,{"stream_name":"stdout","time":713.723433083,"data":"  round 1 client p035: {\"ce_t\": 0.3183, \"ce_s\": 0.3682, \"kl_t\": 0.2337, \"kl_s\": 0.2024, \"hid\": 3.6836, \"loss\": 9.8588, \"train_acc_t\": 0.9451, \"train_acc_s\": 0.9431, \"steps\": 425, \"teacher_test_acc\": 0.9529, \"teacher_test_loss\": 0.155}\n"}
,{"stream_name":"stdout","time":714.434506199,"data":"  round 1 client p026: {\"ce_t\": 0.3247, \"ce_s\": 0.3929, \"kl_t\": 0.2884, \"kl_s\": 0.2574, \"hid\": 3.1461, \"loss\": 8.0972, \"train_acc_t\": 0.9504, \"train_acc_s\": 0.9391, \"steps\": 600, \"teacher_test_acc\": 0.975, \"teacher_test_loss\": 0.1435}\n"}
,{"stream_name":"stdout","time":772.449325943,"data":"  round 1 client p041: {\"ce_t\": 0.4146, \"ce_s\": 0.5538, \"kl_t\": 0.3614, \"kl_s\": 0.3188, \"hid\": 5.0227, \"loss\": 10.2859, \"train_acc_t\": 0.9347, \"train_acc_s\": 0.912, \"steps\": 305, \"teacher_test_acc\": 0.9752, \"teacher_test_loss\": 0.2722}\n"}
,{"stream_name":"stdout","time":777.636278291,"data":"  round 1 client p039: {\"ce_t\": 0.4374, \"ce_s\": 0.5002, \"kl_t\": 0.2923, \"kl_s\": 0.2476, \"hid\": 5.056, \"loss\": 11.0067, \"train_acc_t\": 0.9062, \"train_acc_s\": 0.9038, \"steps\": 325, \"teacher_test_acc\": 0.9695, \"teacher_test_loss\": 0.1949}\n"}
,{"stream_name":"stdout","time":828.720142089,"data":"  round 1 client p042: {\"ce_t\": 0.3835, \"ce_s\": 0.4423, \"kl_t\": 0.2317, \"kl_s\": 0.2103, \"hid\": 5.3693, \"loss\": 12.6499, \"train_acc_t\": 0.9284, \"train_acc_s\": 0.925, \"steps\": 295, \"teacher_test_acc\": 0.9664, \"teacher_test_loss\": 0.1607}\n"}
,{"stream_name":"stdout","time":847.985199712,"data":"  round 1 client p045: {\"ce_t\": 0.3377, \"ce_s\": 0.399, \"kl_t\": 0.2454, \"kl_s\": 0.2176, \"hid\": 4.273, \"loss\": 11.3378, \"train_acc_t\": 0.9406, \"train_acc_s\": 0.9361, \"steps\": 365, \"teacher_test_acc\": 0.9931, \"teacher_test_loss\": 0.1469}\n"}
,{"stream_name":"stdout","time":907.531345268,"data":"  round 1 client p047: {\"ce_t\": 0.3721, \"ce_s\": 0.4158, \"kl_t\": 0.2531, \"kl_s\": 0.22, \"hid\": 3.903, \"loss\": 9.6601, \"train_acc_t\": 0.9329, \"train_acc_s\": 0.9335, \"steps\": 420, \"teacher_test_acc\": 0.982, \"teacher_test_loss\": 0.2042}\n"}
,{"stream_name":"stdout","time":944.39801953,"data":"  round 1 client p049: {\"ce_t\": 0.3233, \"ce_s\": 0.3773, \"kl_t\": 0.2549, \"kl_s\": 0.2176, \"hid\": 3.3751, \"loss\": 8.9016, \"train_acc_t\": 0.9498, \"train_acc_s\": 0.9369, \"steps\": 505, \"teacher_test_acc\": 0.9951, \"teacher_test_loss\": 0.1263}\n"}
,{"stream_name":"stdout","time":982.440842268,"data":"  round 1 client p050: {\"ce_t\": 0.3694, \"ce_s\": 0.4462, \"kl_t\": 0.2945, \"kl_s\": 0.2538, \"hid\": 4.0245, \"loss\": 9.4556, \"train_acc_t\": 0.931, \"train_acc_s\": 0.919, \"steps\": 395, \"teacher_test_acc\": 0.981, \"teacher_test_loss\": 0.1495}\n"}
,{"stream_name":"stdout","time":1033.608541622,"data":"  round 1 client p051: {\"ce_t\": 0.3512, \"ce_s\": 0.4073, \"kl_t\": 0.258, \"kl_s\": 0.2287, \"hid\": 3.6338, \"loss\": 9.6292, \"train_acc_t\": 0.9399, \"train_acc_s\": 0.9239, \"steps\": 460, \"teacher_test_acc\": 0.9239, \"teacher_test_loss\": 0.3168}\n"}
,{"stream_name":"stdout","time":1053.695855218,"data":"  round 1 client p052: {\"ce_t\": 0.3823, \"ce_s\": 0.4706, \"kl_t\": 0.2992, \"kl_s\": 0.2608, \"hid\": 4.6458, \"loss\": 10.26, \"train_acc_t\": 0.9324, \"train_acc_s\": 0.9213, \"steps\": 370, \"teacher_test_acc\": 0.9797, \"teacher_test_loss\": 0.2635}\n"}
,{"stream_name":"stdout","time":1111.394408059,"data":"  round 1 client p056: {\"ce_t\": 0.3591, \"ce_s\": 0.4365, \"kl_t\": 0.2726, \"kl_s\": 0.2384, \"hid\": 4.2206, \"loss\": 10.3884, \"train_acc_t\": 0.9348, \"train_acc_s\": 0.9184, \"steps\": 400, \"teacher_test_acc\": 0.9937, \"teacher_test_loss\": 0.185}\n"}
,{"stream_name":"stdout","time":1131.420113134,"data":"  round 1 client p061: {\"ce_t\": 0.3796, \"ce_s\": 0.4713, \"kl_t\": 0.317, \"kl_s\": 0.2856, \"hid\": 4.2722, \"loss\": 10.0069, \"train_acc_t\": 0.9329, \"train_acc_s\": 0.9141, \"steps\": 405, \"teacher_test_acc\": 0.9877, \"teacher_test_loss\": 0.1465}\n"}
,{"stream_name":"stdout","time":1191.164520262,"data":"  round 1 client p064: {\"ce_t\": 0.3737, \"ce_s\": 0.4184, \"kl_t\": 0.2658, \"kl_s\": 0.2336, \"hid\": 3.967, \"loss\": 9.4731, \"train_acc_t\": 0.932, \"train_acc_s\": 0.9302, \"steps\": 410, \"teacher_test_acc\": 0.9024, \"teacher_test_loss\": 0.3264}\n"}
,{"stream_name":"stdout","time":1227.013147631,"data":"  round 1 client p072: {\"ce_t\": 0.5662, \"ce_s\": 0.6804, \"kl_t\": 0.3405, \"kl_s\": 0.2815, \"hid\": 8.2065, \"loss\": 13.8381, \"train_acc_t\": 0.858, \"train_acc_s\": 0.8616, \"steps\": 175, \"teacher_test_acc\": 0.9714, \"teacher_test_loss\": 0.3105}\n"}
,{"stream_name":"stdout","time":1229.31042901,"data":"  round 1 client p066: {\"ce_t\": 0.4025, \"ce_s\": 0.4321, \"kl_t\": 0.2955, \"kl_s\": 0.2628, \"hid\": 3.4746, \"loss\": 8.3096, \"train_acc_t\": 0.9265, \"train_acc_s\": 0.9241, \"steps\": 520, \"teacher_test_acc\": 0.9517, \"teacher_test_loss\": 0.2726}\n"}
,{"stream_name":"stdout","time":1306.93453424,"data":"  round 1 client p075: {\"ce_t\": 0.37, \"ce_s\": 0.4429, \"kl_t\": 0.283, \"kl_s\": 0.2479, \"hid\": 4.1383, \"loss\": 9.7805, \"train_acc_t\": 0.9382, \"train_acc_s\": 0.9287, \"steps\": 410, \"teacher_test_acc\": 0.9939, \"teacher_test_loss\": 0.1471}\n"}
,{"stream_name":"stdout","time":1307.984980225,"data":"  round 1 client p081: {\"ce_t\": 0.3628, \"ce_s\": 0.4655, \"kl_t\": 0.3212, \"kl_s\": 0.2858, \"hid\": 4.2034, \"loss\": 9.7221, \"train_acc_t\": 0.9426, \"train_acc_s\": 0.9167, \"steps\": 415, \"teacher_test_acc\": 0.9697, \"teacher_test_loss\": 0.156}\n"}
,{"stream_name":"stdout","time":1326.371983328,"data":"ROUND 1/30: global student acc 0.1555 F1 0.1052 | mean teacher acc 0.9737 | 18.4 min\n"}
,{"stream_name":"stdout","time":1396.546988302,"data":"  round 2 client p002: {\"ce_t\": 0.2135, \"ce_s\": 0.402, \"kl_t\": 0.3201, \"kl_s\": 0.2859, \"hid\": 0.6585, \"loss\": 4.5271, \"train_acc_t\": 0.9779, \"train_acc_s\": 0.9131, \"steps\": 365, \"teacher_test_acc\": 0.9862, \"teacher_test_loss\": 0.1304}\n"}
,{"stream_name":"stdout","time":1408.791239397,"data":"  round 2 client p012: {\"ce_t\": 0.2227, \"ce_s\": 0.4522, \"kl_t\": 0.3554, \"kl_s\": 0.3296, \"hid\": 0.6398, \"loss\": 4.3445, \"train_acc_t\": 0.9802, \"train_acc_s\": 0.8994, \"steps\": 415, \"teacher_test_acc\": 0.9818, \"teacher_test_loss\": 0.1726}\n"}
,{"stream_name":"stdout","time":1479.386375189,"data":"  round 2 client p014: {\"ce_t\": 0.2101, \"ce_s\": 0.4475, \"kl_t\": 0.3172, \"kl_s\": 0.2842, \"hid\": 0.5942, \"loss\": 4.2107, \"train_acc_t\": 0.9743, \"train_acc_s\": 0.8954, \"steps\": 440, \"teacher_test_acc\": 0.9602, \"teacher_test_loss\": 0.1717}\n"}
,{"stream_name":"stdout","time":1493.532183737,"data":"  round 2 client p015: {\"ce_t\": 0.1719, \"ce_s\": 0.3405, \"kl_t\": 0.252, \"kl_s\": 0.2275, \"hid\": 0.5094, \"loss\": 4.1494, \"train_acc_t\": 0.9834, \"train_acc_s\": 0.9294, \"steps\": 440, \"teacher_test_acc\": 0.9886, \"teacher_test_loss\": 0.0798}\n"}
,{"stream_name":"stdout","time":1579.605251002,"data":"  round 2 client p016: {\"ce_t\": 0.1521, \"ce_s\": 0.2996, \"kl_t\": 0.2307, \"kl_s\": 0.2088, \"hid\": 0.4238, \"loss\": 3.9492, \"train_acc_t\": 0.9898, \"train_acc_s\": 0.9418, \"steps\": 540, \"teacher_test_acc\": 0.9769, \"teacher_test_loss\": 0.1417}\n"}
,{"stream_name":"stdout","time":1611.342185478,"data":"  round 2 client p021: {\"ce_t\": 0.1613, \"ce_s\": 0.3077, \"kl_t\": 0.2338, \"kl_s\": 0.2092, \"hid\": 0.4039, \"loss\": 3.5315, \"train_acc_t\": 0.9907, \"train_acc_s\": 0.9407, \"steps\": 620, \"teacher_test_acc\": 0.9677, \"teacher_test_loss\": 0.1535}\n"}
,{"stream_name":"stdout","time":1694.749732626,"data":"  round 2 client p022: {\"ce_t\": 0.138, \"ce_s\": 0.3298, \"kl_t\": 0.2305, \"kl_s\": 0.2127, \"hid\": 0.3956, \"loss\": 3.7005, \"train_acc_t\": 0.9933, \"train_acc_s\": 0.9199, \"steps\": 620, \"teacher_test_acc\": 1.0, \"teacher_test_loss\": 0.0603}\n"}
,{"stream_name":"stdout","time":1728.837461941,"data":"  round 2 client p024: {\"ce_t\": 0.1347, \"ce_s\": 0.2786, \"kl_t\": 0.2227, \"kl_s\": 0.1963, \"hid\": 0.3924, \"loss\": 3.7435, \"train_acc_t\": 0.9937, \"train_acc_s\": 0.9461, \"steps\": 615, \"teacher_test_acc\": 1.0, \"teacher_test_loss\": 0.0646}\n"}
,{"stream_name":"stdout","time":1806.692801748,"data":"  round 2 client p026: {\"ce_t\": 0.2232, \"ce_s\": 0.3968, \"kl_t\": 0.2902, \"kl_s\": 0.2721, \"hid\": 0.4316, \"loss\": 3.3662, \"train_acc_t\": 0.9609, \"train_acc_s\": 0.9098, \"steps\": 600, \"teacher_test_acc\": 0.9542, \"teacher_test_loss\": 0.2119}\n"}
,{"stream_name":"stdout","time":1810.781244773,"data":"  round 2 client p035: {\"ce_t\": 0.159, \"ce_s\": 0.3598, \"kl_t\": 0.2782, \"kl_s\": 0.2472, \"hid\": 0.4693, \"loss\": 3.9936, \"train_acc_t\": 0.9914, \"train_acc_s\": 0.9159, \"steps\": 425, \"teacher_test_acc\": 0.9941, \"teacher_test_loss\": 0.0733}\n"}
,{"stream_name":"stdout","time":1869.579814375,"data":"  round 2 client p039: {\"ce_t\": 0.2201, \"ce_s\": 0.4961, \"kl_t\": 0.3726, \"kl_s\": 0.3335, \"hid\": 0.7805, \"loss\": 4.6723, \"train_acc_t\": 0.9831, \"train_acc_s\": 0.8823, \"steps\": 325, \"teacher_test_acc\": 0.9084, \"teacher_test_loss\": 0.312}\n"}
,{"stream_name":"stdout","time":1871.001075104,"data":"  round 2 client p041: {\"ce_t\": 0.2201, \"ce_s\": 0.527, \"kl_t\": 0.3876, \"kl_s\": 0.356, \"hid\": 0.7433, \"loss\": 4.5232, \"train_acc_t\": 0.9847, \"train_acc_s\": 0.8736, \"steps\": 305, \"teacher_test_acc\": 0.9917, \"teacher_test_loss\": 0.1253}\n"}
,{"stream_name":"stdout","time":1927.007499494,"data":"  round 2 client p042: {\"ce_t\": 0.2125, \"ce_s\": 0.4741, \"kl_t\": 0.3323, \"kl_s\": 0.2989, \"hid\": 0.7886, \"loss\": 4.7283, \"train_acc_t\": 0.9814, \"train_acc_s\": 0.8856, \"steps\": 295, \"teacher_test_acc\": 1.0, \"teacher_test_loss\": 0.081}\n"}
,{"stream_name":"stdout","time":1942.73777365,"data":"  round 2 client p045: {\"ce_t\": 0.1867, \"ce_s\": 0.4482, \"kl_t\": 0.3193, \"kl_s\": 0.2897, \"hid\": 0.6254, \"loss\": 4.416, \"train_acc_t\": 0.9886, \"train_acc_s\": 0.8967, \"steps\": 365, \"teacher_test_acc\": 0.9862, \"teacher_test_loss\": 0.1175}\n"}
,{"stream_name":"stdout","time":2006.59097739,"data":"  round 2 client p047: {\"ce_t\": 0.2419, \"ce_s\": 0.4823, \"kl_t\": 0.3321, \"kl_s\": 0.3094, \"hid\": 0.6042, \"loss\": 4.0563, \"train_acc_t\": 0.971, \"train_acc_s\": 0.8814, \"steps\": 420, \"teacher_test_acc\": 0.9641, \"teacher_test_loss\": 0.1837}\n"}
,{"stream_name":"stdout","time":2039.769541689,"data":"  round 2 client p049: {\"ce_t\": 0.1788, \"ce_s\": 0.3576, \"kl_t\": 0.28, \"kl_s\": 0.2529, \"hid\": 0.4734, \"loss\": 3.8935, \"train_acc_t\": 0.9903, \"train_acc_s\": 0.9287, \"steps\": 505, \"teacher_test_acc\": 0.9951, \"teacher_test_loss\": 0.1193}\n"}
,{"stream_name":"stdout","time":2081.846005273,"data":"  round 2 client p050: {\"ce_t\": 0.2048, \"ce_s\": 0.4913, \"kl_t\": 0.3427, \"kl_s\": 0.3132, \"hid\": 0.6081, \"loss\": 4.0443, \"train_acc_t\": 0.9845, \"train_acc_s\": 0.8766, \"steps\": 395, \"teacher_test_acc\": 0.9684, \"teacher_test_loss\": 0.2767}\n"}
,{"stream_name":"stdout","time":2128.763206068,"data":"  round 2 client p051: {\"ce_t\": 0.2076, \"ce_s\": 0.4642, \"kl_t\": 0.3323, \"kl_s\": 0.3051, \"hid\": 0.5619, \"loss\": 4.0092, \"train_acc_t\": 0.9796, \"train_acc_s\": 0.8883, \"steps\": 460, \"teacher_test_acc\": 0.9511, \"teacher_test_loss\": 0.2375}\n"}
,{"stream_name":"stdout","time":2152.825095704,"data":"  round 2 client p052: {\"ce_t\": 0.197, \"ce_s\": 0.4512, \"kl_t\": 0.3364, \"kl_s\": 0.3062, \"hid\": 0.6718, \"loss\": 4.51, \"train_acc_t\": 0.9878, \"train_acc_s\": 0.8953, \"steps\": 370, \"teacher_test_acc\": 0.9595, \"teacher_test_loss\": 0.1874}\n"}
,{"stream_name":"stdout","time":2206.33403453,"data":"  round 2 client p056: {\"ce_t\": 0.1873, \"ce_s\": 0.4489, \"kl_t\": 0.3178, \"kl_s\": 0.2879, \"hid\": 0.6092, \"loss\": 4.2099, \"train_acc_t\": 0.9893, \"train_acc_s\": 0.891, \"steps\": 400, \"teacher_test_acc\": 0.9874, \"teacher_test_loss\": 0.0951}\n"}
,{"stream_name":"stdout","time":2230.001409378,"data":"  round 2 client p061: {\"ce_t\": 0.211, \"ce_s\": 0.4559, \"kl_t\": 0.3581, \"kl_s\": 0.3182, \"hid\": 0.6407, \"loss\": 4.3054, \"train_acc_t\": 0.9839, \"train_acc_s\": 0.898, \"steps\": 405, \"teacher_test_acc\": 0.9815, \"teacher_test_loss\": 0.149}\n"}
,{"stream_name":"stdout","time":2286.287104852,"data":"  round 2 client p064: {\"ce_t\": 0.1901, \"ce_s\": 0.4121, \"kl_t\": 0.2961, \"kl_s\": 0.2616, \"hid\": 0.5497, \"loss\": 3.9876, \"train_acc_t\": 0.9832, \"train_acc_s\": 0.9024, \"steps\": 410, \"teacher_test_acc\": 0.9817, \"teacher_test_loss\": 0.1496}\n"}
,{"stream_name":"stdout","time":2322.073415362,"data":"  round 2 client p072: {\"ce_t\": 0.3535, \"ce_s\": 0.6347, \"kl_t\": 0.4455, \"kl_s\": 0.3739, \"hid\": 1.2946, \"loss\": 5.7521, \"train_acc_t\": 0.9478, \"train_acc_s\": 0.8362, \"steps\": 175, \"teacher_test_acc\": 0.9571, \"teacher_test_loss\": 0.2815}\n"}
,{"stream_name":"stdout","time":2328.675543284,"data":"  round 2 client p066: {\"ce_t\": 0.1921, \"ce_s\": 0.3789, \"kl_t\": 0.2903, \"kl_s\": 0.2592, \"hid\": 0.4902, \"loss\": 3.7829, \"train_acc_t\": 0.9833, \"train_acc_s\": 0.9173, \"steps\": 520, \"teacher_test_acc\": 0.9662, \"teacher_test_loss\": 0.1934}\n"}
,{"stream_name":"stdout","time":2401.873440414,"data":"  round 2 client p075: {\"ce_t\": 0.1942, \"ce_s\": 0.39, \"kl_t\": 0.3081, \"kl_s\": 0.289, \"hid\": 0.609, \"loss\": 4.4346, \"train_acc_t\": 0.984, \"train_acc_s\": 0.9118, \"steps\": 410, \"teacher_test_acc\": 1.0, \"teacher_test_loss\": 0.0576}\n"}
,{"stream_name":"stdout","time":2406.97477057,"data":"  round 2 client p081: {\"ce_t\": 0.1853, \"ce_s\": 0.4147, \"kl_t\": 0.3099, \"kl_s\": 0.2804, \"hid\": 0.63, \"loss\": 4.4956, \"train_acc_t\": 0.9918, \"train_acc_s\": 0.9049, \"steps\": 415, \"teacher_test_acc\": 0.9758, \"teacher_test_loss\": 0.1542}\n"}
,{"stream_name":"stdout","time":2426.042065248,"data":"ROUND 2/30: global student acc 0.2777 F1 0.2126 | mean teacher acc 0.9763 | 18.3 min\n"}
,{"stream_name":"stdout","time":2497.235152672,"data":"  round 3 client p002: {\"ce_t\": 0.152, \"ce_s\": 0.3517, \"kl_t\": 0.2583, \"kl_s\": 0.2415, \"hid\": 0.3501, \"loss\": 3.596, \"train_acc_t\": 0.9903, \"train_acc_s\": 0.921, \"steps\": 365, \"teacher_test_acc\": 1.0, \"teacher_test_loss\": 0.0585}\n"}
,{"stream_name":"stdout","time":2508.008345486,"data":"  round 3 client p012: {\"ce_t\": 0.1909, \"ce_s\": 0.4784, \"kl_t\": 0.324, \"kl_s\": 0.3142, \"hid\": 0.3452, \"loss\": 3.2529, \"train_acc_t\": 0.9872, \"train_acc_s\": 0.8784, \"steps\": 415, \"teacher_test_acc\": 0.9818, \"teacher_test_loss\": 0.1649}\n"}
,{"stream_name":"stdout","time":2580.708328279,"data":"  round 3 client p014: {\"ce_t\": 0.1543, \"ce_s\": 0.3653, \"kl_t\": 0.2522, \"kl_s\": 0.236, \"hid\": 0.2763, \"loss\": 3.2072, \"train_acc_t\": 0.9883, \"train_acc_s\": 0.9074, \"steps\": 440, \"teacher_test_acc\": 0.9602, \"teacher_test_loss\": 0.15}\n"}
,{"stream_name":"stdout","time":2592.969051887,"data":"  round 3 client p015: {\"ce_t\": 0.1267, \"ce_s\": 0.2858, \"kl_t\": 0.2048, \"kl_s\": 0.192, \"hid\": 0.2402, \"loss\": 3.0581, \"train_acc_t\": 0.9923, \"train_acc_s\": 0.9406, \"steps\": 440, \"teacher_test_acc\": 0.9829, \"teacher_test_loss\": 0.0732}\n"}
,{"stream_name":"stdout","time":2682.676747646,"data":"  round 3 client p016: {\"ce_t\": 0.1103, \"ce_s\": 0.225, \"kl_t\": 0.1609, \"kl_s\": 0.1526, \"hid\": 0.2013, \"loss\": 2.9285, \"train_acc_t\": 0.9923, \"train_acc_s\": 0.9527, \"steps\": 540, \"teacher_test_acc\": 0.9861, \"teacher_test_loss\": 0.0584}\n"}
,{"stream_name":"stdout","time":2710.846310144,"data":"  round 3 client p021: {\"ce_t\": 0.1244, \"ce_s\": 0.2565, \"kl_t\": 0.1831, \"kl_s\": 0.1706, \"hid\": 0.1922, \"loss\": 2.6322, \"train_acc_t\": 0.9929, \"train_acc_s\": 0.9399, \"steps\": 620, \"teacher_test_acc\": 0.9879, \"teacher_test_loss\": 0.062}\n"}
,{"stream_name":"stdout","time":2798.396411703,"data":"  round 3 client p022: {\"ce_t\": 0.1089, \"ce_s\": 0.2393, \"kl_t\": 0.1672, \"kl_s\": 0.1512, \"hid\": 0.1739, \"loss\": 2.6441, \"train_acc_t\": 0.9961, \"train_acc_s\": 0.9398, \"steps\": 620, \"teacher_test_acc\": 1.0, \"teacher_test_loss\": 0.0844}\n"}
,{"stream_name":"stdout","time":2827.853204835,"data":"  round 3 client p024: {\"ce_t\": 0.1098, \"ce_s\": 0.2453, \"kl_t\": 0.1683, \"kl_s\": 0.1624, \"hid\": 0.1847, \"loss\": 2.7266, \"train_acc_t\": 0.9963, \"train_acc_s\": 0.95, \"steps\": 615, \"teacher_test_acc\": 0.9512, \"teacher_test_loss\": 0.2161}\n"}
,{"stream_name":"stdout","time":2909.489639752,"data":"  round 3 client p035: {\"ce_t\": 0.1189, \"ce_s\": 0.2759, \"kl_t\": 0.2021, \"kl_s\": 0.1879, \"hid\": 0.2285, \"loss\": 2.985, \"train_acc_t\": 0.9959, \"train_acc_s\": 0.9454, \"steps\": 425, \"teacher_test_acc\": 0.9882, \"teacher_test_loss\": 0.0805}\n"}
,{"stream_name":"stdout","time":2911.17313345,"data":"  round 3 client p026: {\"ce_t\": 0.1622, \"ce_s\": 0.2942, \"kl_t\": 0.2041, \"kl_s\": 0.1859, \"hid\": 0.2196, \"loss\": 2.6481, \"train_acc_t\": 0.978, \"train_acc_s\": 0.931, \"steps\": 600, \"teacher_test_acc\": 0.9708, \"teacher_test_loss\": 0.1456}\n"}
,{"stream_name":"stdout","time":2970.23027874,"data":"  round 3 client p041: {\"ce_t\": 0.1706, \"ce_s\": 0.4112, \"kl_t\": 0.2958, \"kl_s\": 0.2733, \"hid\": 0.3468, \"loss\": 3.426, \"train_acc_t\": 0.9917, \"train_acc_s\": 0.8921, \"steps\": 305, \"teacher_test_acc\": 0.9339, \"teacher_test_loss\": 0.3352}\n"}
,{"stream_name":"stdout","time":2973.790587074,"data":"  round 3 client p039: {\"ce_t\": 0.1818, \"ce_s\": 0.3912, \"kl_t\": 0.2765, \"kl_s\": 0.2647, \"hid\": 0.3694, \"loss\": 3.4687, \"train_acc_t\": 0.9835, \"train_acc_s\": 0.9065, \"steps\": 325, \"teacher_test_acc\": 0.9847, \"teacher_test_loss\": 0.1456}\n"}
,{"stream_name":"stdout","time":3028.134958042,"data":"  round 3 client p042: {\"ce_t\": 0.157, \"ce_s\": 0.3497, \"kl_t\": 0.2594, \"kl_s\": 0.2413, \"hid\": 0.355, \"loss\": 3.6843, \"train_acc_t\": 0.9869, \"train_acc_s\": 0.9195, \"steps\": 295, \"teacher_test_acc\": 1.0, \"teacher_test_loss\": 0.0419}\n"}
,{"stream_name":"stdout","time":3044.948756838,"data":"  round 3 client p045: {\"ce_t\": 0.1457, \"ce_s\": 0.4009, \"kl_t\": 0.2539, \"kl_s\": 0.2462, \"hid\": 0.3071, \"loss\": 3.3625, \"train_acc_t\": 0.9924, \"train_acc_s\": 0.8971, \"steps\": 365, \"teacher_test_acc\": 0.9862, \"teacher_test_loss\": 0.0826}\n"}
,{"stream_name":"stdout","time":3107.94872326,"data":"  round 3 client p047: {\"ce_t\": 0.167, \"ce_s\": 0.3281, \"kl_t\": 0.2348, \"kl_s\": 0.2157, \"hid\": 0.2593, \"loss\": 3.0463, \"train_acc_t\": 0.9823, \"train_acc_s\": 0.9213, \"steps\": 420, \"teacher_test_acc\": 0.9581, \"teacher_test_loss\": 0.2493}\n"}
,{"stream_name":"stdout","time":3141.841525242,"data":"  round 3 client p049: {\"ce_t\": 0.1334, \"ce_s\": 0.2638, \"kl_t\": 0.1932, \"kl_s\": 0.183, \"hid\": 0.2107, \"loss\": 2.9571, \"train_acc_t\": 0.9921, \"train_acc_s\": 0.9446, \"steps\": 505, \"teacher_test_acc\": 1.0, \"teacher_test_loss\": 0.0434}\n"}
,{"stream_name":"stdout","time":3183.503839204,"data":"  round 3 client p050: {\"ce_t\": 0.1722, \"ce_s\": 0.4262, \"kl_t\": 0.2693, \"kl_s\": 0.2642, \"hid\": 0.2877, \"loss\": 3.0728, \"train_acc_t\": 0.9801, \"train_acc_s\": 0.8829, \"steps\": 395, \"teacher_test_acc\": 0.9747, \"teacher_test_loss\": 0.1313}\n"}
,{"stream_name":"stdout","time":3231.198519198,"data":"  round 3 client p051: {\"ce_t\": 0.1352, \"ce_s\": 0.2887, \"kl_t\": 0.2057, \"kl_s\": 0.1958, \"hid\": 0.2334, \"loss\": 3.0323, \"train_acc_t\": 0.9918, \"train_acc_s\": 0.9359, \"steps\": 460, \"teacher_test_acc\": 0.9837, \"teacher_test_loss\": 0.1203}\n"}
,{"stream_name":"stdout","time":3255.600419636,"data":"  round 3 client p052: {\"ce_t\": 0.1624, \"ce_s\": 0.4135, \"kl_t\": 0.2818, \"kl_s\": 0.2613, \"hid\": 0.349, \"loss\": 3.4143, \"train_acc_t\": 0.9905, \"train_acc_s\": 0.8875, \"steps\": 370, \"teacher_test_acc\": 0.973, \"teacher_test_loss\": 0.1275}\n"}
,{"stream_name":"stdout","time":3308.495132139,"data":"  round 3 client p056: {\"ce_t\": 0.1522, \"ce_s\": 0.3874, \"kl_t\": 0.2651, \"kl_s\": 0.2438, \"hid\": 0.2914, \"loss\": 3.175, \"train_acc_t\": 0.9928, \"train_acc_s\": 0.8973, \"steps\": 400, \"teacher_test_acc\": 0.9748, \"teacher_test_loss\": 0.0719}\n"}
,{"stream_name":"stdout","time":3332.420845141,"data":"  round 3 client p061: {\"ce_t\": 0.1512, \"ce_s\": 0.3424, \"kl_t\": 0.2429, \"kl_s\": 0.2286, \"hid\": 0.2944, \"loss\": 3.2863, \"train_acc_t\": 0.9901, \"train_acc_s\": 0.9196, \"steps\": 405, \"teacher_test_acc\": 0.963, \"teacher_test_loss\": 0.149}\n"}
,{"stream_name":"stdout","time":3386.960882657,"data":"  round 3 client p064: {\"ce_t\": 0.1418, \"ce_s\": 0.3023, \"kl_t\": 0.2148, \"kl_s\": 0.1999, \"hid\": 0.2572, \"loss\": 3.0311, \"train_acc_t\": 0.9912, \"train_acc_s\": 0.9293, \"steps\": 410, \"teacher_test_acc\": 0.9878, \"teacher_test_loss\": 0.0827}\n"}
,{"stream_name":"stdout","time":3422.834986486,"data":"  round 3 client p072: {\"ce_t\": 0.2365, \"ce_s\": 0.6602, \"kl_t\": 0.4645, \"kl_s\": 0.4184, \"hid\": 0.7269, \"loss\": 4.3345, \"train_acc_t\": 0.9804, \"train_acc_s\": 0.8232, \"steps\": 175, \"teacher_test_acc\": 0.9857, \"teacher_test_loss\": 0.1168}\n"}
,{"stream_name":"stdout","time":3431.442305869,"data":"  round 3 client p066: {\"ce_t\": 0.164, \"ce_s\": 0.3826, \"kl_t\": 0.2727, \"kl_s\": 0.2541, \"hid\": 0.2586, \"loss\": 2.9797, \"train_acc_t\": 0.9855, \"train_acc_s\": 0.9025, \"steps\": 520, \"teacher_test_acc\": 0.9855, \"teacher_test_loss\": 0.1257}\n"}
,{"stream_name":"stdout","time":3502.455920591,"data":"  round 3 client p075: {\"ce_t\": 0.1595, \"ce_s\": 0.3421, \"kl_t\": 0.2627, \"kl_s\": 0.2554, \"hid\": 0.3081, \"loss\": 3.3475, \"train_acc_t\": 0.9856, \"train_acc_s\": 0.9174, \"steps\": 410, \"teacher_test_acc\": 0.9877, \"teacher_test_loss\": 0.0705}\n"}
,{"stream_name":"stdout","time":3509.277762086,"data":"  round 3 client p081: {\"ce_t\": 0.172, \"ce_s\": 0.4508, \"kl_t\": 0.3139, \"kl_s\": 0.2981, \"hid\": 0.3499, \"loss\": 3.4, \"train_acc_t\": 0.9891, \"train_acc_s\": 0.8851, \"steps\": 415, \"teacher_test_acc\": 0.9879, \"teacher_test_loss\": 0.0931}\n"}
,{"stream_name":"stdout","time":3530.461239054,"data":"ROUND 3/30: global student acc 0.3158 F1 0.2666 | mean teacher acc 0.9798 | 18.4 min\n"}
,{"stream_name":"stdout","time":3601.689007874,"data":"  round 4 client p002: {\"ce_t\": 0.1148, \"ce_s\": 0.253, \"kl_t\": 0.1867, \"kl_s\": 0.168, \"hid\": 0.1804, \"loss\": 2.9235, \"train_acc_t\": 0.9952, \"train_acc_s\": 0.9403, \"steps\": 365, \"teacher_test_acc\": 0.9793, \"teacher_test_loss\": 0.1223}\n"}
,{"stream_name":"stdout","time":3613.246163268,"data":"  round 4 client p012: {\"ce_t\": 0.1661, \"ce_s\": 0.3326, \"kl_t\": 0.2454, \"kl_s\": 0.2277, \"hid\": 0.1932, \"loss\": 2.7173, \"train_acc_t\": 0.9897, \"train_acc_s\": 0.9109, \"steps\": 415, \"teacher_test_acc\": 0.9758, \"teacher_test_loss\": 0.1661}\n"}
,{"stream_name":"stdout","time":3685.571892222,"data":"  round 4 client p014: {\"ce_t\": 0.1307, \"ce_s\": 0.2514, \"kl_t\": 0.1928, \"kl_s\": 0.1658, \"hid\": 0.1514, \"loss\": 2.493, \"train_acc_t\": 0.9909, \"train_acc_s\": 0.9351, \"steps\": 440, \"teacher_test_acc\": 0.983, \"teacher_test_loss\": 0.0948}\n"}
,{"stream_name":"stdout","time":3698.659265637,"data":"  round 4 client p015: {\"ce_t\": 0.1083, \"ce_s\": 0.2081, \"kl_t\": 0.1562, \"kl_s\": 0.1362, \"hid\": 0.1312, \"loss\": 2.3443, \"train_acc_t\": 0.9914, \"train_acc_s\": 0.9537, \"steps\": 440, \"teacher_test_acc\": 0.9829, \"teacher_test_loss\": 0.0836}\n"}
,{"stream_name":"stdout","time":3787.153519269,"data":"  round 4 client p016: {\"ce_t\": 0.0735, \"ce_s\": 0.149, \"kl_t\": 0.112, \"kl_s\": 0.0959, \"hid\": 0.0899, \"loss\": 2.1373, \"train_acc_t\": 0.9963, \"train_acc_s\": 0.9712, \"steps\": 540, \"teacher_test_acc\": 0.875, \"teacher_test_loss\": 0.3718}\n"}
,{"stream_name":"stdout","time":3816.699893335,"data":"  round 4 client p021: {\"ce_t\": 0.1031, \"ce_s\": 0.2075, \"kl_t\": 0.1429, \"kl_s\": 0.1267, \"hid\": 0.1015, \"loss\": 2.0123, \"train_acc_t\": 0.9947, \"train_acc_s\": 0.9523, \"steps\": 620, \"teacher_test_acc\": 0.9919, \"teacher_test_loss\": 0.0607}\n"}
,{"stream_name":"stdout","time":3903.527702525,"data":"  round 4 client p022: {\"ce_t\": 0.0947, \"ce_s\": 0.186, \"kl_t\": 0.1355, \"kl_s\": 0.1165, \"hid\": 0.0971, \"loss\": 2.073, \"train_acc_t\": 0.9968, \"train_acc_s\": 0.9497, \"steps\": 620, \"teacher_test_acc\": 1.0, \"teacher_test_loss\": 0.0424}\n"}
,{"stream_name":"stdout","time":3934.22630528,"data":"  round 4 client p024: {\"ce_t\": 0.0905, \"ce_s\": 0.1662, \"kl_t\": 0.1157, \"kl_s\": 0.1049, \"hid\": 0.0982, \"loss\": 2.1166, \"train_acc_t\": 0.9939, \"train_acc_s\": 0.9633, \"steps\": 615, \"teacher_test_acc\": 0.9878, \"teacher_test_loss\": 0.0415}\n"}
,{"stream_name":"stdout","time":4015.454500071,"data":"  round 4 client p026: {\"ce_t\": 0.1141, \"ce_s\": 0.2226, \"kl_t\": 0.1532, \"kl_s\": 0.1356, \"hid\": 0.1209, \"loss\": 2.2065, \"train_acc_t\": 0.9925, \"train_acc_s\": 0.9448, \"steps\": 600, \"teacher_test_acc\": 0.9667, \"teacher_test_loss\": 0.1695}\n"}
,{"stream_name":"stdout","time":4016.770639479,"data":"  round 4 client p035: {\"ce_t\": 0.1141, \"ce_s\": 0.2385, \"kl_t\": 0.1843, \"kl_s\": 0.1626, \"hid\": 0.1437, \"loss\": 2.4971, \"train_acc_t\": 0.9947, \"train_acc_s\": 0.9419, \"steps\": 425, \"teacher_test_acc\": 0.9824, \"teacher_test_loss\": 0.1118}\n"}
,{"stream_name":"stdout","time":4077.211629096,"data":"  round 4 client p041: {\"ce_t\": 0.1525, \"ce_s\": 0.3149, \"kl_t\": 0.2386, \"kl_s\": 0.2158, \"hid\": 0.21, \"loss\": 2.9251, \"train_acc_t\": 0.9884, \"train_acc_s\": 0.9169, \"steps\": 305, \"teacher_test_acc\": 0.9669, \"teacher_test_loss\": 0.1539}\n"}
,{"stream_name":"stdout","time":4078.917271027,"data":"  round 4 client p039: {\"ce_t\": 0.1631, \"ce_s\": 0.3305, \"kl_t\": 0.2499, \"kl_s\": 0.2274, \"hid\": 0.2299, \"loss\": 2.8895, \"train_acc_t\": 0.9873, \"train_acc_s\": 0.9108, \"steps\": 325, \"teacher_test_acc\": 0.9847, \"teacher_test_loss\": 0.108}\n"}
,{"stream_name":"stdout","time":4135.8062261,"data":"  round 4 client p042: {\"ce_t\": 0.1105, \"ce_s\": 0.2125, \"kl_t\": 0.1835, \"kl_s\": 0.1512, \"hid\": 0.1818, \"loss\": 2.9945, \"train_acc_t\": 0.9941, \"train_acc_s\": 0.9521, \"steps\": 295, \"teacher_test_acc\": 0.9916, \"teacher_test_loss\": 0.0555}\n"}
,{"stream_name":"stdout","time":4148.736917001,"data":"  round 4 client p045: {\"ce_t\": 0.1115, \"ce_s\": 0.2341, \"kl_t\": 0.1654, \"kl_s\": 0.1466, \"hid\": 0.1528, \"loss\": 2.6326, \"train_acc_t\": 0.9927, \"train_acc_s\": 0.942, \"steps\": 365, \"teacher_test_acc\": 0.9793, \"teacher_test_loss\": 0.1319}\n"}
,{"stream_name":"stdout","time":4216.82763634,"data":"  round 4 client p047: {\"ce_t\": 0.1304, \"ce_s\": 0.2659, \"kl_t\": 0.1988, \"kl_s\": 0.1738, \"hid\": 0.1422, \"loss\": 2.4142, \"train_acc_t\": 0.9922, \"train_acc_s\": 0.9284, \"steps\": 420, \"teacher_test_acc\": 0.976, \"teacher_test_loss\": 0.1368}\n"}
,{"stream_name":"stdout","time":4243.982328743,"data":"  round 4 client p049: {\"ce_t\": 0.1046, \"ce_s\": 0.1871, \"kl_t\": 0.1413, \"kl_s\": 0.1214, \"hid\": 0.1135, \"loss\": 2.2148, \"train_acc_t\": 0.9921, \"train_acc_s\": 0.9562, \"steps\": 505, \"teacher_test_acc\": 0.9951, \"teacher_test_loss\": 0.0561}\n"}
,{"stream_name":"stdout","time":4294.364813285,"data":"  round 4 client p050: {\"ce_t\": 0.1599, \"ce_s\": 0.4191, \"kl_t\": 0.2726, \"kl_s\": 0.2503, \"hid\": 0.186, \"loss\": 2.6182, \"train_acc_t\": 0.9848, \"train_acc_s\": 0.8832, \"steps\": 395, \"teacher_test_acc\": 0.9873, \"teacher_test_loss\": 0.0775}\n"}
,{"stream_name":"stdout","time":4331.659128303,"data":"  round 4 client p051: {\"ce_t\": 0.1226, \"ce_s\": 0.2623, \"kl_t\": 0.1828, \"kl_s\": 0.1714, \"hid\": 0.1446, \"loss\": 2.4749, \"train_acc_t\": 0.9916, \"train_acc_s\": 0.9399, \"steps\": 460, \"teacher_test_acc\": 0.9783, \"teacher_test_loss\": 0.1368}\n"}
,{"stream_name":"stdout","time":4367.155554981,"data":"  round 4 client p052: {\"ce_t\": 0.1457, \"ce_s\": 0.302, \"kl_t\": 0.2151, \"kl_s\": 0.1987, \"hid\": 0.189, \"loss\": 2.8594, \"train_acc_t\": 0.9872, \"train_acc_s\": 0.9209, \"steps\": 370, \"teacher_test_acc\": 0.9865, \"teacher_test_loss\": 0.0884}\n"}
,{"stream_name":"stdout","time":4407.562675416,"data":"  round 4 client p056: {\"ce_t\": 0.1326, \"ce_s\": 0.2804, \"kl_t\": 0.2053, \"kl_s\": 0.1897, \"hid\": 0.1685, \"loss\": 2.4786, \"train_acc_t\": 0.9899, \"train_acc_s\": 0.9206, \"steps\": 400, \"teacher_test_acc\": 1.0, \"teacher_test_loss\": 0.0576}\n"}
,{"stream_name":"stdout","time":4446.201667418,"data":"  round 4 client p061: {\"ce_t\": 0.154, \"ce_s\": 0.3229, \"kl_t\": 0.2384, \"kl_s\": 0.2171, \"hid\": 0.1979, \"loss\": 2.6561, \"train_acc_t\": 0.9901, \"train_acc_s\": 0.9125, \"steps\": 405, \"teacher_test_acc\": 0.963, \"teacher_test_loss\": 0.1369}\n"}
,{"stream_name":"stdout","time":4486.303252539,"data":"  round 4 client p064: {\"ce_t\": 0.1348, \"ce_s\": 0.2824, \"kl_t\": 0.204, \"kl_s\": 0.1809, \"hid\": 0.1605, \"loss\": 2.5422, \"train_acc_t\": 0.9924, \"train_acc_s\": 0.9253, \"steps\": 410, \"teacher_test_acc\": 0.9939, \"teacher_test_loss\": 0.1072}\n"}
,{"stream_name":"stdout","time":4521.574033777,"data":"  round 4 client p072: {\"ce_t\": 0.2319, \"ce_s\": 0.5328, \"kl_t\": 0.3796, \"kl_s\": 0.3291, \"hid\": 0.4432, \"loss\": 3.591, \"train_acc_t\": 0.9688, \"train_acc_s\": 0.8384, \"steps\": 175, \"teacher_test_acc\": 0.9571, \"teacher_test_loss\": 0.1933}\n"}
,{"stream_name":"stdout","time":4546.74798853,"data":"  round 4 client p066: {\"ce_t\": 0.139, \"ce_s\": 0.2741, \"kl_t\": 0.1803, \"kl_s\": 0.1706, \"hid\": 0.1414, \"loss\": 2.2933, \"train_acc_t\": 0.9879, \"train_acc_s\": 0.9301, \"steps\": 520, \"teacher_test_acc\": 0.9807, \"teacher_test_loss\": 0.1028}\n"}
,{"stream_name":"stdout","time":4599.932716537,"data":"  round 4 client p075: {\"ce_t\": 0.1314, \"ce_s\": 0.3224, \"kl_t\": 0.214, \"kl_s\": 0.1966, \"hid\": 0.1884, \"loss\": 2.708, \"train_acc_t\": 0.9917, \"train_acc_s\": 0.9149, \"steps\": 410, \"teacher_test_acc\": 0.9939, \"teacher_test_loss\": 0.102}\n"}
,{"stream_name":"stdout","time":4626.060902306,"data":"  round 4 client p081: {\"ce_t\": 0.1254, \"ce_s\": 0.2897, \"kl_t\": 0.212, \"kl_s\": 0.1912, \"hid\": 0.1896, \"loss\": 2.8456, \"train_acc_t\": 0.9954, \"train_acc_s\": 0.9261, \"steps\": 415, \"teacher_test_acc\": 0.9697, \"teacher_test_loss\": 0.0925}\n"}
,{"stream_name":"stdout","time":4646.88049801,"data":"ROUND 4/30: global student acc 0.4651 F1 0.4167 | mean teacher acc 0.9780 | 18.6 min\n"}
,{"stream_name":"stdout","time":4717.549159043,"data":"  round 5 client p002: {\"ce_t\": 0.097, \"ce_s\": 0.1838, \"kl_t\": 0.1426, \"kl_s\": 0.1238, \"hid\": 0.1131, \"loss\": 2.3791, \"train_acc_t\": 0.9959, \"train_acc_s\": 0.9566, \"steps\": 365, \"teacher_test_acc\": 0.9793, \"teacher_test_loss\": 0.1518}\n"}
,{"stream_name":"stdout","time":4730.070972702,"data":"  round 5 client p012: {\"ce_t\": 0.1527, \"ce_s\": 0.3207, \"kl_t\": 0.2296, \"kl_s\": 0.2115, \"hid\": 0.1459, \"loss\": 2.3433, \"train_acc_t\": 0.9872, \"train_acc_s\": 0.9146, \"steps\": 415, \"teacher_test_acc\": 0.9697, \"teacher_test_loss\": 0.2003}\n"}
,{"stream_name":"stdout","time":4801.639843164,"data":"  round 5 client p014: {\"ce_t\": 0.1077, \"ce_s\": 0.1951, \"kl_t\": 0.1373, \"kl_s\": 0.125, \"hid\": 0.1006, \"loss\": 2.1306, \"train_acc_t\": 0.9949, \"train_acc_s\": 0.9554, \"steps\": 440, \"teacher_test_acc\": 0.9716, \"teacher_test_loss\": 0.1172}\n"}
,{"stream_name":"stdout","time":4815.306794429,"data":"  round 5 client p015: {\"ce_t\": 0.0828, \"ce_s\": 0.1437, \"kl_t\": 0.1003, \"kl_s\": 0.0864, \"hid\": 0.0754, \"loss\": 1.8627, \"train_acc_t\": 0.9954, \"train_acc_s\": 0.97, \"steps\": 440, \"teacher_test_acc\": 0.9771, \"teacher_test_loss\": 0.0776}\n"}
,{"stream_name":"stdout","time":4903.066064115,"data":"  round 5 client p016: {\"ce_t\": 0.0747, \"ce_s\": 0.0987, \"kl_t\": 0.0788, \"kl_s\": 0.0708, \"hid\": 0.0613, \"loss\": 1.8232, \"train_acc_t\": 0.9937, \"train_acc_s\": 0.9842, \"steps\": 540, \"teacher_test_acc\": 0.9907, \"teacher_test_loss\": 0.1378}\n"}
,{"stream_name":"stdout","time":4933.75307493,"data":"  round 5 client p021: {\"ce_t\": 0.09, \"ce_s\": 0.156, \"kl_t\": 0.1163, \"kl_s\": 0.1019, \"hid\": 0.0674, \"loss\": 1.7293, \"train_acc_t\": 0.9947, \"train_acc_s\": 0.968, \"steps\": 620, \"teacher_test_acc\": 0.9839, \"teacher_test_loss\": 0.0966}\n"}
,{"stream_name":"stdout","time":5018.616735035,"data":"  round 5 client p022: {\"ce_t\": 0.0798, \"ce_s\": 0.1317, \"kl_t\": 0.0992, \"kl_s\": 0.0841, \"hid\": 0.0596, \"loss\": 1.6978, \"train_acc_t\": 0.997, \"train_acc_s\": 0.9694, \"steps\": 620, \"teacher_test_acc\": 1.0, \"teacher_test_loss\": 0.0266}\n"}
,{"stream_name":"stdout","time":5051.069359524,"data":"  round 5 client p024: {\"ce_t\": 0.0653, \"ce_s\": 0.1067, \"kl_t\": 0.0838, \"kl_s\": 0.0689, \"hid\": 0.0557, \"loss\": 1.6899, \"train_acc_t\": 0.9969, \"train_acc_s\": 0.979, \"steps\": 615, \"teacher_test_acc\": 1.0, \"teacher_test_loss\": 0.0348}\n"}
,{"stream_name":"stdout","time":5130.369021389,"data":"  round 5 client p026: {\"ce_t\": 0.1011, \"ce_s\": 0.1759, \"kl_t\": 0.1192, \"kl_s\": 0.1055, \"hid\": 0.0772, \"loss\": 1.8185, \"train_acc_t\": 0.9954, \"train_acc_s\": 0.9567, \"steps\": 600, \"teacher_test_acc\": 0.9542, \"teacher_test_loss\": 0.1995}\n"}
,{"stream_name":"stdout","time":5133.486218284,"data":"  round 5 client p035: {\"ce_t\": 0.0887, \"ce_s\": 0.1523, \"kl_t\": 0.1161, \"kl_s\": 0.1012, \"hid\": 0.0858, \"loss\": 1.9988, \"train_acc_t\": 0.995, \"train_acc_s\": 0.9619, \"steps\": 425, \"teacher_test_acc\": 0.9941, \"teacher_test_loss\": 0.0401}\n"}
,{"stream_name":"stdout","time":5192.705349361,"data":"  round 5 client p039: {\"ce_t\": 0.1235, \"ce_s\": 0.2301, \"kl_t\": 0.1685, \"kl_s\": 0.1509, \"hid\": 0.1434, \"loss\": 2.4599, \"train_acc_t\": 0.9888, \"train_acc_s\": 0.9423, \"steps\": 325, \"teacher_test_acc\": 0.9924, \"teacher_test_loss\": 0.0769}\n"}
,{"stream_name":"stdout","time":5193.064997584,"data":"  round 5 client p041: {\"ce_t\": 0.1174, \"ce_s\": 0.2214, \"kl_t\": 0.1603, \"kl_s\": 0.1426, \"hid\": 0.1256, \"loss\": 2.3771, \"train_acc_t\": 0.9926, \"train_acc_s\": 0.9409, \"steps\": 305, \"teacher_test_acc\": 0.9504, \"teacher_test_loss\": 0.169}\n"}
,{"stream_name":"stdout","time":5249.474978868,"data":"  round 5 client p042: {\"ce_t\": 0.091, \"ce_s\": 0.1583, \"kl_t\": 0.1282, \"kl_s\": 0.1047, \"hid\": 0.1119, \"loss\": 2.3034, \"train_acc_t\": 0.9958, \"train_acc_s\": 0.9636, \"steps\": 295, \"teacher_test_acc\": 1.0, \"teacher_test_loss\": 0.0427}\n"}
,{"stream_name":"stdout","time":5264.98674813,"data":"  round 5 client p045: {\"ce_t\": 0.0933, \"ce_s\": 0.1668, \"kl_t\": 0.1168, \"kl_s\": 0.1085, \"hid\": 0.0989, \"loss\": 2.1528, \"train_acc_t\": 0.9914, \"train_acc_s\": 0.9651, \"steps\": 365, \"teacher_test_acc\": 0.9724, \"teacher_test_loss\": 0.1172}\n"}
,{"stream_name":"stdout","time":5329.34589923,"data":"  round 5 client p047: {\"ce_t\": 0.1271, \"ce_s\": 0.2169, \"kl_t\": 0.1544, \"kl_s\": 0.1445, \"hid\": 0.1005, \"loss\": 2.0188, \"train_acc_t\": 0.9889, \"train_acc_s\": 0.9452, \"steps\": 420, \"teacher_test_acc\": 0.982, \"teacher_test_loss\": 0.1584}\n"}
,{"stream_name":"stdout","time":5362.656345933,"data":"  round 5 client p049: {\"ce_t\": 0.083, \"ce_s\": 0.1456, \"kl_t\": 0.1082, \"kl_s\": 0.0951, \"hid\": 0.0703, \"loss\": 1.8201, \"train_acc_t\": 0.9955, \"train_acc_s\": 0.9696, \"steps\": 505, \"teacher_test_acc\": 1.0, \"teacher_test_loss\": 0.0313}\n"}
,{"stream_name":"stdout","time":5406.157044603,"data":"  round 5 client p050: {\"ce_t\": 0.1372, \"ce_s\": 0.2996, \"kl_t\": 0.2141, \"kl_s\": 0.1905, \"hid\": 0.1216, \"loss\": 2.2152, \"train_acc_t\": 0.9845, \"train_acc_s\": 0.9269, \"steps\": 395, \"teacher_test_acc\": 0.9873, \"teacher_test_loss\": 0.0933}\n"}
,{"stream_name":"stdout","time":5452.747668237,"data":"  round 5 client p051: {\"ce_t\": 0.1075, \"ce_s\": 0.2242, \"kl_t\": 0.165, \"kl_s\": 0.1449, \"hid\": 0.1001, \"loss\": 2.1599, \"train_acc_t\": 0.9929, \"train_acc_s\": 0.9457, \"steps\": 460, \"teacher_test_acc\": 0.9511, \"teacher_test_loss\": 0.1606}\n"}
,{"stream_name":"stdout","time":5477.957176188,"data":"  round 5 client p052: {\"ce_t\": 0.1152, \"ce_s\": 0.193, \"kl_t\": 0.1557, \"kl_s\": 0.1371, \"hid\": 0.1185, \"loss\": 2.3659, \"train_acc_t\": 0.9885, \"train_acc_s\": 0.9537, \"steps\": 370, \"teacher_test_acc\": 0.9797, \"teacher_test_loss\": 0.1387}\n"}
,{"stream_name":"stdout","time":5531.269850995,"data":"  round 5 client p056: {\"ce_t\": 0.109, \"ce_s\": 0.2281, \"kl_t\": 0.1671, \"kl_s\": 0.1418, \"hid\": 0.099, \"loss\": 1.9667, \"train_acc_t\": 0.9943, \"train_acc_s\": 0.9386, \"steps\": 400, \"teacher_test_acc\": 0.9937, \"teacher_test_loss\": 0.0701}\n"}
,{"stream_name":"stdout","time":5556.037347508,"data":"  round 5 client p061: {\"ce_t\": 0.1137, \"ce_s\": 0.21, \"kl_t\": 0.1554, \"kl_s\": 0.1408, \"hid\": 0.115, \"loss\": 2.2178, \"train_acc_t\": 0.9957, \"train_acc_s\": 0.9481, \"steps\": 405, \"teacher_test_acc\": 0.9815, \"teacher_test_loss\": 0.0809}\n"}
,{"stream_name":"stdout","time":5612.249884009,"data":"  round 5 client p064: {\"ce_t\": 0.107, \"ce_s\": 0.1963, \"kl_t\": 0.1544, \"kl_s\": 0.1313, \"hid\": 0.0999, \"loss\": 2.0573, \"train_acc_t\": 0.9921, \"train_acc_s\": 0.9488, \"steps\": 410, \"teacher_test_acc\": 1.0, \"teacher_test_loss\": 0.0473}\n"}
,{"stream_name":"stdout","time":5648.593019618,"data":"  round 5 client p072: {\"ce_t\": 0.1766, \"ce_s\": 0.3503, \"kl_t\": 0.2757, \"kl_s\": 0.2263, \"hid\": 0.2918, \"loss\": 3.2945, \"train_acc_t\": 0.9783, \"train_acc_s\": 0.887, \"steps\": 175, \"teacher_test_acc\": 0.9429, \"teacher_test_loss\": 0.1612}\n"}
,{"stream_name":"stdout","time":5655.64136489,"data":"  round 5 client p066: {\"ce_t\": 0.1157, \"ce_s\": 0.2193, \"kl_t\": 0.1538, \"kl_s\": 0.1377, \"hid\": 0.0918, \"loss\": 1.9484, \"train_acc_t\": 0.9918, \"train_acc_s\": 0.9466, \"steps\": 520, \"teacher_test_acc\": 0.9614, \"teacher_test_loss\": 0.1643}\n"}
,{"stream_name":"stdout","time":5728.775510979,"data":"  round 5 client p075: {\"ce_t\": 0.0948, \"ce_s\": 0.1952, \"kl_t\": 0.142, \"kl_s\": 0.1199, \"hid\": 0.1059, \"loss\": 2.2079, \"train_acc_t\": 0.9957, \"train_acc_s\": 0.9558, \"steps\": 410, \"teacher_test_acc\": 0.9939, \"teacher_test_loss\": 0.0541}\n"}
,{"stream_name":"stdout","time":5734.053157865,"data":"  round 5 client p081: {\"ce_t\": 0.1031, \"ce_s\": 0.2246, \"kl_t\": 0.176, \"kl_s\": 0.1528, \"hid\": 0.1159, \"loss\": 2.3348, \"train_acc_t\": 0.9939, \"train_acc_s\": 0.9444, \"steps\": 415, \"teacher_test_acc\": 0.9879, \"teacher_test_loss\": 0.0661}\n"}
,{"stream_name":"stdout","time":5757.748336083,"data":"ROUND 5/30: global student acc 0.5198 F1 0.4784 | mean teacher acc 0.9807 | 18.5 min\n"}
,{"stream_name":"stdout","time":5829.069811686,"data":"  round 6 client p002: {\"ce_t\": 0.0988, \"ce_s\": 0.153, \"kl_t\": 0.1283, \"kl_s\": 0.1173, \"hid\": 0.0865, \"loss\": 2.076, \"train_acc_t\": 0.9938, \"train_acc_s\": 0.9669, \"steps\": 365, \"teacher_test_acc\": 0.9793, \"teacher_test_loss\": 0.0921}\n"}
,{"stream_name":"stdout","time":5840.658680002,"data":"  round 6 client p012: {\"ce_t\": 0.1265, \"ce_s\": 0.2448, \"kl_t\": 0.1885, \"kl_s\": 0.1637, \"hid\": 0.1002, \"loss\": 2.0295, \"train_acc_t\": 0.9903, \"train_acc_s\": 0.9401, \"steps\": 415, \"teacher_test_acc\": 0.9576, \"teacher_test_loss\": 0.233}\n"}
,{"stream_name":"stdout","time":5913.057110626,"data":"  round 6 client p014: {\"ce_t\": 0.1033, \"ce_s\": 0.1777, \"kl_t\": 0.1262, \"kl_s\": 0.108, \"hid\": 0.0721, \"loss\": 1.7757, \"train_acc_t\": 0.9931, \"train_acc_s\": 0.9597, \"steps\": 440, \"teacher_test_acc\": 0.9773, \"teacher_test_loss\": 0.1306}\n"}
,{"stream_name":"stdout","time":5926.324336335,"data":"  round 6 client p015: {\"ce_t\": 0.0774, \"ce_s\": 0.1351, \"kl_t\": 0.0918, \"kl_s\": 0.0802, \"hid\": 0.0563, \"loss\": 1.6128, \"train_acc_t\": 0.9934, \"train_acc_s\": 0.9711, \"steps\": 440, \"teacher_test_acc\": 0.9714, \"teacher_test_loss\": 0.1029}\n"}
,{"stream_name":"stdout","time":6015.318227907,"data":"  round 6 client p016: {\"ce_t\": 0.0562, \"ce_s\": 0.0751, \"kl_t\": 0.0539, \"kl_s\": 0.0485, \"hid\": 0.0438, \"loss\": 1.5864, \"train_acc_t\": 0.9977, \"train_acc_s\": 0.9886, \"steps\": 540, \"teacher_test_acc\": 0.9861, \"teacher_test_loss\": 0.0912}\n"}
,{"stream_name":"stdout","time":6045.203909286,"data":"  round 6 client p021: {\"ce_t\": 0.0707, \"ce_s\": 0.1272, \"kl_t\": 0.0869, \"kl_s\": 0.08, \"hid\": 0.0485, \"loss\": 1.5298, \"train_acc_t\": 0.997, \"train_acc_s\": 0.9751, \"steps\": 620, \"teacher_test_acc\": 0.9919, \"teacher_test_loss\": 0.0513}\n"}
,{"stream_name":"stdout","time":6131.666869559,"data":"  round 6 client p022: {\"ce_t\": 0.0637, \"ce_s\": 0.1122, \"kl_t\": 0.0807, \"kl_s\": 0.069, \"hid\": 0.0454, \"loss\": 1.5551, \"train_acc_t\": 0.9982, \"train_acc_s\": 0.9755, \"steps\": 620, \"teacher_test_acc\": 0.9919, \"teacher_test_loss\": 0.0598}\n"}
,{"stream_name":"stdout","time":6162.893604418,"data":"  round 6 client p024: {\"ce_t\": 0.0584, \"ce_s\": 0.089, \"kl_t\": 0.0739, \"kl_s\": 0.0644, \"hid\": 0.0423, \"loss\": 1.5307, \"train_acc_t\": 0.9973, \"train_acc_s\": 0.9835, \"steps\": 615, \"teacher_test_acc\": 1.0, \"teacher_test_loss\": 0.0228}\n"}
,{"stream_name":"stdout","time":6244.243313877,"data":"  round 6 client p026: {\"ce_t\": 0.0857, \"ce_s\": 0.135, \"kl_t\": 0.0918, \"kl_s\": 0.086, \"hid\": 0.0582, \"loss\": 1.6579, \"train_acc_t\": 0.996, \"train_acc_s\": 0.9686, \"steps\": 600, \"teacher_test_acc\": 0.9875, \"teacher_test_loss\": 0.0972}\n"}
,{"stream_name":"stdout","time":6246.124823669,"data":"  round 6 client p035: {\"ce_t\": 0.0729, \"ce_s\": 0.1321, \"kl_t\": 0.1102, \"kl_s\": 0.0917, \"hid\": 0.0601, \"loss\": 1.7781, \"train_acc_t\": 0.9962, \"train_acc_s\": 0.9726, \"steps\": 425, \"teacher_test_acc\": 0.9882, \"teacher_test_loss\": 0.131}\n"}
,{"stream_name":"stdout","time":6306.949312832,"data":"  round 6 client p041: {\"ce_t\": 0.1014, \"ce_s\": 0.1893, \"kl_t\": 0.1262, \"kl_s\": 0.1165, \"hid\": 0.0946, \"loss\": 2.0689, \"train_acc_t\": 0.9963, \"train_acc_s\": 0.9525, \"steps\": 305, \"teacher_test_acc\": 0.9669, \"teacher_test_loss\": 0.1559}\n"}
,{"stream_name":"stdout","time":6308.742799573,"data":"  round 6 client p039: {\"ce_t\": 0.1167, \"ce_s\": 0.1965, \"kl_t\": 0.1451, \"kl_s\": 0.1332, \"hid\": 0.109, \"loss\": 2.1639, \"train_acc_t\": 0.9927, \"train_acc_s\": 0.9542, \"steps\": 325, \"teacher_test_acc\": 1.0, \"teacher_test_loss\": 0.0768}\n"}
,{"stream_name":"stdout","time":6366.151159321,"data":"  round 6 client p042: {\"ce_t\": 0.0889, \"ce_s\": 0.1488, \"kl_t\": 0.1158, \"kl_s\": 0.0995, \"hid\": 0.0893, \"loss\": 2.0223, \"train_acc_t\": 0.9945, \"train_acc_s\": 0.9729, \"steps\": 295, \"teacher_test_acc\": 0.9916, \"teacher_test_loss\": 0.0598}\n"}
,{"stream_name":"stdout","time":6379.842696634,"data":"  round 6 client p045: {\"ce_t\": 0.0767, \"ce_s\": 0.1308, \"kl_t\": 0.1025, \"kl_s\": 0.0851, \"hid\": 0.0652, \"loss\": 1.8225, \"train_acc_t\": 0.9924, \"train_acc_s\": 0.9713, \"steps\": 365, \"teacher_test_acc\": 0.9586, \"teacher_test_loss\": 0.1456}\n"}
,{"stream_name":"stdout","time":6448.213719193,"data":"  round 6 client p047: {\"ce_t\": 0.1062, \"ce_s\": 0.1816, \"kl_t\": 0.1374, \"kl_s\": 0.1238, \"hid\": 0.0732, \"loss\": 1.8324, \"train_acc_t\": 0.9901, \"train_acc_s\": 0.9569, \"steps\": 420, \"teacher_test_acc\": 0.976, \"teacher_test_loss\": 0.1514}\n"}
,{"stream_name":"stdout","time":6476.877880436,"data":"  round 6 client p049: {\"ce_t\": 0.0649, \"ce_s\": 0.0998, \"kl_t\": 0.0785, \"kl_s\": 0.0664, \"hid\": 0.0474, \"loss\": 1.5923, \"train_acc_t\": 0.9985, \"train_acc_s\": 0.9829, \"steps\": 505, \"teacher_test_acc\": 1.0, \"teacher_test_loss\": 0.0505}\n"}
,{"stream_name":"stdout","time":6526.415793477,"data":"  round 6 client p050: {\"ce_t\": 0.1204, \"ce_s\": 0.2775, \"kl_t\": 0.1899, \"kl_s\": 0.1713, \"hid\": 0.0931, \"loss\": 1.9523, \"train_acc_t\": 0.988, \"train_acc_s\": 0.9316, \"steps\": 395, \"teacher_test_acc\": 0.9937, \"teacher_test_loss\": 0.0762}\n"}
,{"stream_name":"stdout","time":6565.051499643,"data":"  round 6 client p051: {\"ce_t\": 0.0834, \"ce_s\": 0.1515, \"kl_t\": 0.1087, \"kl_s\": 0.0933, \"hid\": 0.0625, \"loss\": 1.7391, \"train_acc_t\": 0.9943, \"train_acc_s\": 0.9693, \"steps\": 460, \"teacher_test_acc\": 0.9674, \"teacher_test_loss\": 0.1562}\n"}
,{"stream_name":"stdout","time":6599.781095124,"data":"  round 6 client p052: {\"ce_t\": 0.0917, \"ce_s\": 0.1712, \"kl_t\": 0.1261, \"kl_s\": 0.1112, \"hid\": 0.0809, \"loss\": 1.9706, \"train_acc_t\": 0.9943, \"train_acc_s\": 0.9615, \"steps\": 370, \"teacher_test_acc\": 0.9595, \"teacher_test_loss\": 0.1346}\n"}
,{"stream_name":"stdout","time":6642.438909234,"data":"  round 6 client p056: {\"ce_t\": 0.0844, \"ce_s\": 0.1741, \"kl_t\": 0.121, \"kl_s\": 0.109, \"hid\": 0.0656, \"loss\": 1.6814, \"train_acc_t\": 0.9969, \"train_acc_s\": 0.9594, \"steps\": 400, \"teacher_test_acc\": 0.9937, \"teacher_test_loss\": 0.0533}\n"}
,{"stream_name":"stdout","time":6679.846624139,"data":"  round 6 client p061: {\"ce_t\": 0.1048, \"ce_s\": 0.2018, \"kl_t\": 0.146, \"kl_s\": 0.1295, \"hid\": 0.0916, \"loss\": 1.8807, \"train_acc_t\": 0.9944, \"train_acc_s\": 0.9484, \"steps\": 405, \"teacher_test_acc\": 0.9815, \"teacher_test_loss\": 0.101}\n"}
,{"stream_name":"stdout","time":6722.161948807,"data":"  round 6 client p064: {\"ce_t\": 0.0939, \"ce_s\": 0.174, \"kl_t\": 0.1281, \"kl_s\": 0.1131, \"hid\": 0.0757, \"loss\": 1.8566, \"train_acc_t\": 0.9954, \"train_acc_s\": 0.9576, \"steps\": 410, \"teacher_test_acc\": 0.9817, \"teacher_test_loss\": 0.0972}\n"}
,{"stream_name":"stdout","time":6757.942893952,"data":"  round 6 client p072: {\"ce_t\": 0.1579, \"ce_s\": 0.3202, \"kl_t\": 0.2788, \"kl_s\": 0.2232, \"hid\": 0.2175, \"loss\": 2.8547, \"train_acc_t\": 0.987, \"train_acc_s\": 0.9087, \"steps\": 175, \"teacher_test_acc\": 0.9714, \"teacher_test_loss\": 0.1236}\n"}
,{"stream_name":"stdout","time":6781.013867474,"data":"  round 6 client p066: {\"ce_t\": 0.0966, \"ce_s\": 0.1588, \"kl_t\": 0.1057, \"kl_s\": 0.0922, \"hid\": 0.0645, \"loss\": 1.6667, \"train_acc_t\": 0.993, \"train_acc_s\": 0.962, \"steps\": 520, \"teacher_test_acc\": 0.9807, \"teacher_test_loss\": 0.1115}\n"}
,{"stream_name":"stdout","time":6837.316956323,"data":"  round 6 client p075: {\"ce_t\": 0.0936, \"ce_s\": 0.1917, \"kl_t\": 0.154, \"kl_s\": 0.1301, \"hid\": 0.0775, \"loss\": 1.8636, \"train_acc_t\": 0.9932, \"train_acc_s\": 0.9582, \"steps\": 410, \"teacher_test_acc\": 0.9877, \"teacher_test_loss\": 0.1097}\n"}
,{"stream_name":"stdout","time":6861.179836335,"data":"  round 6 client p081: {\"ce_t\": 0.0863, \"ce_s\": 0.1778, \"kl_t\": 0.1485, \"kl_s\": 0.1231, \"hid\": 0.0789, \"loss\": 1.9258, \"train_acc_t\": 0.996, \"train_acc_s\": 0.9623, \"steps\": 415, \"teacher_test_acc\": 1.0, \"teacher_test_loss\": 0.0841}\n"}
,{"stream_name":"stdout","time":6888.983048658,"data":"ROUND 6/30: global student acc 0.5750 F1 0.5392 | mean teacher acc 0.9824 | 18.9 min\n"}
,{"stream_name":"stdout","time":6961.328302537,"data":"  round 7 client p002: {\"ce_t\": 0.0674, \"ce_s\": 0.1141, \"kl_t\": 0.0896, \"kl_s\": 0.0737, \"hid\": 0.0604, \"loss\": 1.8068, \"train_acc_t\": 0.9976, \"train_acc_s\": 0.9776, \"steps\": 365, \"teacher_test_acc\": 0.9793, \"teacher_test_loss\": 0.0951}\n"}
,{"stream_name":"stdout","time":6972.852253666,"data":"  round 7 client p012: {\"ce_t\": 0.1107, \"ce_s\": 0.2234, \"kl_t\": 0.1603, \"kl_s\": 0.1415, \"hid\": 0.0736, \"loss\": 1.7854, \"train_acc_t\": 0.993, \"train_acc_s\": 0.9465, \"steps\": 415, \"teacher_test_acc\": 0.9515, \"teacher_test_loss\": 0.2532}\n"}
,{"stream_name":"stdout","time":7045.930685421,"data":"  round 7 client p014: {\"ce_t\": 0.0886, \"ce_s\": 0.1394, \"kl_t\": 0.0975, \"kl_s\": 0.0881, \"hid\": 0.0579, \"loss\": 1.6639, \"train_acc_t\": 0.9937, \"train_acc_s\": 0.9723, \"steps\": 440, \"teacher_test_acc\": 0.9943, \"teacher_test_loss\": 0.0856}\n"}
,{"stream_name":"stdout","time":7058.817312107,"data":"  round 7 client p015: {\"ce_t\": 0.0691, \"ce_s\": 0.1119, \"kl_t\": 0.093, \"kl_s\": 0.0758, \"hid\": 0.0464, \"loss\": 1.5139, \"train_acc_t\": 0.9949, \"train_acc_s\": 0.9789, \"steps\": 440, \"teacher_test_acc\": 0.9714, \"teacher_test_loss\": 0.0883}\n"}
,{"stream_name":"stdout","time":7148.383887345,"data":"  round 7 client p016: {\"ce_t\": 0.0551, \"ce_s\": 0.068, \"kl_t\": 0.0539, \"kl_s\": 0.05, \"hid\": 0.0344, \"loss\": 1.4209, \"train_acc_t\": 0.9958, \"train_acc_s\": 0.9898, \"steps\": 540, \"teacher_test_acc\": 0.9954, \"teacher_test_loss\": 0.0676}\n"}
,{"stream_name":"stdout","time":7177.888422809,"data":"  round 7 client p021: {\"ce_t\": 0.0649, \"ce_s\": 0.1078, \"kl_t\": 0.0729, \"kl_s\": 0.0622, \"hid\": 0.0377, \"loss\": 1.3778, \"train_acc_t\": 0.997, \"train_acc_s\": 0.979, \"steps\": 620, \"teacher_test_acc\": 0.9839, \"teacher_test_loss\": 0.0657}\n"}
,{"stream_name":"stdout","time":7265.290066829,"data":"  round 7 client p022: {\"ce_t\": 0.0706, \"ce_s\": 0.0924, \"kl_t\": 0.0651, \"kl_s\": 0.0586, \"hid\": 0.0375, \"loss\": 1.3952, \"train_acc_t\": 0.9886, \"train_acc_s\": 0.9813, \"steps\": 620, \"teacher_test_acc\": 0.9838, \"teacher_test_loss\": 0.07}\n"}
,{"stream_name":"stdout","time":7295.600855812,"data":"  round 7 client p024: {\"ce_t\": 0.0454, \"ce_s\": 0.0639, \"kl_t\": 0.0492, \"kl_s\": 0.0405, \"hid\": 0.0321, \"loss\": 1.3664, \"train_acc_t\": 0.998, \"train_acc_s\": 0.9898, \"steps\": 615, \"teacher_test_acc\": 0.9919, \"teacher_test_loss\": 0.0575}\n"}
,{"stream_name":"stdout","time":7378.11153193,"data":"  round 7 client p035: {\"ce_t\": 0.0627, \"ce_s\": 0.0926, \"kl_t\": 0.0738, \"kl_s\": 0.066, \"hid\": 0.0447, \"loss\": 1.5402, \"train_acc_t\": 0.9973, \"train_acc_s\": 0.9826, \"steps\": 425, \"teacher_test_acc\": 0.9882, \"teacher_test_loss\": 0.0641}\n"}
,{"stream_name":"stdout","time":7378.557664477,"data":"  round 7 client p026: {\"ce_t\": 0.0746, \"ce_s\": 0.1229, \"kl_t\": 0.0916, \"kl_s\": 0.0802, \"hid\": 0.0481, \"loss\": 1.4902, \"train_acc_t\": 0.9973, \"train_acc_s\": 0.9747, \"steps\": 600, \"teacher_test_acc\": 0.9708, \"teacher_test_loss\": 0.1241}\n"}
,{"stream_name":"stdout","time":7437.64203021,"data":"  round 7 client p041: {\"ce_t\": 0.1023, \"ce_s\": 0.1998, \"kl_t\": 0.1462, \"kl_s\": 0.13, \"hid\": 0.081, \"loss\": 1.9327, \"train_acc_t\": 0.995, \"train_acc_s\": 0.95, \"steps\": 305, \"teacher_test_acc\": 0.9504, \"teacher_test_loss\": 0.1687}\n"}
,{"stream_name":"stdout","time":7443.097748846,"data":"  round 7 client p039: {\"ce_t\": 0.1006, \"ce_s\": 0.1889, \"kl_t\": 0.1313, \"kl_s\": 0.1184, \"hid\": 0.0826, \"loss\": 1.842, \"train_acc_t\": 0.9931, \"train_acc_s\": 0.9519, \"steps\": 325, \"teacher_test_acc\": 0.9771, \"teacher_test_loss\": 0.0897}\n"}
,{"stream_name":"stdout","time":7495.170110371,"data":"  round 7 client p042: {\"ce_t\": 0.0889, \"ce_s\": 0.1333, \"kl_t\": 0.0981, \"kl_s\": 0.0874, \"hid\": 0.071, \"loss\": 1.8044, \"train_acc_t\": 0.9924, \"train_acc_s\": 0.9767, \"steps\": 295, \"teacher_test_acc\": 0.9916, \"teacher_test_loss\": 0.0674}\n"}
,{"stream_name":"stdout","time":7514.753256784,"data":"  round 7 client p045: {\"ce_t\": 0.0657, \"ce_s\": 0.0993, \"kl_t\": 0.0736, \"kl_s\": 0.0614, \"hid\": 0.0482, \"loss\": 1.5944, \"train_acc_t\": 0.9948, \"train_acc_s\": 0.9789, \"steps\": 365, \"teacher_test_acc\": 0.9655, \"teacher_test_loss\": 0.1293}\n"}
,{"stream_name":"stdout","time":7576.447095329,"data":"  round 7 client p047: {\"ce_t\": 0.0856, \"ce_s\": 0.1574, \"kl_t\": 0.1162, \"kl_s\": 0.1015, \"hid\": 0.0522, \"loss\": 1.5401, \"train_acc_t\": 0.9937, \"train_acc_s\": 0.9662, \"steps\": 420, \"teacher_test_acc\": 0.9701, \"teacher_test_loss\": 0.1692}\n"}
,{"stream_name":"stdout","time":7612.935820868,"data":"  round 7 client p049: {\"ce_t\": 0.0605, \"ce_s\": 0.0876, \"kl_t\": 0.0623, \"kl_s\": 0.0589, \"hid\": 0.0391, \"loss\": 1.4541, \"train_acc_t\": 0.998, \"train_acc_s\": 0.9866, \"steps\": 505, \"teacher_test_acc\": 1.0, \"teacher_test_loss\": 0.0346}\n"}
,{"stream_name":"stdout","time":7652.889101822,"data":"  round 7 client p050: {\"ce_t\": 0.12, \"ce_s\": 0.2318, \"kl_t\": 0.1621, \"kl_s\": 0.1477, \"hid\": 0.0758, \"loss\": 1.7991, \"train_acc_t\": 0.9864, \"train_acc_s\": 0.944, \"steps\": 395, \"teacher_test_acc\": 0.981, \"teacher_test_loss\": 0.0856}\n"}
,{"stream_name":"stdout","time":7702.597492168,"data":"  round 7 client p051: {\"ce_t\": 0.0831, \"ce_s\": 0.1345, \"kl_t\": 0.1019, \"kl_s\": 0.0892, \"hid\": 0.0515, \"loss\": 1.5813, \"train_acc_t\": 0.9924, \"train_acc_s\": 0.9717, \"steps\": 460, \"teacher_test_acc\": 0.9511, \"teacher_test_loss\": 0.1719}\n"}
,{"stream_name":"stdout","time":7725.367129606,"data":"  round 7 client p052: {\"ce_t\": 0.0684, \"ce_s\": 0.1125, \"kl_t\": 0.0838, \"kl_s\": 0.075, \"hid\": 0.0532, \"loss\": 1.6789, \"train_acc_t\": 0.9956, \"train_acc_s\": 0.9774, \"steps\": 370, \"teacher_test_acc\": 0.9662, \"teacher_test_loss\": 0.1097}\n"}
,{"stream_name":"stdout","time":7781.480897751,"data":"  round 7 client p056: {\"ce_t\": 0.0735, \"ce_s\": 0.1347, \"kl_t\": 0.0889, \"kl_s\": 0.0786, \"hid\": 0.048, \"loss\": 1.4677, \"train_acc_t\": 0.9969, \"train_acc_s\": 0.971, \"steps\": 400, \"teacher_test_acc\": 0.9937, \"teacher_test_loss\": 0.0714}\n"}
,{"stream_name":"stdout","time":7803.977002408,"data":"  round 7 client p061: {\"ce_t\": 0.0883, \"ce_s\": 0.1491, \"kl_t\": 0.1114, \"kl_s\": 0.0961, \"hid\": 0.0618, \"loss\": 1.6648, \"train_acc_t\": 0.9966, \"train_acc_s\": 0.9645, \"steps\": 405, \"teacher_test_acc\": 0.9877, \"teacher_test_loss\": 0.0739}\n"}
,{"stream_name":"stdout","time":7862.177692857,"data":"  round 7 client p064: {\"ce_t\": 0.0775, \"ce_s\": 0.1251, \"kl_t\": 0.1037, \"kl_s\": 0.0902, \"hid\": 0.0578, \"loss\": 1.7042, \"train_acc_t\": 0.9957, \"train_acc_s\": 0.9762, \"steps\": 410, \"teacher_test_acc\": 1.0, \"teacher_test_loss\": 0.0288}\n"}
,{"stream_name":"stdout","time":7897.61400575,"data":"  round 7 client p072: {\"ce_t\": 0.1299, \"ce_s\": 0.2617, \"kl_t\": 0.2042, \"kl_s\": 0.1734, \"hid\": 0.1768, \"loss\": 2.8077, \"train_acc_t\": 0.9935, \"train_acc_s\": 0.9312, \"steps\": 175, \"teacher_test_acc\": 0.9857, \"teacher_test_loss\": 0.0986}\n"}
,{"stream_name":"stdout","time":7903.656994862,"data":"  round 7 client p066: {\"ce_t\": 0.0856, \"ce_s\": 0.1383, \"kl_t\": 0.0912, \"kl_s\": 0.083, \"hid\": 0.0493, \"loss\": 1.5166, \"train_acc_t\": 0.993, \"train_acc_s\": 0.971, \"steps\": 520, \"teacher_test_acc\": 0.9758, \"teacher_test_loss\": 0.0831}\n"}
,{"stream_name":"stdout","time":7977.570725239,"data":"  round 7 client p075: {\"ce_t\": 0.0783, \"ce_s\": 0.1372, \"kl_t\": 0.1019, \"kl_s\": 0.09, \"hid\": 0.0564, \"loss\": 1.6706, \"train_acc_t\": 0.9948, \"train_acc_s\": 0.9711, \"steps\": 410, \"teacher_test_acc\": 0.9939, \"teacher_test_loss\": 0.059}\n"}
,{"stream_name":"stdout","time":7982.280798339,"data":"  round 7 client p081: {\"ce_t\": 0.0785, \"ce_s\": 0.1453, \"kl_t\": 0.1129, \"kl_s\": 0.1008, \"hid\": 0.0605, \"loss\": 1.7091, \"train_acc_t\": 0.9967, \"train_acc_s\": 0.9699, \"steps\": 415, \"teacher_test_acc\": 1.0, \"teacher_test_loss\": 0.0291}\n"}
,{"stream_name":"stdout","time":8010.452820245,"data":"ROUND 7/30: global student acc 0.6101 F1 0.5782 | mean teacher acc 0.9808 | 18.7 min\n"}
,{"stream_name":"stdout","time":8082.238903115,"data":"  round 8 client p002: {\"ce_t\": 0.0736, \"ce_s\": 0.1112, \"kl_t\": 0.1002, \"kl_s\": 0.0852, \"hid\": 0.055, \"loss\": 1.7227, \"train_acc_t\": 0.9959, \"train_acc_s\": 0.9793, \"steps\": 365, \"teacher_test_acc\": 0.9793, \"teacher_test_loss\": 0.1267}\n"}
,{"stream_name":"stdout","time":8093.489341595,"data":"  round 8 client p012: {\"ce_t\": 0.0878, \"ce_s\": 0.1757, \"kl_t\": 0.1398, \"kl_s\": 0.1157, \"hid\": 0.0548, \"loss\": 1.6267, \"train_acc_t\": 0.9964, \"train_acc_s\": 0.9602, \"steps\": 415, \"teacher_test_acc\": 0.9758, \"teacher_test_loss\": 0.1713}\n"}
,{"stream_name":"stdout","time":8165.899149415,"data":"  round 8 client p014: {\"ce_t\": 0.0736, \"ce_s\": 0.1387, \"kl_t\": 0.0924, \"kl_s\": 0.0888, \"hid\": 0.0468, \"loss\": 1.5093, \"train_acc_t\": 0.9954, \"train_acc_s\": 0.9731, \"steps\": 440, \"teacher_test_acc\": 0.9489, \"teacher_test_loss\": 0.1752}\n"}
,{"stream_name":"stdout","time":8179.384734121,"data":"  round 8 client p015: {\"ce_t\": 0.0674, \"ce_s\": 0.1148, \"kl_t\": 0.0817, \"kl_s\": 0.0708, \"hid\": 0.04, \"loss\": 1.4284, \"train_acc_t\": 0.9951, \"train_acc_s\": 0.9789, \"steps\": 440, \"teacher_test_acc\": 0.9771, \"teacher_test_loss\": 0.0824}\n"}
,{"stream_name":"stdout","time":8268.282799674,"data":"  round 8 client p016: {\"ce_t\": 0.0489, \"ce_s\": 0.0684, \"kl_t\": 0.051, \"kl_s\": 0.0472, \"hid\": 0.0305, \"loss\": 1.3168, \"train_acc_t\": 0.9974, \"train_acc_s\": 0.9903, \"steps\": 540, \"teacher_test_acc\": 0.9907, \"teacher_test_loss\": 0.053}\n"}
,{"stream_name":"stdout","time":8298.199355271,"data":"  round 8 client p021: {\"ce_t\": 0.0618, \"ce_s\": 0.1008, \"kl_t\": 0.0744, \"kl_s\": 0.0651, \"hid\": 0.0328, \"loss\": 1.2934, \"train_acc_t\": 0.9968, \"train_acc_s\": 0.9796, \"steps\": 620, \"teacher_test_acc\": 0.9839, \"teacher_test_loss\": 0.064}\n"}
,{"stream_name":"stdout","time":8385.37643129,"data":"  round 8 client p022: {\"ce_t\": 0.0369, \"ce_s\": 0.0619, \"kl_t\": 0.048, \"kl_s\": 0.0379, \"hid\": 0.0238, \"loss\": 1.2342, \"train_acc_t\": 1.0, \"train_acc_s\": 0.9874, \"steps\": 620, \"teacher_test_acc\": 0.9879, \"teacher_test_loss\": 0.039}\n"}
,{"stream_name":"stdout","time":8416.111717232,"data":"  round 8 client p024: {\"ce_t\": 0.0494, \"ce_s\": 0.0705, \"kl_t\": 0.0579, \"kl_s\": 0.0491, \"hid\": 0.0296, \"loss\": 1.3098, \"train_acc_t\": 0.9984, \"train_acc_s\": 0.9896, \"steps\": 615, \"teacher_test_acc\": 1.0, \"teacher_test_loss\": 0.0238}\n"}
,{"stream_name":"stdout","time":8499.100194853,"data":"  round 8 client p035: {\"ce_t\": 0.0481, \"ce_s\": 0.0631, \"kl_t\": 0.0543, \"kl_s\": 0.0441, \"hid\": 0.0332, \"loss\": 1.3766, \"train_acc_t\": 0.9982, \"train_acc_s\": 0.9912, \"steps\": 425, \"teacher_test_acc\": 0.9882, \"teacher_test_loss\": 0.0586}\n"}
,{"stream_name":"stdout","time":8500.608849195,"data":"  round 8 client p026: {\"ce_t\": 0.0672, \"ce_s\": 0.1022, \"kl_t\": 0.0686, \"kl_s\": 0.0629, \"hid\": 0.0409, \"loss\": 1.431, \"train_acc_t\": 0.9969, \"train_acc_s\": 0.9808, \"steps\": 600, \"teacher_test_acc\": 0.9792, \"teacher_test_loss\": 0.074}\n"}
,{"stream_name":"stdout","time":8560.606532204,"data":"  round 8 client p041: {\"ce_t\": 0.0778, \"ce_s\": 0.1126, \"kl_t\": 0.0926, \"kl_s\": 0.0793, \"hid\": 0.0593, \"loss\": 1.7174, \"train_acc_t\": 0.9938, \"train_acc_s\": 0.981, \"steps\": 305, \"teacher_test_acc\": 0.9669, \"teacher_test_loss\": 0.1739}\n"}
,{"stream_name":"stdout","time":8564.672254214,"data":"  round 8 client p039: {\"ce_t\": 0.0838, \"ce_s\": 0.1492, \"kl_t\": 0.1185, \"kl_s\": 0.0977, \"hid\": 0.0587, \"loss\": 1.6425, \"train_acc_t\": 0.9927, \"train_acc_s\": 0.9646, \"steps\": 325, \"teacher_test_acc\": 0.9847, \"teacher_test_loss\": 0.063}\n"}
,{"stream_name":"stdout","time":8619.609854027,"data":"  round 8 client p042: {\"ce_t\": 0.061, \"ce_s\": 0.0846, \"kl_t\": 0.0581, \"kl_s\": 0.0548, \"hid\": 0.0484, \"loss\": 1.5663, \"train_acc_t\": 0.9966, \"train_acc_s\": 0.9852, \"steps\": 295, \"teacher_test_acc\": 0.9916, \"teacher_test_loss\": 0.0377}\n"}
,{"stream_name":"stdout","time":8637.105618199,"data":"  round 8 client p045: {\"ce_t\": 0.0659, \"ce_s\": 0.0946, \"kl_t\": 0.0757, \"kl_s\": 0.0649, \"hid\": 0.0435, \"loss\": 1.5726, \"train_acc_t\": 0.9941, \"train_acc_s\": 0.9824, \"steps\": 365, \"teacher_test_acc\": 0.9862, \"teacher_test_loss\": 0.1227}\n"}
,{"stream_name":"stdout","time":8701.117105778,"data":"  round 8 client p047: {\"ce_t\": 0.0711, \"ce_s\": 0.1162, \"kl_t\": 0.0785, \"kl_s\": 0.0755, \"hid\": 0.0421, \"loss\": 1.4694, \"train_acc_t\": 0.9955, \"train_acc_s\": 0.9784, \"steps\": 420, \"teacher_test_acc\": 0.9701, \"teacher_test_loss\": 0.1249}\n"}
,{"stream_name":"stdout","time":8735.685326194,"data":"  round 8 client p049: {\"ce_t\": 0.0505, \"ce_s\": 0.0803, \"kl_t\": 0.0585, \"kl_s\": 0.051, \"hid\": 0.0324, \"loss\": 1.3682, \"train_acc_t\": 0.998, \"train_acc_s\": 0.9866, \"steps\": 505, \"teacher_test_acc\": 0.9951, \"teacher_test_loss\": 0.0313}\n"}
,{"stream_name":"stdout","time":8778.226599481,"data":"  round 8 client p050: {\"ce_t\": 0.0959, \"ce_s\": 0.192, \"kl_t\": 0.1316, \"kl_s\": 0.1183, \"hid\": 0.0544, \"loss\": 1.5719, \"train_acc_t\": 0.9886, \"train_acc_s\": 0.95, \"steps\": 395, \"teacher_test_acc\": 0.9747, \"teacher_test_loss\": 0.1549}\n"}
,{"stream_name":"stdout","time":8825.925419092,"data":"  round 8 client p051: {\"ce_t\": 0.0672, \"ce_s\": 0.1067, \"kl_t\": 0.076, \"kl_s\": 0.0677, \"hid\": 0.0406, \"loss\": 1.4159, \"train_acc_t\": 0.9954, \"train_acc_s\": 0.978, \"steps\": 460, \"teacher_test_acc\": 0.9565, \"teacher_test_loss\": 0.1373}\n"}
,{"stream_name":"stdout","time":8851.243445632,"data":"  round 8 client p052: {\"ce_t\": 0.0623, \"ce_s\": 0.0985, \"kl_t\": 0.0875, \"kl_s\": 0.0688, \"hid\": 0.0432, \"loss\": 1.5591, \"train_acc_t\": 0.9956, \"train_acc_s\": 0.9818, \"steps\": 370, \"teacher_test_acc\": 0.9865, \"teacher_test_loss\": 0.1072}\n"}
,{"stream_name":"stdout","time":8905.50384943,"data":"  round 8 client p056: {\"ce_t\": 0.0686, \"ce_s\": 0.1174, \"kl_t\": 0.0917, \"kl_s\": 0.0745, \"hid\": 0.0425, \"loss\": 1.4245, \"train_acc_t\": 0.9978, \"train_acc_s\": 0.9783, \"steps\": 400, \"teacher_test_acc\": 0.9937, \"teacher_test_loss\": 0.0436}\n"}
,{"stream_name":"stdout","time":8930.810100698,"data":"  round 8 client p061: {\"ce_t\": 0.0751, \"ce_s\": 0.1189, \"kl_t\": 0.0895, \"kl_s\": 0.0795, \"hid\": 0.0481, \"loss\": 1.5236, \"train_acc_t\": 0.9957, \"train_acc_s\": 0.9737, \"steps\": 405, \"teacher_test_acc\": 0.9506, \"teacher_test_loss\": 0.1399}\n"}
,{"stream_name":"stdout","time":8986.8967285,"data":"  round 8 client p064: {\"ce_t\": 0.0675, \"ce_s\": 0.114, \"kl_t\": 0.0899, \"kl_s\": 0.0772, \"hid\": 0.0456, \"loss\": 1.5043, \"train_acc_t\": 0.9979, \"train_acc_s\": 0.9774, \"steps\": 410, \"teacher_test_acc\": 0.9939, \"teacher_test_loss\": 0.0489}\n"}
,{"stream_name":"stdout","time":9023.569159469,"data":"  round 8 client p072: {\"ce_t\": 0.1149, \"ce_s\": 0.2292, \"kl_t\": 0.1932, \"kl_s\": 0.1567, \"hid\": 0.1341, \"loss\": 2.491, \"train_acc_t\": 0.9928, \"train_acc_s\": 0.9384, \"steps\": 175, \"teacher_test_acc\": 0.9857, \"teacher_test_loss\": 0.112}\n"}
,{"stream_name":"stdout","time":9031.02174719,"data":"  round 8 client p066: {\"ce_t\": 0.075, \"ce_s\": 0.1138, \"kl_t\": 0.0839, \"kl_s\": 0.0739, \"hid\": 0.0405, \"loss\": 1.4282, \"train_acc_t\": 0.9952, \"train_acc_s\": 0.9756, \"steps\": 520, \"teacher_test_acc\": 0.9565, \"teacher_test_loss\": 0.236}\n"}
,{"stream_name":"stdout","time":9104.205817625,"data":"  round 8 client p075: {\"ce_t\": 0.0647, \"ce_s\": 0.1103, \"kl_t\": 0.0861, \"kl_s\": 0.0729, \"hid\": 0.0445, \"loss\": 1.5496, \"train_acc_t\": 0.9966, \"train_acc_s\": 0.976, \"steps\": 410, \"teacher_test_acc\": 0.9939, \"teacher_test_loss\": 0.0603}\n"}
,{"stream_name":"stdout","time":9110.476707586,"data":"  round 8 client p081: {\"ce_t\": 0.074, \"ce_s\": 0.1253, \"kl_t\": 0.1008, \"kl_s\": 0.0907, \"hid\": 0.0493, \"loss\": 1.6114, \"train_acc_t\": 0.996, \"train_acc_s\": 0.9772, \"steps\": 415, \"teacher_test_acc\": 1.0, \"teacher_test_loss\": 0.0242}\n"}
,{"stream_name":"stdout","time":9140.614775425,"data":"ROUND 8/30: global student acc 0.6328 F1 0.6046 | mean teacher acc 0.9807 | 18.8 min\n"}
,{"stream_name":"stdout","time":9212.325322062,"data":"  round 9 client p002: {\"ce_t\": 0.0722, \"ce_s\": 0.1238, \"kl_t\": 0.0988, \"kl_s\": 0.0884, \"hid\": 0.0492, \"loss\": 1.567, \"train_acc_t\": 0.9959, \"train_acc_s\": 0.9752, \"steps\": 365, \"teacher_test_acc\": 0.9517, \"teacher_test_loss\": 0.182}\n"}
,{"stream_name":"stdout","time":9224.182008555,"data":"  round 9 client p012: {\"ce_t\": 0.0879, \"ce_s\": 0.1657, \"kl_t\": 0.1372, \"kl_s\": 0.1195, \"hid\": 0.0495, \"loss\": 1.5624, \"train_acc_t\": 0.9945, \"train_acc_s\": 0.9626, \"steps\": 415, \"teacher_test_acc\": 0.9576, \"teacher_test_loss\": 0.1766}\n"}
,{"stream_name":"stdout","time":9297.350890951,"data":"  round 9 client p014: {\"ce_t\": 0.0613, \"ce_s\": 0.1043, \"kl_t\": 0.0748, \"kl_s\": 0.0639, \"hid\": 0.0353, \"loss\": 1.3637, \"train_acc_t\": 0.9977, \"train_acc_s\": 0.9786, \"steps\": 440, \"teacher_test_acc\": 0.9716, \"teacher_test_loss\": 0.1104}\n"}
,{"stream_name":"stdout","time":9310.807829601,"data":"  round 9 client p015: {\"ce_t\": 0.0605, \"ce_s\": 0.1003, \"kl_t\": 0.0725, \"kl_s\": 0.0629, \"hid\": 0.034, \"loss\": 1.3483, \"train_acc_t\": 0.9983, \"train_acc_s\": 0.9823, \"steps\": 440, \"teacher_test_acc\": 0.9829, \"teacher_test_loss\": 0.0889}\n"}
,{"stream_name":"stdout","time":9400.442665068,"data":"  round 9 client p016: {\"ce_t\": 0.0395, \"ce_s\": 0.0582, \"kl_t\": 0.0442, \"kl_s\": 0.0359, \"hid\": 0.0231, \"loss\": 1.1881, \"train_acc_t\": 0.9977, \"train_acc_s\": 0.9898, \"steps\": 540, \"teacher_test_acc\": 0.9907, \"teacher_test_loss\": 0.0364}\n"}
,{"stream_name":"stdout","time":9430.513660457,"data":"  round 9 client p021: {\"ce_t\": 0.0564, \"ce_s\": 0.0986, \"kl_t\": 0.0696, \"kl_s\": 0.0592, \"hid\": 0.0284, \"loss\": 1.1942, \"train_acc_t\": 0.9974, \"train_acc_s\": 0.9802, \"steps\": 620, \"teacher_test_acc\": 0.9839, \"teacher_test_loss\": 0.0549}\n"}
,{"stream_name":"stdout","time":9517.566042689,"data":"  round 9 client p022: {\"ce_t\": 0.0511, \"ce_s\": 0.0655, \"kl_t\": 0.052, \"kl_s\": 0.0474, \"hid\": 0.0257, \"loss\": 1.2252, \"train_acc_t\": 0.9959, \"train_acc_s\": 0.9866, \"steps\": 620, \"teacher_test_acc\": 0.9919, \"teacher_test_loss\": 0.0607}\n"}
,{"stream_name":"stdout","time":9549.027036896,"data":"  round 9 client p024: {\"ce_t\": 0.0477, \"ce_s\": 0.0613, \"kl_t\": 0.0505, \"kl_s\": 0.0445, \"hid\": 0.025, \"loss\": 1.1992, \"train_acc_t\": 0.9969, \"train_acc_s\": 0.9888, \"steps\": 615, \"teacher_test_acc\": 0.9959, \"teacher_test_loss\": 0.0267}\n"}
,{"stream_name":"stdout","time":9631.740852224,"data":"  round 9 client p026: {\"ce_t\": 0.0572, \"ce_s\": 0.0914, \"kl_t\": 0.0628, \"kl_s\": 0.0535, \"hid\": 0.031, \"loss\": 1.2731, \"train_acc_t\": 0.999, \"train_acc_s\": 0.9824, \"steps\": 600, \"teacher_test_acc\": 0.9792, \"teacher_test_loss\": 0.0991}\n"}
,{"stream_name":"stdout","time":9632.859842141,"data":"  round 9 client p035: {\"ce_t\": 0.0424, \"ce_s\": 0.0583, \"kl_t\": 0.0506, \"kl_s\": 0.0384, \"hid\": 0.0291, \"loss\": 1.3065, \"train_acc_t\": 0.9988, \"train_acc_s\": 0.9903, \"steps\": 425, \"teacher_test_acc\": 0.9588, \"teacher_test_loss\": 0.125}\n"}
,{"stream_name":"stdout","time":9694.264081875,"data":"  round 9 client p041: {\"ce_t\": 0.0613, \"ce_s\": 0.0916, \"kl_t\": 0.0725, \"kl_s\": 0.0646, \"hid\": 0.0446, \"loss\": 1.5495, \"train_acc_t\": 0.9975, \"train_acc_s\": 0.9818, \"steps\": 305, \"teacher_test_acc\": 0.9091, \"teacher_test_loss\": 0.342}\n"}
,{"stream_name":"stdout","time":9696.196718222,"data":"  round 9 client p039: {\"ce_t\": 0.0766, \"ce_s\": 0.1219, \"kl_t\": 0.0953, \"kl_s\": 0.0856, \"hid\": 0.0469, \"loss\": 1.5078, \"train_acc_t\": 0.9938, \"train_acc_s\": 0.9735, \"steps\": 325, \"teacher_test_acc\": 0.9847, \"teacher_test_loss\": 0.0864}\n"}
,{"stream_name":"stdout","time":9753.954522349,"data":"  round 9 client p042: {\"ce_t\": 0.0513, \"ce_s\": 0.0824, \"kl_t\": 0.0594, \"kl_s\": 0.053, \"hid\": 0.0399, \"loss\": 1.434, \"train_acc_t\": 0.997, \"train_acc_s\": 0.9856, \"steps\": 295, \"teacher_test_acc\": 0.9916, \"teacher_test_loss\": 0.0419}\n"}
,{"stream_name":"stdout","time":9767.320991909,"data":"  round 9 client p045: {\"ce_t\": 0.0528, \"ce_s\": 0.0839, \"kl_t\": 0.0632, \"kl_s\": 0.0543, \"hid\": 0.0345, \"loss\": 1.4035, \"train_acc_t\": 0.9965, \"train_acc_s\": 0.981, \"steps\": 365, \"teacher_test_acc\": 0.9724, \"teacher_test_loss\": 0.1095}\n"}
,{"stream_name":"stdout","time":9837.202225809,"data":"  round 9 client p047: {\"ce_t\": 0.0781, \"ce_s\": 0.1206, \"kl_t\": 0.0938, \"kl_s\": 0.0818, \"hid\": 0.0368, \"loss\": 1.3263, \"train_acc_t\": 0.9934, \"train_acc_s\": 0.9743, \"steps\": 420, \"teacher_test_acc\": 0.9581, \"teacher_test_loss\": 0.1771}\n"}
,{"stream_name":"stdout","time":9864.638787008,"data":"  round 9 client p049: {\"ce_t\": 0.0499, \"ce_s\": 0.0724, \"kl_t\": 0.0572, \"kl_s\": 0.0478, \"hid\": 0.0277, \"loss\": 1.2821, \"train_acc_t\": 0.9975, \"train_acc_s\": 0.9869, \"steps\": 505, \"teacher_test_acc\": 1.0, \"teacher_test_loss\": 0.0395}\n"}
,{"stream_name":"stdout","time":9915.997751701,"data":"  round 9 client p050: {\"ce_t\": 0.093, \"ce_s\": 0.1851, \"kl_t\": 0.1347, \"kl_s\": 0.1119, \"hid\": 0.0504, \"loss\": 1.5285, \"train_acc_t\": 0.9905, \"train_acc_s\": 0.9522, \"steps\": 395, \"teacher_test_acc\": 0.981, \"teacher_test_loss\": 0.081}\n"}
,{"stream_name":"stdout","time":9953.498080239,"data":"  round 9 client p051: {\"ce_t\": 0.0596, \"ce_s\": 0.1042, \"kl_t\": 0.0812, \"kl_s\": 0.0676, \"hid\": 0.0334, \"loss\": 1.3269, \"train_acc_t\": 0.9973, \"train_acc_s\": 0.9777, \"steps\": 460, \"teacher_test_acc\": 0.9293, \"teacher_test_loss\": 0.2637}\n"}
,{"stream_name":"stdout","time":9990.529592232,"data":"  round 9 client p052: {\"ce_t\": 0.0529, \"ce_s\": 0.0825, \"kl_t\": 0.0597, \"kl_s\": 0.0509, \"hid\": 0.0338, \"loss\": 1.3846, \"train_acc_t\": 0.9963, \"train_acc_s\": 0.9828, \"steps\": 370, \"teacher_test_acc\": 0.9797, \"teacher_test_loss\": 0.1163}\n"}
,{"stream_name":"stdout","time":10031.528797317,"data":"  round 9 client p056: {\"ce_t\": 0.0637, \"ce_s\": 0.1105, \"kl_t\": 0.0856, \"kl_s\": 0.0725, \"hid\": 0.0347, \"loss\": 1.3118, \"train_acc_t\": 0.9984, \"train_acc_s\": 0.9789, \"steps\": 400, \"teacher_test_acc\": 0.9937, \"teacher_test_loss\": 0.0504}\n"}
,{"stream_name":"stdout","time":10070.950975995,"data":"  round 9 client p061: {\"ce_t\": 0.0662, \"ce_s\": 0.1035, \"kl_t\": 0.0804, \"kl_s\": 0.0696, \"hid\": 0.0429, \"loss\": 1.4659, \"train_acc_t\": 0.9985, \"train_acc_s\": 0.9787, \"steps\": 405, \"teacher_test_acc\": 0.963, \"teacher_test_loss\": 0.1638}\n"}
,{"stream_name":"stdout","time":10111.211708293,"data":"  round 9 client p064: {\"ce_t\": 0.0642, \"ce_s\": 0.1112, \"kl_t\": 0.0887, \"kl_s\": 0.0759, \"hid\": 0.0423, \"loss\": 1.4765, \"train_acc_t\": 0.9982, \"train_acc_s\": 0.9805, \"steps\": 410, \"teacher_test_acc\": 0.9878, \"teacher_test_loss\": 0.0659}\n"}
,{"stream_name":"stdout","time":10147.494472505,"data":"  round 9 client p072: {\"ce_t\": 0.12, \"ce_s\": 0.2344, \"kl_t\": 0.2079, \"kl_s\": 0.1743, \"hid\": 0.1303, \"loss\": 2.3285, \"train_acc_t\": 0.9942, \"train_acc_s\": 0.937, \"steps\": 175, \"teacher_test_acc\": 1.0, \"teacher_test_loss\": 0.0706}\n"}
,{"stream_name":"stdout","time":10172.944118243,"data":"  round 9 client p066: {\"ce_t\": 0.0768, \"ce_s\": 0.1289, \"kl_t\": 0.0927, \"kl_s\": 0.0859, \"hid\": 0.0389, \"loss\": 1.3797, \"train_acc_t\": 0.9937, \"train_acc_s\": 0.9739, \"steps\": 520, \"teacher_test_acc\": 0.9662, \"teacher_test_loss\": 0.1843}\n"}
,{"stream_name":"stdout","time":10227.281618113,"data":"  round 9 client p075: {\"ce_t\": 0.0689, \"ce_s\": 0.127, \"kl_t\": 0.1039, \"kl_s\": 0.0851, \"hid\": 0.0418, \"loss\": 1.4879, \"train_acc_t\": 0.996, \"train_acc_s\": 0.9727, \"steps\": 410, \"teacher_test_acc\": 0.9939, \"teacher_test_loss\": 0.0738}\n"}
,{"stream_name":"stdout","time":10253.48125108,"data":"  round 9 client p081: {\"ce_t\": 0.059, \"ce_s\": 0.1097, \"kl_t\": 0.0899, \"kl_s\": 0.0771, \"hid\": 0.0407, \"loss\": 1.4777, \"train_acc_t\": 0.9982, \"train_acc_s\": 0.9769, \"steps\": 415, \"teacher_test_acc\": 1.0, \"teacher_test_loss\": 0.0254}\n"}
,{"stream_name":"stdout","time":10284.647723015,"data":"ROUND 9/30: global student acc 0.6551 F1 0.6322 | mean teacher acc 0.9760 | 19.1 min\n"}
,{"stream_name":"stdout","time":10357.667845632,"data":"  round 10 client p002: {\"ce_t\": 0.0939, \"ce_s\": 0.1162, \"kl_t\": 0.0971, \"kl_s\": 0.0847, \"hid\": 0.046, \"loss\": 1.4896, \"train_acc_t\": 0.9845, \"train_acc_s\": 0.9755, \"steps\": 365, \"teacher_test_acc\": 0.9586, \"teacher_test_loss\": 0.2318}\n"}
,{"stream_name":"stdout","time":10368.825289962,"data":"  round 10 client p012: {\"ce_t\": 0.1095, \"ce_s\": 0.1475, \"kl_t\": 0.1398, \"kl_s\": 0.1244, \"hid\": 0.0487, \"loss\": 1.5336, \"train_acc_t\": 0.9872, \"train_acc_s\": 0.9702, \"steps\": 415, \"teacher_test_acc\": 0.9758, \"teacher_test_loss\": 0.1779}\n"}
,{"stream_name":"stdout","time":10442.944551261,"data":"  round 10 client p014: {\"ce_t\": 0.0613, \"ce_s\": 0.1026, \"kl_t\": 0.0699, \"kl_s\": 0.0619, \"hid\": 0.034, \"loss\": 1.3629, \"train_acc_t\": 0.9977, \"train_acc_s\": 0.9777, \"steps\": 440, \"teacher_test_acc\": 0.9716, \"teacher_test_loss\": 0.1224}\n"}
,{"stream_name":"stdout","time":10455.289392778,"data":"  round 10 client p015: {\"ce_t\": 0.0553, \"ce_s\": 0.0969, \"kl_t\": 0.0705, \"kl_s\": 0.0622, \"hid\": 0.0277, \"loss\": 1.2325, \"train_acc_t\": 0.9963, \"train_acc_s\": 0.9823, \"steps\": 440, \"teacher_test_acc\": 0.9829, \"teacher_test_loss\": 0.0737}\n"}
,{"stream_name":"stdout","time":10546.106187074,"data":"  round 10 client p016: {\"ce_t\": 0.0508, \"ce_s\": 0.0654, \"kl_t\": 0.0559, \"kl_s\": 0.0495, \"hid\": 0.0279, \"loss\": 1.28, \"train_acc_t\": 0.9968, \"train_acc_s\": 0.9912, \"steps\": 540, \"teacher_test_acc\": 0.9722, \"teacher_test_loss\": 0.1626}\n"}
,{"stream_name":"stdout","time":10574.688899602,"data":"  round 10 client p021: {\"ce_t\": 0.0531, \"ce_s\": 0.0842, \"kl_t\": 0.0603, \"kl_s\": 0.0534, \"hid\": 0.0248, \"loss\": 1.1333, \"train_acc_t\": 0.9968, \"train_acc_s\": 0.9828, \"steps\": 620, \"teacher_test_acc\": 0.9839, \"teacher_test_loss\": 0.054}\n"}
,{"stream_name":"stdout","time":10663.378765963,"data":"  round 10 client p022: {\"ce_t\": 0.075, \"ce_s\": 0.0709, \"kl_t\": 0.0611, \"kl_s\": 0.0554, \"hid\": 0.0236, \"loss\": 1.1886, \"train_acc_t\": 0.9862, \"train_acc_s\": 0.9895, \"steps\": 620, \"teacher_test_acc\": 1.0, \"teacher_test_loss\": 0.0401}\n"}
,{"stream_name":"stdout","time":10693.800343284,"data":"  round 10 client p024: {\"ce_t\": 0.0406, \"ce_s\": 0.0572, \"kl_t\": 0.0469, \"kl_s\": 0.0399, \"hid\": 0.0227, \"loss\": 1.1579, \"train_acc_t\": 0.999, \"train_acc_s\": 0.9924, \"steps\": 615, \"teacher_test_acc\": 1.0, \"teacher_test_loss\": 0.0132}\n"}
,{"stream_name":"stdout","time":10776.551463707,"data":"  round 10 client p035: {\"ce_t\": 0.0413, \"ce_s\": 0.0544, \"kl_t\": 0.0513, \"kl_s\": 0.0486, \"hid\": 0.026, \"loss\": 1.2535, \"train_acc_t\": 0.9965, \"train_acc_s\": 0.992, \"steps\": 425, \"teacher_test_acc\": 0.9765, \"teacher_test_loss\": 0.0835}\n"}
,{"stream_name":"stdout","time":10778.529404406,"data":"  round 10 client p026: {\"ce_t\": 0.0533, \"ce_s\": 0.0878, \"kl_t\": 0.0628, \"kl_s\": 0.0539, \"hid\": 0.0269, \"loss\": 1.1839, \"train_acc_t\": 0.9983, \"train_acc_s\": 0.9831, \"steps\": 600, \"teacher_test_acc\": 0.9542, \"teacher_test_loss\": 0.2005}\n"}
,{"stream_name":"stdout","time":10838.265727781,"data":"  round 10 client p041: {\"ce_t\": 0.0592, \"ce_s\": 0.0813, \"kl_t\": 0.0704, \"kl_s\": 0.0575, \"hid\": 0.0361, \"loss\": 1.4387, \"train_acc_t\": 0.9963, \"train_acc_s\": 0.9843, \"steps\": 305, \"teacher_test_acc\": 0.9339, \"teacher_test_loss\": 0.2628}\n"}
,{"stream_name":"stdout","time":10842.800052485,"data":"  round 10 client p039: {\"ce_t\": 0.067, \"ce_s\": 0.1116, \"kl_t\": 0.0857, \"kl_s\": 0.0719, \"hid\": 0.041, \"loss\": 1.4509, \"train_acc_t\": 0.9962, \"train_acc_s\": 0.975, \"steps\": 325, \"teacher_test_acc\": 0.9924, \"teacher_test_loss\": 0.0635}\n"}
,{"stream_name":"stdout","time":10897.251996495,"data":"  round 10 client p042: {\"ce_t\": 0.0558, \"ce_s\": 0.0774, \"kl_t\": 0.0634, \"kl_s\": 0.0577, \"hid\": 0.036, \"loss\": 1.354, \"train_acc_t\": 0.997, \"train_acc_s\": 0.9856, \"steps\": 295, \"teacher_test_acc\": 0.9916, \"teacher_test_loss\": 0.0401}\n"}
,{"stream_name":"stdout","time":10915.972674954,"data":"  round 10 client p045: {\"ce_t\": 0.0559, \"ce_s\": 0.0753, \"kl_t\": 0.0581, \"kl_s\": 0.0487, \"hid\": 0.0329, \"loss\": 1.3887, \"train_acc_t\": 0.9941, \"train_acc_s\": 0.9858, \"steps\": 365, \"teacher_test_acc\": 0.9448, \"teacher_test_loss\": 0.1811}\n"}
,{"stream_name":"stdout","time":10979.493819594,"data":"  round 10 client p047: {\"ce_t\": 0.0582, \"ce_s\": 0.1006, \"kl_t\": 0.0714, \"kl_s\": 0.0626, \"hid\": 0.0295, \"loss\": 1.2138, \"train_acc_t\": 0.9964, \"train_acc_s\": 0.9778, \"steps\": 420, \"teacher_test_acc\": 0.9521, \"teacher_test_loss\": 0.2346}\n"}
,{"stream_name":"stdout","time":11014.829033839,"data":"  round 10 client p049: {\"ce_t\": 0.0419, \"ce_s\": 0.0651, \"kl_t\": 0.0457, \"kl_s\": 0.0404, \"hid\": 0.0238, \"loss\": 1.1871, \"train_acc_t\": 0.9995, \"train_acc_s\": 0.9884, \"steps\": 505, \"teacher_test_acc\": 1.0, \"teacher_test_loss\": 0.0177}\n"}
,{"stream_name":"stdout","time":11056.836068327,"data":"  round 10 client p050: {\"ce_t\": 0.0906, \"ce_s\": 0.1803, \"kl_t\": 0.1263, \"kl_s\": 0.1065, \"hid\": 0.043, \"loss\": 1.433, \"train_acc_t\": 0.9934, \"train_acc_s\": 0.9551, \"steps\": 395, \"teacher_test_acc\": 0.9873, \"teacher_test_loss\": 0.0902}\n"}
,{"stream_name":"stdout","time":11105.481434735,"data":"  round 10 client p051: {\"ce_t\": 0.0589, \"ce_s\": 0.099, \"kl_t\": 0.0689, \"kl_s\": 0.0596, \"hid\": 0.0312, \"loss\": 1.2657, \"train_acc_t\": 0.9967, \"train_acc_s\": 0.9796, \"steps\": 460, \"teacher_test_acc\": 0.9457, \"teacher_test_loss\": 0.1665}\n"}
,{"stream_name":"stdout","time":11130.672481125,"data":"  round 10 client p052: {\"ce_t\": 0.0533, \"ce_s\": 0.0849, \"kl_t\": 0.0644, \"kl_s\": 0.0545, \"hid\": 0.0314, \"loss\": 1.3462, \"train_acc_t\": 0.9963, \"train_acc_s\": 0.9845, \"steps\": 370, \"teacher_test_acc\": 0.9527, \"teacher_test_loss\": 0.1705}\n"}
,{"stream_name":"stdout","time":11185.56661117,"data":"  round 10 client p056: {\"ce_t\": 0.0548, \"ce_s\": 0.0898, \"kl_t\": 0.0705, \"kl_s\": 0.0577, \"hid\": 0.0285, \"loss\": 1.2195, \"train_acc_t\": 0.9987, \"train_acc_s\": 0.9817, \"steps\": 400, \"teacher_test_acc\": 0.9937, \"teacher_test_loss\": 0.0588}\n"}
,{"stream_name":"stdout","time":11210.135182343,"data":"  round 10 client p061: {\"ce_t\": 0.0566, \"ce_s\": 0.0854, \"kl_t\": 0.0605, \"kl_s\": 0.0539, \"hid\": 0.0348, \"loss\": 1.3654, \"train_acc_t\": 0.9985, \"train_acc_s\": 0.9849, \"steps\": 405, \"teacher_test_acc\": 0.9815, \"teacher_test_loss\": 0.092}\n"}
,{"stream_name":"stdout","time":11267.456785701,"data":"  round 10 client p064: {\"ce_t\": 0.0576, \"ce_s\": 0.0894, \"kl_t\": 0.0747, \"kl_s\": 0.0609, \"hid\": 0.0326, \"loss\": 1.3184, \"train_acc_t\": 0.9982, \"train_acc_s\": 0.9841, \"steps\": 410, \"teacher_test_acc\": 1.0, \"teacher_test_loss\": 0.0293}\n"}
,{"stream_name":"stdout","time":11304.345759729,"data":"  round 10 client p072: {\"ce_t\": 0.0957, \"ce_s\": 0.212, \"kl_t\": 0.1854, \"kl_s\": 0.1468, \"hid\": 0.0995, \"loss\": 2.1524, \"train_acc_t\": 0.9971, \"train_acc_s\": 0.9464, \"steps\": 175, \"teacher_test_acc\": 0.9857, \"teacher_test_loss\": 0.1317}\n"}
,{"stream_name":"stdout","time":11311.247530051,"data":"  round 10 client p066: {\"ce_t\": 0.0688, \"ce_s\": 0.1122, \"kl_t\": 0.0737, \"kl_s\": 0.0678, \"hid\": 0.0309, \"loss\": 1.2356, \"train_acc_t\": 0.9959, \"train_acc_s\": 0.9748, \"steps\": 520, \"teacher_test_acc\": 0.9758, \"teacher_test_loss\": 0.1015}\n"}
,{"stream_name":"stdout","time":11386.068712015,"data":"  round 10 client p075: {\"ce_t\": 0.0618, \"ce_s\": 0.1205, \"kl_t\": 0.097, \"kl_s\": 0.0811, \"hid\": 0.0377, \"loss\": 1.4257, \"train_acc_t\": 0.9966, \"train_acc_s\": 0.9736, \"steps\": 410, \"teacher_test_acc\": 0.9939, \"teacher_test_loss\": 0.0501}\n"}
,{"stream_name":"stdout","time":11391.091441603,"data":"  round 10 client p081: {\"ce_t\": 0.0592, \"ce_s\": 0.1194, \"kl_t\": 0.0996, \"kl_s\": 0.0807, \"hid\": 0.0372, \"loss\": 1.4294, \"train_acc_t\": 0.9988, \"train_acc_s\": 0.9757, \"steps\": 415, \"teacher_test_acc\": 0.9939, \"teacher_test_loss\": 0.0543}\n"}
,{"stream_name":"stdout","time":11424.917735569,"data":"ROUND 10/30: global student acc 0.6796 F1 0.6569 | mean teacher acc 0.9769 | 19.0 min\n"}
,{"stream_name":"stdout","time":11497.293748601,"data":"  round 11 client p002: {\"ce_t\": 0.0572, \"ce_s\": 0.0865, \"kl_t\": 0.0655, \"kl_s\": 0.0537, \"hid\": 0.0349, \"loss\": 1.3815, \"train_acc_t\": 0.9972, \"train_acc_s\": 0.9845, \"steps\": 365, \"teacher_test_acc\": 0.9724, \"teacher_test_loss\": 0.1326}\n"}
,{"stream_name":"stdout","time":11509.20934565,"data":"  round 11 client p012: {\"ce_t\": 0.0729, \"ce_s\": 0.151, \"kl_t\": 0.1183, \"kl_s\": 0.1014, \"hid\": 0.0392, \"loss\": 1.399, \"train_acc_t\": 0.9964, \"train_acc_s\": 0.9647, \"steps\": 415, \"teacher_test_acc\": 0.9697, \"teacher_test_loss\": 0.2275}\n"}
,{"stream_name":"stdout","time":11583.076793898,"data":"  round 11 client p014: {\"ce_t\": 0.0669, \"ce_s\": 0.0984, \"kl_t\": 0.0675, \"kl_s\": 0.0578, \"hid\": 0.0297, \"loss\": 1.2547, \"train_acc_t\": 0.9943, \"train_acc_s\": 0.9794, \"steps\": 440, \"teacher_test_acc\": 0.983, \"teacher_test_loss\": 0.0823}\n"}
,{"stream_name":"stdout","time":11596.212455393,"data":"  round 11 client p015: {\"ce_t\": 0.0673, \"ce_s\": 0.0974, \"kl_t\": 0.0765, \"kl_s\": 0.0675, \"hid\": 0.0294, \"loss\": 1.2164, \"train_acc_t\": 0.9934, \"train_acc_s\": 0.9803, \"steps\": 440, \"teacher_test_acc\": 0.9886, \"teacher_test_loss\": 0.0684}\n"}
,{"stream_name":"stdout","time":11687.270834973,"data":"  round 11 client p016: {\"ce_t\": 0.0526, \"ce_s\": 0.06, \"kl_t\": 0.0476, \"kl_s\": 0.0447, \"hid\": 0.0248, \"loss\": 1.1694, \"train_acc_t\": 0.9947, \"train_acc_s\": 0.991, \"steps\": 540, \"teacher_test_acc\": 0.9954, \"teacher_test_loss\": 0.0628}\n"}
,{"stream_name":"stdout","time":11716.470206986,"data":"  round 11 client p021: {\"ce_t\": 0.0525, \"ce_s\": 0.0868, \"kl_t\": 0.0632, \"kl_s\": 0.0563, \"hid\": 0.0217, \"loss\": 1.0616, \"train_acc_t\": 0.9962, \"train_acc_s\": 0.9822, \"steps\": 620, \"teacher_test_acc\": 0.9839, \"teacher_test_loss\": 0.0557}\n"}
,{"stream_name":"stdout","time":11804.590617728,"data":"  round 11 client p022: {\"ce_t\": 0.0323, \"ce_s\": 0.0446, \"kl_t\": 0.0332, \"kl_s\": 0.0278, \"hid\": 0.0165, \"loss\": 1.0854, \"train_acc_t\": 0.999, \"train_acc_s\": 0.9931, \"steps\": 620, \"teacher_test_acc\": 0.996, \"teacher_test_loss\": 0.0296}\n"}
,{"stream_name":"stdout","time":11835.634166061,"data":"  round 11 client p024: {\"ce_t\": 0.0334, \"ce_s\": 0.0459, \"kl_t\": 0.0332, \"kl_s\": 0.0289, \"hid\": 0.0185, \"loss\": 1.0922, \"train_acc_t\": 0.9996, \"train_acc_s\": 0.9941, \"steps\": 615, \"teacher_test_acc\": 0.9675, \"teacher_test_loss\": 0.1141}\n"}
,{"stream_name":"stdout","time":11918.249361109,"data":"  round 11 client p035: {\"ce_t\": 0.043, \"ce_s\": 0.0571, \"kl_t\": 0.0528, \"kl_s\": 0.0432, \"hid\": 0.0261, \"loss\": 1.2563, \"train_acc_t\": 0.9982, \"train_acc_s\": 0.9917, \"steps\": 425, \"teacher_test_acc\": 0.9824, \"teacher_test_loss\": 0.0445}\n"}
,{"stream_name":"stdout","time":11919.686145633,"data":"  round 11 client p026: {\"ce_t\": 0.0481, \"ce_s\": 0.0807, \"kl_t\": 0.0557, \"kl_s\": 0.046, \"hid\": 0.0227, \"loss\": 1.1124, \"train_acc_t\": 0.999, \"train_acc_s\": 0.9826, \"steps\": 600, \"teacher_test_acc\": 0.975, \"teacher_test_loss\": 0.1616}\n"}
,{"stream_name":"stdout","time":11980.05347108,"data":"  round 11 client p041: {\"ce_t\": 0.0505, \"ce_s\": 0.0808, \"kl_t\": 0.0651, \"kl_s\": 0.0538, \"hid\": 0.0342, \"loss\": 1.311, \"train_acc_t\": 0.9983, \"train_acc_s\": 0.9855, \"steps\": 305, \"teacher_test_acc\": 0.9339, \"teacher_test_loss\": 0.233}\n"}
,{"stream_name":"stdout","time":11985.051719206,"data":"  round 11 client p039: {\"ce_t\": 0.0583, \"ce_s\": 0.1118, \"kl_t\": 0.0804, \"kl_s\": 0.07, \"hid\": 0.0345, \"loss\": 1.3087, \"train_acc_t\": 0.9954, \"train_acc_s\": 0.9762, \"steps\": 325, \"teacher_test_acc\": 0.9847, \"teacher_test_loss\": 0.094}\n"}
,{"stream_name":"stdout","time":12039.815143931,"data":"  round 11 client p042: {\"ce_t\": 0.0457, \"ce_s\": 0.0617, \"kl_t\": 0.0544, \"kl_s\": 0.0477, \"hid\": 0.0288, \"loss\": 1.2519, \"train_acc_t\": 0.997, \"train_acc_s\": 0.989, \"steps\": 295, \"teacher_test_acc\": 0.9916, \"teacher_test_loss\": 0.0319}\n"}
,{"stream_name":"stdout","time":12057.814744931,"data":"  round 11 client p045: {\"ce_t\": 0.0509, \"ce_s\": 0.079, \"kl_t\": 0.0651, \"kl_s\": 0.052, \"hid\": 0.0274, \"loss\": 1.252, \"train_acc_t\": 0.9955, \"train_acc_s\": 0.9834, \"steps\": 365, \"teacher_test_acc\": 0.931, \"teacher_test_loss\": 0.2474}\n"}
,{"stream_name":"stdout","time":12120.41312174,"data":"  round 11 client p047: {\"ce_t\": 0.064, \"ce_s\": 0.0992, \"kl_t\": 0.0739, \"kl_s\": 0.0709, \"hid\": 0.0321, \"loss\": 1.2475, \"train_acc_t\": 0.9949, \"train_acc_s\": 0.9817, \"steps\": 420, \"teacher_test_acc\": 0.976, \"teacher_test_loss\": 0.1108}\n"}
,{"stream_name":"stdout","time":12156.599698281,"data":"  round 11 client p049: {\"ce_t\": 0.043, \"ce_s\": 0.0634, \"kl_t\": 0.0467, \"kl_s\": 0.0421, \"hid\": 0.0225, \"loss\": 1.164, \"train_acc_t\": 0.9988, \"train_acc_s\": 0.9913, \"steps\": 505, \"teacher_test_acc\": 1.0, \"teacher_test_loss\": 0.0211}\n"}
,{"stream_name":"stdout","time":12197.334140082,"data":"  round 11 client p050: {\"ce_t\": 0.0858, \"ce_s\": 0.1712, \"kl_t\": 0.1211, \"kl_s\": 0.1085, \"hid\": 0.0366, \"loss\": 1.3458, \"train_acc_t\": 0.9899, \"train_acc_s\": 0.9576, \"steps\": 395, \"teacher_test_acc\": 0.9937, \"teacher_test_loss\": 0.0609}\n"}
,{"stream_name":"stdout","time":12247.269868879,"data":"  round 11 client p051: {\"ce_t\": 0.0602, \"ce_s\": 0.0868, \"kl_t\": 0.0597, \"kl_s\": 0.0569, \"hid\": 0.0257, \"loss\": 1.1593, \"train_acc_t\": 0.9927, \"train_acc_s\": 0.9829, \"steps\": 460, \"teacher_test_acc\": 0.9511, \"teacher_test_loss\": 0.1908}\n"}
,{"stream_name":"stdout","time":12270.676086554,"data":"  round 11 client p052: {\"ce_t\": 0.0515, \"ce_s\": 0.0784, \"kl_t\": 0.0577, \"kl_s\": 0.0523, \"hid\": 0.0291, \"loss\": 1.2797, \"train_acc_t\": 0.9966, \"train_acc_s\": 0.9845, \"steps\": 370, \"teacher_test_acc\": 0.9662, \"teacher_test_loss\": 0.1309}\n"}
,{"stream_name":"stdout","time":12327.10511726,"data":"  round 11 client p056: {\"ce_t\": 0.0569, \"ce_s\": 0.1032, \"kl_t\": 0.0907, \"kl_s\": 0.0748, \"hid\": 0.0287, \"loss\": 1.215, \"train_acc_t\": 0.9984, \"train_acc_s\": 0.9805, \"steps\": 400, \"teacher_test_acc\": 0.9748, \"teacher_test_loss\": 0.1453}\n"}
,{"stream_name":"stdout","time":12350.129254988,"data":"  round 11 client p061: {\"ce_t\": 0.0661, \"ce_s\": 0.1023, \"kl_t\": 0.0691, \"kl_s\": 0.0643, \"hid\": 0.0347, \"loss\": 1.2936, \"train_acc_t\": 0.9963, \"train_acc_s\": 0.979, \"steps\": 405, \"teacher_test_acc\": 0.963, \"teacher_test_loss\": 0.1145}\n"}
,{"stream_name":"stdout","time":12409.044250266,"data":"  round 11 client p064: {\"ce_t\": 0.0531, \"ce_s\": 0.0751, \"kl_t\": 0.0618, \"kl_s\": 0.049, \"hid\": 0.0279, \"loss\": 1.2135, \"train_acc_t\": 0.997, \"train_acc_s\": 0.9869, \"steps\": 410, \"teacher_test_acc\": 0.9695, \"teacher_test_loss\": 0.0744}\n"}
,{"stream_name":"stdout","time":12446.30093736,"data":"  round 11 client p072: {\"ce_t\": 0.1004, \"ce_s\": 0.2082, \"kl_t\": 0.1807, \"kl_s\": 0.1397, \"hid\": 0.0858, \"loss\": 1.964, \"train_acc_t\": 0.9949, \"train_acc_s\": 0.9478, \"steps\": 175, \"teacher_test_acc\": 1.0, \"teacher_test_loss\": 0.0515}\n"}
,{"stream_name":"stdout","time":12451.050743476,"data":"  round 11 client p066: {\"ce_t\": 0.0665, \"ce_s\": 0.1105, \"kl_t\": 0.0722, \"kl_s\": 0.0622, \"hid\": 0.0293, \"loss\": 1.2165, \"train_acc_t\": 0.9961, \"train_acc_s\": 0.9773, \"steps\": 520, \"teacher_test_acc\": 0.9565, \"teacher_test_loss\": 0.1973}\n"}
,{"stream_name":"stdout","time":12527.822723287,"data":"  round 11 client p075: {\"ce_t\": 0.0604, \"ce_s\": 0.0901, \"kl_t\": 0.0688, \"kl_s\": 0.0593, \"hid\": 0.0342, \"loss\": 1.381, \"train_acc_t\": 0.9972, \"train_acc_s\": 0.9831, \"steps\": 410, \"teacher_test_acc\": 1.0, \"teacher_test_loss\": 0.0281}\n"}
,{"stream_name":"stdout","time":12531.2784055,"data":"  round 11 client p081: {\"ce_t\": 0.0641, \"ce_s\": 0.1065, \"kl_t\": 0.0893, \"kl_s\": 0.076, \"hid\": 0.0346, \"loss\": 1.373, \"train_acc_t\": 0.9964, \"train_acc_s\": 0.9784, \"steps\": 415, \"teacher_test_acc\": 0.9879, \"teacher_test_loss\": 0.0607}\n"}
,{"stream_name":"stdout","time":12565.164492026,"data":"ROUND 11/30: global student acc 0.7005 F1 0.6808 | mean teacher acc 0.9767 | 19.0 min\n"}
,{"stream_name":"stdout","time":12638.009078384,"data":"  round 12 client p002: {\"ce_t\": 0.0532, \"ce_s\": 0.0892, \"kl_t\": 0.0703, \"kl_s\": 0.0545, \"hid\": 0.0318, \"loss\": 1.3179, \"train_acc_t\": 0.9979, \"train_acc_s\": 0.9828, \"steps\": 365, \"teacher_test_acc\": 0.9793, \"teacher_test_loss\": 0.07}\n"}
,{"stream_name":"stdout","time":12649.811456679,"data":"  round 12 client p012: {\"ce_t\": 0.073, \"ce_s\": 0.1369, \"kl_t\": 0.113, \"kl_s\": 0.1012, \"hid\": 0.0363, \"loss\": 1.379, \"train_acc_t\": 0.9945, \"train_acc_s\": 0.9723, \"steps\": 415, \"teacher_test_acc\": 0.9576, \"teacher_test_loss\": 0.1929}\n"}
,{"stream_name":"stdout","time":12723.71271609,"data":"  round 12 client p014: {\"ce_t\": 0.0704, \"ce_s\": 0.0982, \"kl_t\": 0.0707, \"kl_s\": 0.0638, \"hid\": 0.029, \"loss\": 1.2918, \"train_acc_t\": 0.9943, \"train_acc_s\": 0.9791, \"steps\": 440, \"teacher_test_acc\": 0.9602, \"teacher_test_loss\": 0.1555}\n"}
,{"stream_name":"stdout","time":12736.809022975,"data":"  round 12 client p015: {\"ce_t\": 0.0568, \"ce_s\": 0.0868, \"kl_t\": 0.0668, \"kl_s\": 0.0578, \"hid\": 0.0264, \"loss\": 1.1597, \"train_acc_t\": 0.9969, \"train_acc_s\": 0.9837, \"steps\": 440, \"teacher_test_acc\": 0.9886, \"teacher_test_loss\": 0.0725}\n"}
,{"stream_name":"stdout","time":12826.878577236,"data":"  round 12 client p016: {\"ce_t\": 0.0449, \"ce_s\": 0.0472, \"kl_t\": 0.0408, \"kl_s\": 0.0374, \"hid\": 0.0236, \"loss\": 1.1574, \"train_acc_t\": 0.9965, \"train_acc_s\": 0.994, \"steps\": 540, \"teacher_test_acc\": 0.9769, \"teacher_test_loss\": 0.0924}\n"}
,{"stream_name":"stdout","time":12856.763774312,"data":"  round 12 client p021: {\"ce_t\": 0.0515, \"ce_s\": 0.0877, \"kl_t\": 0.0583, \"kl_s\": 0.0497, \"hid\": 0.0196, \"loss\": 1.0132, \"train_acc_t\": 0.997, \"train_acc_s\": 0.9824, \"steps\": 620, \"teacher_test_acc\": 0.9798, \"teacher_test_loss\": 0.0565}\n"}
,{"stream_name":"stdout","time":12944.54625212,"data":"  round 12 client p022: {\"ce_t\": 0.0328, \"ce_s\": 0.044, \"kl_t\": 0.0356, \"kl_s\": 0.0305, \"hid\": 0.0137, \"loss\": 0.966, \"train_acc_t\": 0.998, \"train_acc_s\": 0.9923, \"steps\": 620, \"teacher_test_acc\": 0.9879, \"teacher_test_loss\": 0.0349}\n"}
,{"stream_name":"stdout","time":12975.568570065,"data":"  round 12 client p024: {\"ce_t\": 0.0361, \"ce_s\": 0.0438, \"kl_t\": 0.0349, \"kl_s\": 0.0324, \"hid\": 0.0178, \"loss\": 1.0328, \"train_acc_t\": 0.9965, \"train_acc_s\": 0.9939, \"steps\": 615, \"teacher_test_acc\": 1.0, \"teacher_test_loss\": 0.0161}\n"}
,{"stream_name":"stdout","time":13058.568342021,"data":"  round 12 client p035: {\"ce_t\": 0.0311, \"ce_s\": 0.0416, \"kl_t\": 0.0362, \"kl_s\": 0.0307, \"hid\": 0.0177, \"loss\": 1.0851, \"train_acc_t\": 0.9988, \"train_acc_s\": 0.9938, \"steps\": 425, \"teacher_test_acc\": 0.9765, \"teacher_test_loss\": 0.088}\n"}
,{"stream_name":"stdout","time":13058.972894913,"data":"  round 12 client p026: {\"ce_t\": 0.0511, \"ce_s\": 0.0736, \"kl_t\": 0.0592, \"kl_s\": 0.0553, \"hid\": 0.0228, \"loss\": 1.1479, \"train_acc_t\": 0.9969, \"train_acc_s\": 0.9872, \"steps\": 600, \"teacher_test_acc\": 0.9958, \"teacher_test_loss\": 0.0632}\n"}
,{"stream_name":"stdout","time":13120.202791035,"data":"  round 12 client p041: {\"ce_t\": 0.0515, \"ce_s\": 0.0735, \"kl_t\": 0.0525, \"kl_s\": 0.0494, \"hid\": 0.0308, \"loss\": 1.3384, \"train_acc_t\": 0.9979, \"train_acc_s\": 0.9884, \"steps\": 305, \"teacher_test_acc\": 0.9504, \"teacher_test_loss\": 0.1493}\n"}
,{"stream_name":"stdout","time":13125.417296897,"data":"  round 12 client p039: {\"ce_t\": 0.0626, \"ce_s\": 0.1138, \"kl_t\": 0.0808, \"kl_s\": 0.0751, \"hid\": 0.0376, \"loss\": 1.3814, \"train_acc_t\": 0.9962, \"train_acc_s\": 0.9754, \"steps\": 325, \"teacher_test_acc\": 0.9771, \"teacher_test_loss\": 0.0775}\n"}
,{"stream_name":"stdout","time":13180.225448942,"data":"  round 12 client p042: {\"ce_t\": 0.0429, \"ce_s\": 0.064, \"kl_t\": 0.0546, \"kl_s\": 0.0431, \"hid\": 0.0264, \"loss\": 1.1702, \"train_acc_t\": 0.9983, \"train_acc_s\": 0.9864, \"steps\": 295, \"teacher_test_acc\": 1.0, \"teacher_test_loss\": 0.0301}\n"}
,{"stream_name":"stdout","time":13198.825551492,"data":"  round 12 client p045: {\"ce_t\": 0.053, \"ce_s\": 0.0827, \"kl_t\": 0.0581, \"kl_s\": 0.0524, \"hid\": 0.0265, \"loss\": 1.2166, \"train_acc_t\": 0.9938, \"train_acc_s\": 0.9827, \"steps\": 365, \"teacher_test_acc\": 0.9862, \"teacher_test_loss\": 0.0667}\n"}
,{"stream_name":"stdout","time":13261.903957042,"data":"  round 12 client p047: {\"ce_t\": 0.0565, \"ce_s\": 0.0947, \"kl_t\": 0.0665, \"kl_s\": 0.0597, \"hid\": 0.0265, \"loss\": 1.1657, \"train_acc_t\": 0.9967, \"train_acc_s\": 0.9787, \"steps\": 420, \"teacher_test_acc\": 0.982, \"teacher_test_loss\": 0.0901}\n"}
,{"stream_name":"stdout","time":13297.773864822,"data":"  round 12 client p049: {\"ce_t\": 0.034, \"ce_s\": 0.0471, \"kl_t\": 0.0344, \"kl_s\": 0.0304, \"hid\": 0.0166, \"loss\": 1.0369, \"train_acc_t\": 0.9983, \"train_acc_s\": 0.9933, \"steps\": 505, \"teacher_test_acc\": 1.0, \"teacher_test_loss\": 0.0161}\n"}
,{"stream_name":"stdout","time":13339.251955809,"data":"  round 12 client p050: {\"ce_t\": 0.0816, \"ce_s\": 0.1666, \"kl_t\": 0.117, \"kl_s\": 0.1039, \"hid\": 0.0362, \"loss\": 1.2791, \"train_acc_t\": 0.9921, \"train_acc_s\": 0.9576, \"steps\": 395, \"teacher_test_acc\": 0.9873, \"teacher_test_loss\": 0.0483}\n"}
,{"stream_name":"stdout","time":13388.728321703,"data":"  round 12 client p051: {\"ce_t\": 0.0577, \"ce_s\": 0.0943, \"kl_t\": 0.0651, \"kl_s\": 0.0571, \"hid\": 0.0265, \"loss\": 1.1636, \"train_acc_t\": 0.9967, \"train_acc_s\": 0.981, \"steps\": 460, \"teacher_test_acc\": 0.9565, \"teacher_test_loss\": 0.1307}\n"}
,{"stream_name":"stdout","time":13412.856782461,"data":"  round 12 client p052: {\"ce_t\": 0.0423, \"ce_s\": 0.0679, \"kl_t\": 0.0549, \"kl_s\": 0.045, \"hid\": 0.0234, \"loss\": 1.2134, \"train_acc_t\": 0.9983, \"train_acc_s\": 0.9855, \"steps\": 370, \"teacher_test_acc\": 0.973, \"teacher_test_loss\": 0.1533}\n"}
,{"stream_name":"stdout","time":13468.310404017,"data":"  round 12 client p056: {\"ce_t\": 0.0527, \"ce_s\": 0.0865, \"kl_t\": 0.0656, \"kl_s\": 0.0572, \"hid\": 0.0243, \"loss\": 1.1056, \"train_acc_t\": 0.9965, \"train_acc_s\": 0.9811, \"steps\": 400, \"teacher_test_acc\": 0.9874, \"teacher_test_loss\": 0.0788}\n"}
,{"stream_name":"stdout","time":13491.532313833,"data":"  round 12 client p061: {\"ce_t\": 0.0602, \"ce_s\": 0.0944, \"kl_t\": 0.0693, \"kl_s\": 0.0594, \"hid\": 0.0299, \"loss\": 1.2447, \"train_acc_t\": 0.9972, \"train_acc_s\": 0.9799, \"steps\": 405, \"teacher_test_acc\": 0.9815, \"teacher_test_loss\": 0.1068}\n"}
,{"stream_name":"stdout","time":13550.152396432,"data":"  round 12 client p064: {\"ce_t\": 0.056, \"ce_s\": 0.087, \"kl_t\": 0.0709, \"kl_s\": 0.0576, \"hid\": 0.0281, \"loss\": 1.1838, \"train_acc_t\": 0.9985, \"train_acc_s\": 0.9851, \"steps\": 410, \"teacher_test_acc\": 0.9939, \"teacher_test_loss\": 0.0387}\n"}
,{"stream_name":"stdout","time":13587.741350516,"data":"  round 12 client p072: {\"ce_t\": 0.1142, \"ce_s\": 0.2194, \"kl_t\": 0.1915, \"kl_s\": 0.1586, \"hid\": 0.0816, \"loss\": 1.8575, \"train_acc_t\": 0.992, \"train_acc_s\": 0.9493, \"steps\": 175, \"teacher_test_acc\": 1.0, \"teacher_test_loss\": 0.1089}\n"}
,{"stream_name":"stdout","time":13592.79995645,"data":"  round 12 client p066: {\"ce_t\": 0.0676, \"ce_s\": 0.1051, \"kl_t\": 0.072, \"kl_s\": 0.0661, \"hid\": 0.0263, \"loss\": 1.1664, \"train_acc_t\": 0.9947, \"train_acc_s\": 0.9773, \"steps\": 520, \"teacher_test_acc\": 0.9855, \"teacher_test_loss\": 0.0584}\n"}
,{"stream_name":"stdout","time":13669.055337377,"data":"  round 12 client p075: {\"ce_t\": 0.0569, \"ce_s\": 0.0909, \"kl_t\": 0.0724, \"kl_s\": 0.0602, \"hid\": 0.029, \"loss\": 1.2405, \"train_acc_t\": 0.9963, \"train_acc_s\": 0.9831, \"steps\": 410, \"teacher_test_acc\": 0.9877, \"teacher_test_loss\": 0.0563}\n"}
,{"stream_name":"stdout","time":13672.217528013,"data":"  round 12 client p081: {\"ce_t\": 0.0644, \"ce_s\": 0.0904, \"kl_t\": 0.0905, \"kl_s\": 0.0786, \"hid\": 0.0308, \"loss\": 1.3409, \"train_acc_t\": 0.9951, \"train_acc_s\": 0.983, \"steps\": 415, \"teacher_test_acc\": 0.9939, \"teacher_test_loss\": 0.046}\n"}
,{"stream_name":"stdout","time":13705.384782038,"data":"ROUND 12/30: global student acc 0.7234 F1 0.7082 | mean teacher acc 0.9825 | 19.0 min\n"}
,{"stream_name":"stdout","time":13777.04901205,"data":"  round 13 client p002: {\"ce_t\": 0.0509, \"ce_s\": 0.0743, \"kl_t\": 0.0665, \"kl_s\": 0.0521, \"hid\": 0.0265, \"loss\": 1.2274, \"train_acc_t\": 0.9972, \"train_acc_s\": 0.9852, \"steps\": 365, \"teacher_test_acc\": 0.9586, \"teacher_test_loss\": 0.1916}\n"}
,{"stream_name":"stdout","time":13789.083167594,"data":"  round 13 client p012: {\"ce_t\": 0.0664, \"ce_s\": 0.1313, \"kl_t\": 0.1062, \"kl_s\": 0.0873, \"hid\": 0.0313, \"loss\": 1.2837, \"train_acc_t\": 0.9973, \"train_acc_s\": 0.9705, \"steps\": 415, \"teacher_test_acc\": 0.9636, \"teacher_test_loss\": 0.2039}\n"}
,{"stream_name":"stdout","time":13862.564102834,"data":"  round 13 client p014: {\"ce_t\": 0.0601, \"ce_s\": 0.0979, \"kl_t\": 0.0634, \"kl_s\": 0.0548, \"hid\": 0.0268, \"loss\": 1.1924, \"train_acc_t\": 0.9971, \"train_acc_s\": 0.9803, \"steps\": 440, \"teacher_test_acc\": 0.9659, \"teacher_test_loss\": 0.1149}\n"}
,{"stream_name":"stdout","time":13876.039683447,"data":"  round 13 client p015: {\"ce_t\": 0.0487, \"ce_s\": 0.0883, \"kl_t\": 0.0738, \"kl_s\": 0.0589, \"hid\": 0.0217, \"loss\": 1.1031, \"train_acc_t\": 0.998, \"train_acc_s\": 0.982, \"steps\": 440, \"teacher_test_acc\": 0.9829, \"teacher_test_loss\": 0.0994}\n"}
,{"stream_name":"stdout","time":13965.745944646,"data":"  round 13 client p016: {\"ce_t\": 0.0379, \"ce_s\": 0.0468, \"kl_t\": 0.0407, \"kl_s\": 0.034, \"hid\": 0.0194, \"loss\": 1.0936, \"train_acc_t\": 0.9965, \"train_acc_s\": 0.9935, \"steps\": 540, \"teacher_test_acc\": 0.963, \"teacher_test_loss\": 0.2016}\n"}
,{"stream_name":"stdout","time":13996.247131424,"data":"  round 13 client p021: {\"ce_t\": 0.049, \"ce_s\": 0.0761, \"kl_t\": 0.0494, \"kl_s\": 0.0449, \"hid\": 0.0194, \"loss\": 1.0316, \"train_acc_t\": 0.9974, \"train_acc_s\": 0.9865, \"steps\": 620, \"teacher_test_acc\": 0.9839, \"teacher_test_loss\": 0.0861}\n"}
,{"stream_name":"stdout","time":14083.449813588,"data":"  round 13 client p022: {\"ce_t\": 0.0319, \"ce_s\": 0.0392, \"kl_t\": 0.0281, \"kl_s\": 0.0231, \"hid\": 0.0141, \"loss\": 0.9495, \"train_acc_t\": 0.998, \"train_acc_s\": 0.9945, \"steps\": 620, \"teacher_test_acc\": 0.9879, \"teacher_test_loss\": 0.0508}\n"}
,{"stream_name":"stdout","time":14115.364539889,"data":"  round 13 client p024: {\"ce_t\": 0.0355, \"ce_s\": 0.0434, \"kl_t\": 0.0377, \"kl_s\": 0.0373, \"hid\": 0.0159, \"loss\": 0.9816, \"train_acc_t\": 0.9982, \"train_acc_s\": 0.9943, \"steps\": 615, \"teacher_test_acc\": 0.9959, \"teacher_test_loss\": 0.0215}\n"}
,{"stream_name":"stdout","time":14198.128768178,"data":"  round 13 client p026: {\"ce_t\": 0.045, \"ce_s\": 0.0589, \"kl_t\": 0.0421, \"kl_s\": 0.0377, \"hid\": 0.0204, \"loss\": 1.0456, \"train_acc_t\": 0.9979, \"train_acc_s\": 0.9906, \"steps\": 600, \"teacher_test_acc\": 0.9667, \"teacher_test_loss\": 0.1746}\n"}
,{"stream_name":"stdout","time":14200.125956878,"data":"  round 13 client p035: {\"ce_t\": 0.0326, \"ce_s\": 0.0451, \"kl_t\": 0.0387, \"kl_s\": 0.033, \"hid\": 0.0203, \"loss\": 1.1347, \"train_acc_t\": 0.9985, \"train_acc_s\": 0.9938, \"steps\": 425, \"teacher_test_acc\": 0.9882, \"teacher_test_loss\": 0.0716}\n"}
,{"stream_name":"stdout","time":14261.944773232,"data":"  round 13 client p041: {\"ce_t\": 0.0447, \"ce_s\": 0.0667, \"kl_t\": 0.0515, \"kl_s\": 0.047, \"hid\": 0.0277, \"loss\": 1.2838, \"train_acc_t\": 0.9971, \"train_acc_s\": 0.9893, \"steps\": 305, \"teacher_test_acc\": 0.9504, \"teacher_test_loss\": 0.2175}\n"}
,{"stream_name":"stdout","time":14263.950394032,"data":"  round 13 client p039: {\"ce_t\": 0.0755, \"ce_s\": 0.0973, \"kl_t\": 0.0837, \"kl_s\": 0.0756, \"hid\": 0.0352, \"loss\": 1.3297, \"train_acc_t\": 0.9908, \"train_acc_s\": 0.98, \"steps\": 325, \"teacher_test_acc\": 1.0, \"teacher_test_loss\": 0.0625}\n"}
,{"stream_name":"stdout","time":14322.952957085,"data":"  round 13 client p042: {\"ce_t\": 0.0328, \"ce_s\": 0.0493, \"kl_t\": 0.0408, \"kl_s\": 0.0306, \"hid\": 0.0199, \"loss\": 1.0841, \"train_acc_t\": 0.9983, \"train_acc_s\": 0.9894, \"steps\": 295, \"teacher_test_acc\": 1.0, \"teacher_test_loss\": 0.0251}\n"}
,{"stream_name":"stdout","time":14336.617933804,"data":"  round 13 client p045: {\"ce_t\": 0.045, \"ce_s\": 0.0615, \"kl_t\": 0.0442, \"kl_s\": 0.0368, \"hid\": 0.0241, \"loss\": 1.2175, \"train_acc_t\": 0.9962, \"train_acc_s\": 0.9879, \"steps\": 365, \"teacher_test_acc\": 0.9724, \"teacher_test_loss\": 0.1121}\n"}
,{"stream_name":"stdout","time":14405.634820985,"data":"  round 13 client p047: {\"ce_t\": 0.0701, \"ce_s\": 0.1096, \"kl_t\": 0.0792, \"kl_s\": 0.0765, \"hid\": 0.0263, \"loss\": 1.1756, \"train_acc_t\": 0.9925, \"train_acc_s\": 0.9781, \"steps\": 420, \"teacher_test_acc\": 0.988, \"teacher_test_loss\": 0.0872}\n"}
,{"stream_name":"stdout","time":14434.290248844,"data":"  round 13 client p049: {\"ce_t\": 0.0309, \"ce_s\": 0.041, \"kl_t\": 0.0306, \"kl_s\": 0.0282, \"hid\": 0.0151, \"loss\": 1.0229, \"train_acc_t\": 0.9988, \"train_acc_s\": 0.9946, \"steps\": 505, \"teacher_test_acc\": 1.0, \"teacher_test_loss\": 0.0113}\n"}
,{"stream_name":"stdout","time":14484.991445737,"data":"  round 13 client p050: {\"ce_t\": 0.0861, \"ce_s\": 0.1663, \"kl_t\": 0.1259, \"kl_s\": 0.1084, \"hid\": 0.0336, \"loss\": 1.2929, \"train_acc_t\": 0.9915, \"train_acc_s\": 0.9601, \"steps\": 395, \"teacher_test_acc\": 0.9494, \"teacher_test_loss\": 0.204}\n"}
,{"stream_name":"stdout","time":14524.486920835,"data":"  round 13 client p051: {\"ce_t\": 0.0503, \"ce_s\": 0.0864, \"kl_t\": 0.0607, \"kl_s\": 0.0507, \"hid\": 0.0216, \"loss\": 1.1039, \"train_acc_t\": 0.9951, \"train_acc_s\": 0.9818, \"steps\": 460, \"teacher_test_acc\": 0.9511, \"teacher_test_loss\": 0.1316}\n"}
,{"stream_name":"stdout","time":14560.018101612,"data":"  round 13 client p052: {\"ce_t\": 0.0657, \"ce_s\": 0.0722, \"kl_t\": 0.063, \"kl_s\": 0.0581, \"hid\": 0.0262, \"loss\": 1.197, \"train_acc_t\": 0.9916, \"train_acc_s\": 0.9895, \"steps\": 370, \"teacher_test_acc\": 0.9662, \"teacher_test_loss\": 0.1778}\n"}
,{"stream_name":"stdout","time":14602.50938749,"data":"  round 13 client p056: {\"ce_t\": 0.0591, \"ce_s\": 0.0886, \"kl_t\": 0.075, \"kl_s\": 0.0623, \"hid\": 0.024, \"loss\": 1.1462, \"train_acc_t\": 0.9959, \"train_acc_s\": 0.9839, \"steps\": 400, \"teacher_test_acc\": 0.956, \"teacher_test_loss\": 0.1889}\n"}
,{"stream_name":"stdout","time":14641.081444718,"data":"  round 13 client p061: {\"ce_t\": 0.0549, \"ce_s\": 0.0845, \"kl_t\": 0.0591, \"kl_s\": 0.0518, \"hid\": 0.0275, \"loss\": 1.1909, \"train_acc_t\": 0.9981, \"train_acc_s\": 0.9861, \"steps\": 405, \"teacher_test_acc\": 0.9691, \"teacher_test_loss\": 0.1404}\n"}
,{"stream_name":"stdout","time":14682.459092397,"data":"  round 13 client p064: {\"ce_t\": 0.0544, \"ce_s\": 0.0802, \"kl_t\": 0.0627, \"kl_s\": 0.0574, \"hid\": 0.0264, \"loss\": 1.205, \"train_acc_t\": 0.997, \"train_acc_s\": 0.9854, \"steps\": 410, \"teacher_test_acc\": 0.9939, \"teacher_test_loss\": 0.0332}\n"}
,{"stream_name":"stdout","time":14718.986411856,"data":"  round 13 client p072: {\"ce_t\": 0.0842, \"ce_s\": 0.1639, \"kl_t\": 0.1418, \"kl_s\": 0.1138, \"hid\": 0.0647, \"loss\": 1.7281, \"train_acc_t\": 0.9957, \"train_acc_s\": 0.9616, \"steps\": 175, \"teacher_test_acc\": 0.9714, \"teacher_test_loss\": 0.1255}\n"}
,{"stream_name":"stdout","time":14744.068898963,"data":"  round 13 client p066: {\"ce_t\": 0.0632, \"ce_s\": 0.1064, \"kl_t\": 0.0716, \"kl_s\": 0.0644, \"hid\": 0.025, \"loss\": 1.1515, \"train_acc_t\": 0.9971, \"train_acc_s\": 0.9797, \"steps\": 520, \"teacher_test_acc\": 0.9952, \"teacher_test_loss\": 0.0908}\n"}
,{"stream_name":"stdout","time":14799.108173519,"data":"  round 13 client p075: {\"ce_t\": 0.0549, \"ce_s\": 0.0881, \"kl_t\": 0.0692, \"kl_s\": 0.0606, \"hid\": 0.0281, \"loss\": 1.2596, \"train_acc_t\": 0.9975, \"train_acc_s\": 0.9846, \"steps\": 410, \"teacher_test_acc\": 0.9877, \"teacher_test_loss\": 0.0694}\n"}
,{"stream_name":"stdout","time":14824.995077568,"data":"  round 13 client p081: {\"ce_t\": 0.0494, \"ce_s\": 0.0797, \"kl_t\": 0.0626, \"kl_s\": 0.0541, \"hid\": 0.0261, \"loss\": 1.2356, \"train_acc_t\": 0.997, \"train_acc_s\": 0.986, \"steps\": 415, \"teacher_test_acc\": 0.9636, \"teacher_test_loss\": 0.1096}\n"}
,{"stream_name":"stdout","time":14858.890591312,"data":"ROUND 13/30: global student acc 0.7381 F1 0.7198 | mean teacher acc 0.9758 | 19.2 min\n"}
,{"stream_name":"stdout","time":14931.850337494,"data":"  round 14 client p002: {\"ce_t\": 0.0476, \"ce_s\": 0.0777, \"kl_t\": 0.0704, \"kl_s\": 0.0542, \"hid\": 0.0239, \"loss\": 1.1832, \"train_acc_t\": 0.9972, \"train_acc_s\": 0.9848, \"steps\": 365, \"teacher_test_acc\": 0.9655, \"teacher_test_loss\": 0.1775}\n"}
,{"stream_name":"stdout","time":14943.918543454,"data":"  round 14 client p012: {\"ce_t\": 0.0635, \"ce_s\": 0.1242, \"kl_t\": 0.1153, \"kl_s\": 0.0906, \"hid\": 0.0312, \"loss\": 1.2673, \"train_acc_t\": 0.9979, \"train_acc_s\": 0.9729, \"steps\": 415, \"teacher_test_acc\": 0.9636, \"teacher_test_loss\": 0.1932}\n"}
,{"stream_name":"stdout","time":15017.745220056,"data":"  round 14 client p014: {\"ce_t\": 0.0547, \"ce_s\": 0.0802, \"kl_t\": 0.0514, \"kl_s\": 0.0448, \"hid\": 0.0226, \"loss\": 1.1074, \"train_acc_t\": 0.996, \"train_acc_s\": 0.984, \"steps\": 440, \"teacher_test_acc\": 0.9659, \"teacher_test_loss\": 0.1524}\n"}
,{"stream_name":"stdout","time":15031.008921167,"data":"  round 14 client p015: {\"ce_t\": 0.0527, \"ce_s\": 0.0898, \"kl_t\": 0.0696, \"kl_s\": 0.0622, \"hid\": 0.0216, \"loss\": 1.0855, \"train_acc_t\": 0.9974, \"train_acc_s\": 0.9834, \"steps\": 440, \"teacher_test_acc\": 0.9829, \"teacher_test_loss\": 0.0882}\n"}
,{"stream_name":"stdout","time":15121.068243282,"data":"  round 14 client p016: {\"ce_t\": 0.0352, \"ce_s\": 0.0391, \"kl_t\": 0.0293, \"kl_s\": 0.0275, \"hid\": 0.0154, \"loss\": 0.987, \"train_acc_t\": 0.9965, \"train_acc_s\": 0.9949, \"steps\": 540, \"teacher_test_acc\": 0.9676, \"teacher_test_loss\": 0.1852}\n"}
,{"stream_name":"stdout","time":15150.927404948,"data":"  round 14 client p021: {\"ce_t\": 0.0394, \"ce_s\": 0.0635, \"kl_t\": 0.0404, \"kl_s\": 0.0359, \"hid\": 0.0156, \"loss\": 0.9255, \"train_acc_t\": 0.9984, \"train_acc_s\": 0.9879, \"steps\": 620, \"teacher_test_acc\": 0.9879, \"teacher_test_loss\": 0.0532}\n"}
,{"stream_name":"stdout","time":15238.314218555,"data":"  round 14 client p022: {\"ce_t\": 0.0314, \"ce_s\": 0.0423, \"kl_t\": 0.0322, \"kl_s\": 0.0261, \"hid\": 0.0128, \"loss\": 0.9131, \"train_acc_t\": 0.9986, \"train_acc_s\": 0.9923, \"steps\": 620, \"teacher_test_acc\": 0.9838, \"teacher_test_loss\": 0.0501}\n"}
,{"stream_name":"stdout","time":15269.447519166,"data":"  round 14 client p024: {\"ce_t\": 0.0263, \"ce_s\": 0.042, \"kl_t\": 0.0366, \"kl_s\": 0.0332, \"hid\": 0.014, \"loss\": 0.9612, \"train_acc_t\": 0.9992, \"train_acc_s\": 0.9935, \"steps\": 615, \"teacher_test_acc\": 1.0, \"teacher_test_loss\": 0.0088}\n"}
,{"stream_name":"stdout","time":15352.321536387,"data":"  round 14 client p035: {\"ce_t\": 0.0286, \"ce_s\": 0.0413, \"kl_t\": 0.0317, \"kl_s\": 0.0229, \"hid\": 0.0168, \"loss\": 1.0177, \"train_acc_t\": 1.0, \"train_acc_s\": 0.9941, \"steps\": 425, \"teacher_test_acc\": 0.9824, \"teacher_test_loss\": 0.0619}\n"}
,{"stream_name":"stdout","time":15352.889647396,"data":"  round 14 client p026: {\"ce_t\": 0.0676, \"ce_s\": 0.0824, \"kl_t\": 0.0629, \"kl_s\": 0.0555, \"hid\": 0.0225, \"loss\": 1.0939, \"train_acc_t\": 0.9933, \"train_acc_s\": 0.9847, \"steps\": 600, \"teacher_test_acc\": 0.9792, \"teacher_test_loss\": 0.1027}\n"}
,{"stream_name":"stdout","time":15414.097066145,"data":"  round 14 client p041: {\"ce_t\": 0.042, \"ce_s\": 0.0689, \"kl_t\": 0.0555, \"kl_s\": 0.0481, \"hid\": 0.0252, \"loss\": 1.19, \"train_acc_t\": 0.9983, \"train_acc_s\": 0.9897, \"steps\": 305, \"teacher_test_acc\": 0.9587, \"teacher_test_loss\": 0.2057}\n"}
,{"stream_name":"stdout","time":15420.495210238,"data":"  round 14 client p039: {\"ce_t\": 0.0795, \"ce_s\": 0.0998, \"kl_t\": 0.0912, \"kl_s\": 0.0969, \"hid\": 0.0335, \"loss\": 1.3302, \"train_acc_t\": 0.99, \"train_acc_s\": 0.9792, \"steps\": 325, \"teacher_test_acc\": 0.9084, \"teacher_test_loss\": 0.3331}\n"}
,{"stream_name":"stdout","time":15473.642987393,"data":"  round 14 client p042: {\"ce_t\": 0.0401, \"ce_s\": 0.0488, \"kl_t\": 0.0479, \"kl_s\": 0.0436, \"hid\": 0.0212, \"loss\": 1.1486, \"train_acc_t\": 0.997, \"train_acc_s\": 0.9911, \"steps\": 295, \"teacher_test_acc\": 0.6807, \"teacher_test_loss\": 0.8582}\n"}
,{"stream_name":"stdout","time":15493.59440652,"data":"  round 14 client p045: {\"ce_t\": 0.0511, \"ce_s\": 0.0712, \"kl_t\": 0.0542, \"kl_s\": 0.0487, \"hid\": 0.0241, \"loss\": 1.168, \"train_acc_t\": 0.9945, \"train_acc_s\": 0.9851, \"steps\": 365, \"teacher_test_acc\": 0.9724, \"teacher_test_loss\": 0.1193}\n"}
,{"stream_name":"stdout","time":15555.240957718,"data":"  round 14 client p047: {\"ce_t\": 0.0563, \"ce_s\": 0.0959, \"kl_t\": 0.0736, \"kl_s\": 0.0616, \"hid\": 0.0236, \"loss\": 1.1245, \"train_acc_t\": 0.9967, \"train_acc_s\": 0.9799, \"steps\": 420, \"teacher_test_acc\": 0.988, \"teacher_test_loss\": 0.0806}\n"}
,{"stream_name":"stdout","time":15592.519479173,"data":"  round 14 client p049: {\"ce_t\": 0.0333, \"ce_s\": 0.044, \"kl_t\": 0.035, \"kl_s\": 0.0274, \"hid\": 0.0155, \"loss\": 1.0092, \"train_acc_t\": 0.9988, \"train_acc_s\": 0.9936, \"steps\": 505, \"teacher_test_acc\": 1.0, \"teacher_test_loss\": 0.0116}\n"}
,{"stream_name":"stdout","time":15632.803800505,"data":"  round 14 client p050: {\"ce_t\": 0.0657, \"ce_s\": 0.1107, \"kl_t\": 0.0738, \"kl_s\": 0.059, \"hid\": 0.0253, \"loss\": 1.1142, \"train_acc_t\": 0.9921, \"train_acc_s\": 0.9725, \"steps\": 395, \"teacher_test_acc\": 0.9937, \"teacher_test_loss\": 0.05}\n"}
,{"stream_name":"stdout","time":15683.743159063,"data":"  round 14 client p051: {\"ce_t\": 0.0491, \"ce_s\": 0.088, \"kl_t\": 0.0609, \"kl_s\": 0.0522, \"hid\": 0.0193, \"loss\": 1.023, \"train_acc_t\": 0.9973, \"train_acc_s\": 0.9821, \"steps\": 460, \"teacher_test_acc\": 0.9783, \"teacher_test_loss\": 0.1272}\n"}
,{"stream_name":"stdout","time":15705.696998799,"data":"  round 14 client p052: {\"ce_t\": 0.0539, \"ce_s\": 0.0607, \"kl_t\": 0.046, \"kl_s\": 0.0417, \"hid\": 0.0207, \"loss\": 1.0822, \"train_acc_t\": 0.9936, \"train_acc_s\": 0.9909, \"steps\": 370, \"teacher_test_acc\": 0.9527, \"teacher_test_loss\": 0.1955}\n"}
,{"stream_name":"stdout","time":15763.23374495,"data":"  round 14 client p056: {\"ce_t\": 0.0596, \"ce_s\": 0.0833, \"kl_t\": 0.0664, \"kl_s\": 0.0575, \"hid\": 0.0236, \"loss\": 1.0709, \"train_acc_t\": 0.9959, \"train_acc_s\": 0.9849, \"steps\": 400, \"teacher_test_acc\": 0.9748, \"teacher_test_loss\": 0.118}\n"}
,{"stream_name":"stdout","time":15784.626829888,"data":"  round 14 client p061: {\"ce_t\": 0.0632, \"ce_s\": 0.0926, \"kl_t\": 0.0652, \"kl_s\": 0.0589, \"hid\": 0.0279, \"loss\": 1.1968, \"train_acc_t\": 0.9963, \"train_acc_s\": 0.9815, \"steps\": 405, \"teacher_test_acc\": 0.9753, \"teacher_test_loss\": 0.1022}\n"}
,{"stream_name":"stdout","time":15845.317985755,"data":"  round 14 client p064: {\"ce_t\": 0.0507, \"ce_s\": 0.0934, \"kl_t\": 0.0785, \"kl_s\": 0.0622, \"hid\": 0.0253, \"loss\": 1.1353, \"train_acc_t\": 0.9973, \"train_acc_s\": 0.9832, \"steps\": 410, \"teacher_test_acc\": 0.9939, \"teacher_test_loss\": 0.0349}\n"}
,{"stream_name":"stdout","time":15883.497410619,"data":"  round 14 client p072: {\"ce_t\": 0.0735, \"ce_s\": 0.1424, \"kl_t\": 0.1361, \"kl_s\": 0.1029, \"hid\": 0.0573, \"loss\": 1.6959, \"train_acc_t\": 0.9986, \"train_acc_s\": 0.9688, \"steps\": 175, \"teacher_test_acc\": 1.0, \"teacher_test_loss\": 0.0346}\n"}
,{"stream_name":"stdout","time":15885.526614363,"data":"  round 14 client p066: {\"ce_t\": 0.056, \"ce_s\": 0.0971, \"kl_t\": 0.0636, \"kl_s\": 0.054, \"hid\": 0.0218, \"loss\": 1.0775, \"train_acc_t\": 0.9978, \"train_acc_s\": 0.9792, \"steps\": 520, \"teacher_test_acc\": 0.9758, \"teacher_test_loss\": 0.124}\n"}
,{"stream_name":"stdout","time":15964.619245491,"data":"  round 14 client p075: {\"ce_t\": 0.0486, \"ce_s\": 0.078, \"kl_t\": 0.0571, \"kl_s\": 0.0493, \"hid\": 0.0241, \"loss\": 1.2101, \"train_acc_t\": 0.9975, \"train_acc_s\": 0.9862, \"steps\": 410, \"teacher_test_acc\": 1.0, \"teacher_test_loss\": 0.0348}\n"}
,{"stream_name":"stdout","time":15965.461779422,"data":"  round 14 client p081: {\"ce_t\": 0.0665, \"ce_s\": 0.099, \"kl_t\": 0.0784, \"kl_s\": 0.0702, \"hid\": 0.0265, \"loss\": 1.2167, \"train_acc_t\": 0.9945, \"train_acc_s\": 0.9818, \"steps\": 415, \"teacher_test_acc\": 0.9939, \"teacher_test_loss\": 0.0531}\n"}
,{"stream_name":"stdout","time":15999.722842734,"data":"ROUND 14/30: global student acc 0.7445 F1 0.7280 | mean teacher acc 0.9664 | 19.0 min\n"}
,{"stream_name":"stdout","time":16072.421023638,"data":"  round 15 client p002: {\"ce_t\": 0.06, \"ce_s\": 0.0856, \"kl_t\": 0.0792, \"kl_s\": 0.0634, \"hid\": 0.0244, \"loss\": 1.1825, \"train_acc_t\": 0.9966, \"train_acc_s\": 0.9834, \"steps\": 365, \"teacher_test_acc\": 0.9931, \"teacher_test_loss\": 0.0406}\n"}
,{"stream_name":"stdout","time":16084.171745124,"data":"  round 15 client p012: {\"ce_t\": 0.0745, \"ce_s\": 0.1288, \"kl_t\": 0.1134, \"kl_s\": 0.0954, \"hid\": 0.029, \"loss\": 1.2543, \"train_acc_t\": 0.9936, \"train_acc_s\": 0.9739, \"steps\": 415, \"teacher_test_acc\": 0.9273, \"teacher_test_loss\": 0.3423}\n"}
,{"stream_name":"stdout","time":16158.550020953,"data":"  round 15 client p014: {\"ce_t\": 0.0513, \"ce_s\": 0.0827, \"kl_t\": 0.054, \"kl_s\": 0.048, \"hid\": 0.0222, \"loss\": 1.1334, \"train_acc_t\": 0.998, \"train_acc_s\": 0.9837, \"steps\": 440, \"teacher_test_acc\": 0.9886, \"teacher_test_loss\": 0.0824}\n"}
,{"stream_name":"stdout","time":16170.798440782,"data":"  round 15 client p015: {\"ce_t\": 0.0519, \"ce_s\": 0.0839, \"kl_t\": 0.0713, \"kl_s\": 0.0616, \"hid\": 0.0221, \"loss\": 1.081, \"train_acc_t\": 0.9974, \"train_acc_s\": 0.9851, \"steps\": 440, \"teacher_test_acc\": 0.9829, \"teacher_test_loss\": 0.0747}\n"}
,{"stream_name":"stdout","time":16262.670464236,"data":"  round 15 client p016: {\"ce_t\": 0.035, \"ce_s\": 0.0399, \"kl_t\": 0.042, \"kl_s\": 0.034, \"hid\": 0.015, \"loss\": 1.013, \"train_acc_t\": 0.9958, \"train_acc_s\": 0.9926, \"steps\": 540, \"teacher_test_acc\": 0.9769, \"teacher_test_loss\": 0.1209}\n"}
,{"stream_name":"stdout","time":16291.324040164,"data":"  round 15 client p021: {\"ce_t\": 0.0423, \"ce_s\": 0.0739, \"kl_t\": 0.0488, \"kl_s\": 0.0424, \"hid\": 0.016, \"loss\": 0.9297, \"train_acc_t\": 0.9978, \"train_acc_s\": 0.9846, \"steps\": 620, \"teacher_test_acc\": 0.9839, \"teacher_test_loss\": 0.056}\n"}
,{"stream_name":"stdout","time":16381.084779306,"data":"  round 15 client p022: {\"ce_t\": 0.0269, \"ce_s\": 0.0361, \"kl_t\": 0.0272, \"kl_s\": 0.0218, \"hid\": 0.0117, \"loss\": 0.9065, \"train_acc_t\": 0.999, \"train_acc_s\": 0.9945, \"steps\": 620, \"teacher_test_acc\": 0.996, \"teacher_test_loss\": 0.1106}\n"}
,{"stream_name":"stdout","time":16410.562273305,"data":"  round 15 client p024: {\"ce_t\": 0.0263, \"ce_s\": 0.0456, \"kl_t\": 0.0411, \"kl_s\": 0.0325, \"hid\": 0.0122, \"loss\": 0.9126, \"train_acc_t\": 0.9988, \"train_acc_s\": 0.9933, \"steps\": 615, \"teacher_test_acc\": 0.9919, \"teacher_test_loss\": 0.0357}\n"}
,{"stream_name":"stdout","time":16494.101775266,"data":"  round 15 client p035: {\"ce_t\": 0.0316, \"ce_s\": 0.0404, \"kl_t\": 0.0347, \"kl_s\": 0.0338, \"hid\": 0.0163, \"loss\": 1.0928, \"train_acc_t\": 0.9976, \"train_acc_s\": 0.9935, \"steps\": 425, \"teacher_test_acc\": 0.9765, \"teacher_test_loss\": 0.1076}\n"}
,{"stream_name":"stdout","time":16497.606434409,"data":"  round 15 client p026: {\"ce_t\": 0.0506, \"ce_s\": 0.0776, \"kl_t\": 0.0567, \"kl_s\": 0.0491, \"hid\": 0.0199, \"loss\": 1.0358, \"train_acc_t\": 0.9973, \"train_acc_s\": 0.9862, \"steps\": 600, \"teacher_test_acc\": 0.9875, \"teacher_test_loss\": 0.0796}\n"}
,{"stream_name":"stdout","time":16558.393501401,"data":"  round 15 client p041: {\"ce_t\": 0.041, \"ce_s\": 0.0468, \"kl_t\": 0.0395, \"kl_s\": 0.0405, \"hid\": 0.0221, \"loss\": 1.1579, \"train_acc_t\": 0.9959, \"train_acc_s\": 0.9926, \"steps\": 305, \"teacher_test_acc\": 0.9587, \"teacher_test_loss\": 0.2045}\n"}
,{"stream_name":"stdout","time":16560.920728028,"data":"  round 15 client p039: {\"ce_t\": 0.086, \"ce_s\": 0.0937, \"kl_t\": 0.0707, \"kl_s\": 0.0693, \"hid\": 0.0305, \"loss\": 1.214, \"train_acc_t\": 0.985, \"train_acc_s\": 0.9838, \"steps\": 325, \"teacher_test_acc\": 0.9542, \"teacher_test_loss\": 0.1831}\n"}
,{"stream_name":"stdout","time":16618.208946342,"data":"  round 15 client p042: {\"ce_t\": 0.0545, \"ce_s\": 0.0551, \"kl_t\": 0.0625, \"kl_s\": 0.0623, \"hid\": 0.0258, \"loss\": 1.1227, \"train_acc_t\": 0.9907, \"train_acc_s\": 0.9894, \"steps\": 295, \"teacher_test_acc\": 1.0, \"teacher_test_loss\": 0.0228}\n"}
,{"stream_name":"stdout","time":16634.680622873,"data":"  round 15 client p045: {\"ce_t\": 0.0423, \"ce_s\": 0.0571, \"kl_t\": 0.0425, \"kl_s\": 0.0343, \"hid\": 0.019, \"loss\": 1.0806, \"train_acc_t\": 0.9959, \"train_acc_s\": 0.9876, \"steps\": 365, \"teacher_test_acc\": 0.9586, \"teacher_test_loss\": 0.1515}\n"}
,{"stream_name":"stdout","time":16701.056852098,"data":"  round 15 client p047: {\"ce_t\": 0.078, \"ce_s\": 0.0862, \"kl_t\": 0.0669, \"kl_s\": 0.0615, \"hid\": 0.0241, \"loss\": 1.0633, \"train_acc_t\": 0.9907, \"train_acc_s\": 0.9871, \"steps\": 420, \"teacher_test_acc\": 0.976, \"teacher_test_loss\": 0.0687}\n"}
,{"stream_name":"stdout","time":16734.397157217,"data":"  round 15 client p049: {\"ce_t\": 0.0304, \"ce_s\": 0.0368, \"kl_t\": 0.0272, \"kl_s\": 0.0238, \"hid\": 0.0133, \"loss\": 0.9395, \"train_acc_t\": 0.9988, \"train_acc_s\": 0.9953, \"steps\": 505, \"teacher_test_acc\": 0.9951, \"teacher_test_loss\": 0.0179}\n"}
,{"stream_name":"stdout","time":16779.581398553,"data":"  round 15 client p050: {\"ce_t\": 0.0637, \"ce_s\": 0.1237, \"kl_t\": 0.0932, \"kl_s\": 0.07, \"hid\": 0.0242, \"loss\": 1.1115, \"train_acc_t\": 0.9927, \"train_acc_s\": 0.9699, \"steps\": 395, \"teacher_test_acc\": 0.9937, \"teacher_test_loss\": 0.0556}\n"}
,{"stream_name":"stdout","time":16826.287733326,"data":"  round 15 client p051: {\"ce_t\": 0.0546, \"ce_s\": 0.0751, \"kl_t\": 0.0517, \"kl_s\": 0.0489, \"hid\": 0.0193, \"loss\": 1.0325, \"train_acc_t\": 0.9967, \"train_acc_s\": 0.9875, \"steps\": 460, \"teacher_test_acc\": 0.962, \"teacher_test_loss\": 0.1341}\n"}
,{"stream_name":"stdout","time":16853.444183565,"data":"  round 15 client p052: {\"ce_t\": 0.0453, \"ce_s\": 0.0672, \"kl_t\": 0.0559, \"kl_s\": 0.0499, \"hid\": 0.0212, \"loss\": 1.1254, \"train_acc_t\": 0.9963, \"train_acc_s\": 0.9892, \"steps\": 370, \"teacher_test_acc\": 0.9595, \"teacher_test_loss\": 0.1867}\n"}
,{"stream_name":"stdout","time":16906.546980999,"data":"  round 15 client p056: {\"ce_t\": 0.0583, \"ce_s\": 0.0956, \"kl_t\": 0.0792, \"kl_s\": 0.0665, \"hid\": 0.0228, \"loss\": 1.0886, \"train_acc_t\": 0.9959, \"train_acc_s\": 0.9811, \"steps\": 400, \"teacher_test_acc\": 0.9811, \"teacher_test_loss\": 0.1136}\n"}
,{"stream_name":"stdout","time":16933.526226395,"data":"  round 15 client p061: {\"ce_t\": 0.0429, \"ce_s\": 0.0695, \"kl_t\": 0.0507, \"kl_s\": 0.0416, \"hid\": 0.0223, \"loss\": 1.0966, \"train_acc_t\": 0.9991, \"train_acc_s\": 0.987, \"steps\": 405, \"teacher_test_acc\": 0.963, \"teacher_test_loss\": 0.1639}\n"}
,{"stream_name":"stdout","time":16988.984685685,"data":"  round 15 client p064: {\"ce_t\": 0.0549, \"ce_s\": 0.0626, \"kl_t\": 0.0609, \"kl_s\": 0.0578, \"hid\": 0.0244, \"loss\": 1.1773, \"train_acc_t\": 0.9963, \"train_acc_s\": 0.9909, \"steps\": 410, \"teacher_test_acc\": 0.9939, \"teacher_test_loss\": 0.0646}\n"}
,{"stream_name":"stdout","time":17025.945352721,"data":"  round 15 client p072: {\"ce_t\": 0.0869, \"ce_s\": 0.1619, \"kl_t\": 0.1588, \"kl_s\": 0.1283, \"hid\": 0.0576, \"loss\": 1.7182, \"train_acc_t\": 0.9935, \"train_acc_s\": 0.9601, \"steps\": 175, \"teacher_test_acc\": 0.9714, \"teacher_test_loss\": 0.1451}\n"}
,{"stream_name":"stdout","time":17035.268781272,"data":"  round 15 client p066: {\"ce_t\": 0.0543, \"ce_s\": 0.0957, \"kl_t\": 0.062, \"kl_s\": 0.0557, \"hid\": 0.02, \"loss\": 1.0136, \"train_acc_t\": 0.9981, \"train_acc_s\": 0.9809, \"steps\": 520, \"teacher_test_acc\": 0.971, \"teacher_test_loss\": 0.1373}\n"}
,{"stream_name":"stdout","time":17107.638897836,"data":"  round 15 client p075: {\"ce_t\": 0.0433, \"ce_s\": 0.0759, \"kl_t\": 0.0576, \"kl_s\": 0.0463, \"hid\": 0.0229, \"loss\": 1.1939, \"train_acc_t\": 0.9978, \"train_acc_s\": 0.9843, \"steps\": 410, \"teacher_test_acc\": 0.9877, \"teacher_test_loss\": 0.0538}\n"}
,{"stream_name":"stdout","time":17115.210716554,"data":"  round 15 client p081: {\"ce_t\": 0.05, \"ce_s\": 0.0876, \"kl_t\": 0.0693, \"kl_s\": 0.0582, \"hid\": 0.0236, \"loss\": 1.1361, \"train_acc_t\": 0.9976, \"train_acc_s\": 0.9818, \"steps\": 415, \"teacher_test_acc\": 1.0, \"teacher_test_loss\": 0.0192}\n"}
,{"stream_name":"stdout","time":17150.230132208,"data":"ROUND 15/30: global student acc 0.7701 F1 0.7547 | mean teacher acc 0.9781 | 19.2 min\n"}
,{"stream_name":"stdout","time":17223.398357881,"data":"  round 16 client p002: {\"ce_t\": 0.0402, \"ce_s\": 0.0611, \"kl_t\": 0.0462, \"kl_s\": 0.0377, \"hid\": 0.0195, \"loss\": 1.0696, \"train_acc_t\": 0.9986, \"train_acc_s\": 0.99, \"steps\": 365, \"teacher_test_acc\": 0.9655, \"teacher_test_loss\": 0.1992}\n"}
,{"stream_name":"stdout","time":17235.261080178,"data":"  round 16 client p012: {\"ce_t\": 0.0561, \"ce_s\": 0.0997, \"kl_t\": 0.0834, \"kl_s\": 0.0688, \"hid\": 0.0251, \"loss\": 1.1863, \"train_acc_t\": 0.9976, \"train_acc_s\": 0.9793, \"steps\": 415, \"teacher_test_acc\": 0.9152, \"teacher_test_loss\": 0.3825}\n"}
,{"stream_name":"stdout","time":17309.519786713,"data":"  round 16 client p014: {\"ce_t\": 0.0489, \"ce_s\": 0.0711, \"kl_t\": 0.0427, \"kl_s\": 0.0378, \"hid\": 0.0205, \"loss\": 1.0791, \"train_acc_t\": 0.9974, \"train_acc_s\": 0.9869, \"steps\": 440, \"teacher_test_acc\": 0.9716, \"teacher_test_loss\": 0.126}\n"}
,{"stream_name":"stdout","time":17322.820376985,"data":"  round 16 client p015: {\"ce_t\": 0.0408, \"ce_s\": 0.0744, \"kl_t\": 0.0659, \"kl_s\": 0.0528, \"hid\": 0.0165, \"loss\": 0.9757, \"train_acc_t\": 0.9983, \"train_acc_s\": 0.9851, \"steps\": 440, \"teacher_test_acc\": 0.9829, \"teacher_test_loss\": 0.0737}\n"}
,{"stream_name":"stdout","time":17413.608177673,"data":"  round 16 client p016: {\"ce_t\": 0.0315, \"ce_s\": 0.0439, \"kl_t\": 0.0321, \"kl_s\": 0.0301, \"hid\": 0.0153, \"loss\": 1.0005, \"train_acc_t\": 0.9984, \"train_acc_s\": 0.993, \"steps\": 540, \"teacher_test_acc\": 0.9676, \"teacher_test_loss\": 0.1713}\n"}
,{"stream_name":"stdout","time":17443.250630887,"data":"  round 16 client p021: {\"ce_t\": 0.0415, \"ce_s\": 0.0655, \"kl_t\": 0.0455, \"kl_s\": 0.0403, \"hid\": 0.0134, \"loss\": 0.891, \"train_acc_t\": 0.9962, \"train_acc_s\": 0.9893, \"steps\": 620, \"teacher_test_acc\": 0.9879, \"teacher_test_loss\": 0.0614}\n"}
,{"stream_name":"stdout","time":17532.759427942,"data":"  round 16 client p022: {\"ce_t\": 0.023, \"ce_s\": 0.0351, \"kl_t\": 0.0254, \"kl_s\": 0.0249, \"hid\": 0.0099, \"loss\": 0.8569, \"train_acc_t\": 0.9994, \"train_acc_s\": 0.9947, \"steps\": 620, \"teacher_test_acc\": 1.0, \"teacher_test_loss\": 0.0186}\n"}
,{"stream_name":"stdout","time":17562.799109104,"data":"  round 16 client p024: {\"ce_t\": 0.0246, \"ce_s\": 0.039, \"kl_t\": 0.0313, \"kl_s\": 0.0266, \"hid\": 0.0104, \"loss\": 0.8516, \"train_acc_t\": 0.9994, \"train_acc_s\": 0.9933, \"steps\": 615, \"teacher_test_acc\": 1.0, \"teacher_test_loss\": 0.007}\n"}
,{"stream_name":"stdout","time":17646.046522872,"data":"  round 16 client p035: {\"ce_t\": 0.0298, \"ce_s\": 0.0417, \"kl_t\": 0.0316, \"kl_s\": 0.0258, \"hid\": 0.0148, \"loss\": 0.9602, \"train_acc_t\": 0.9994, \"train_acc_s\": 0.9944, \"steps\": 425, \"teacher_test_acc\": 0.9882, \"teacher_test_loss\": 0.0497}\n"}
,{"stream_name":"stdout","time":17648.012914429,"data":"  round 16 client p026: {\"ce_t\": 0.0344, \"ce_s\": 0.0497, \"kl_t\": 0.0321, \"kl_s\": 0.0295, \"hid\": 0.0174, \"loss\": 0.9817, \"train_acc_t\": 0.9994, \"train_acc_s\": 0.9935, \"steps\": 600, \"teacher_test_acc\": 0.9667, \"teacher_test_loss\": 0.1168}\n"}
,{"stream_name":"stdout","time":17708.456548529,"data":"  round 16 client p041: {\"ce_t\": 0.0414, \"ce_s\": 0.0616, \"kl_t\": 0.0486, \"kl_s\": 0.0436, \"hid\": 0.0233, \"loss\": 1.1471, \"train_acc_t\": 0.9988, \"train_acc_s\": 0.9893, \"steps\": 305, \"teacher_test_acc\": 0.9587, \"teacher_test_loss\": 0.2643}\n"}
,{"stream_name":"stdout","time":17713.630269903,"data":"  round 16 client p039: {\"ce_t\": 0.0567, \"ce_s\": 0.0808, \"kl_t\": 0.0647, \"kl_s\": 0.0555, \"hid\": 0.0275, \"loss\": 1.1604, \"train_acc_t\": 0.9973, \"train_acc_s\": 0.9858, \"steps\": 325, \"teacher_test_acc\": 0.9618, \"teacher_test_loss\": 0.179}\n"}
,{"stream_name":"stdout","time":17768.959421027,"data":"  round 16 client p042: {\"ce_t\": 0.0389, \"ce_s\": 0.0639, \"kl_t\": 0.0497, \"kl_s\": 0.0451, \"hid\": 0.0199, \"loss\": 1.015, \"train_acc_t\": 0.9979, \"train_acc_s\": 0.9886, \"steps\": 295, \"teacher_test_acc\": 0.9916, \"teacher_test_loss\": 0.0247}\n"}
,{"stream_name":"stdout","time":17787.149591171,"data":"  round 16 client p045: {\"ce_t\": 0.0436, \"ce_s\": 0.0557, \"kl_t\": 0.0354, \"kl_s\": 0.0349, \"hid\": 0.0193, \"loss\": 1.0796, \"train_acc_t\": 0.9955, \"train_acc_s\": 0.9917, \"steps\": 365, \"teacher_test_acc\": 0.9586, \"teacher_test_loss\": 0.1655}\n"}
,{"stream_name":"stdout","time":17850.987622313,"data":"  round 16 client p047: {\"ce_t\": 0.0576, \"ce_s\": 0.0932, \"kl_t\": 0.0692, \"kl_s\": 0.0626, \"hid\": 0.0207, \"loss\": 1.0517, \"train_acc_t\": 0.9952, \"train_acc_s\": 0.982, \"steps\": 420, \"teacher_test_acc\": 0.976, \"teacher_test_loss\": 0.1436}\n"}
,{"stream_name":"stdout","time":17886.804452755,"data":"  round 16 client p049: {\"ce_t\": 0.0247, \"ce_s\": 0.0306, \"kl_t\": 0.0237, \"kl_s\": 0.0211, \"hid\": 0.0119, \"loss\": 0.9559, \"train_acc_t\": 0.999, \"train_acc_s\": 0.996, \"steps\": 505, \"teacher_test_acc\": 1.0, \"teacher_test_loss\": 0.0169}\n"}
,{"stream_name":"stdout","time":17929.334028077,"data":"  round 16 client p050: {\"ce_t\": 0.0755, \"ce_s\": 0.1261, \"kl_t\": 0.095, \"kl_s\": 0.0809, \"hid\": 0.0251, \"loss\": 1.1065, \"train_acc_t\": 0.9911, \"train_acc_s\": 0.9703, \"steps\": 395, \"teacher_test_acc\": 0.981, \"teacher_test_loss\": 0.091}\n"}
,{"stream_name":"stdout","time":17977.628951306,"data":"  round 16 client p051: {\"ce_t\": 0.0398, \"ce_s\": 0.0709, \"kl_t\": 0.0476, \"kl_s\": 0.0396, \"hid\": 0.0165, \"loss\": 0.9547, \"train_acc_t\": 0.9984, \"train_acc_s\": 0.9864, \"steps\": 460, \"teacher_test_acc\": 0.9728, \"teacher_test_loss\": 0.1344}\n"}
,{"stream_name":"stdout","time":18003.152715463,"data":"  round 16 client p052: {\"ce_t\": 0.0513, \"ce_s\": 0.0636, \"kl_t\": 0.0541, \"kl_s\": 0.0531, \"hid\": 0.0234, \"loss\": 1.1377, \"train_acc_t\": 0.9953, \"train_acc_s\": 0.9912, \"steps\": 370, \"teacher_test_acc\": 0.9797, \"teacher_test_loss\": 0.1207}\n"}
,{"stream_name":"stdout","time":18057.431542946,"data":"  round 16 client p056: {\"ce_t\": 0.0516, \"ce_s\": 0.0842, \"kl_t\": 0.0665, \"kl_s\": 0.0575, \"hid\": 0.0206, \"loss\": 0.9953, \"train_acc_t\": 0.9975, \"train_acc_s\": 0.9852, \"steps\": 400, \"teacher_test_acc\": 0.9686, \"teacher_test_loss\": 0.1658}\n"}
,{"stream_name":"stdout","time":18082.54034361,"data":"  round 16 client p061: {\"ce_t\": 0.0462, \"ce_s\": 0.0701, \"kl_t\": 0.0508, \"kl_s\": 0.0423, \"hid\": 0.0208, \"loss\": 1.0781, \"train_acc_t\": 0.9981, \"train_acc_s\": 0.9858, \"steps\": 405, \"teacher_test_acc\": 0.9815, \"teacher_test_loss\": 0.0857}\n"}
,{"stream_name":"stdout","time":18139.318192258,"data":"  round 16 client p064: {\"ce_t\": 0.0486, \"ce_s\": 0.0723, \"kl_t\": 0.0702, \"kl_s\": 0.0528, \"hid\": 0.0204, \"loss\": 1.0546, \"train_acc_t\": 0.9988, \"train_acc_s\": 0.9863, \"steps\": 410, \"teacher_test_acc\": 0.9878, \"teacher_test_loss\": 0.0672}\n"}
,{"stream_name":"stdout","time":18176.018286919,"data":"  round 16 client p072: {\"ce_t\": 0.0674, \"ce_s\": 0.1327, \"kl_t\": 0.1227, \"kl_s\": 0.097, \"hid\": 0.0463, \"loss\": 1.5158, \"train_acc_t\": 0.9971, \"train_acc_s\": 0.971, \"steps\": 175, \"teacher_test_acc\": 1.0, \"teacher_test_loss\": 0.0288}\n"}
,{"stream_name":"stdout","time":18184.600328339,"data":"  round 16 client p066: {\"ce_t\": 0.0563, \"ce_s\": 0.1011, \"kl_t\": 0.0741, \"kl_s\": 0.0621, \"hid\": 0.0219, \"loss\": 1.0587, \"train_acc_t\": 0.9978, \"train_acc_s\": 0.9778, \"steps\": 520, \"teacher_test_acc\": 0.9952, \"teacher_test_loss\": 0.0629}\n"}
,{"stream_name":"stdout","time":18257.689829759,"data":"  round 16 client p075: {\"ce_t\": 0.0452, \"ce_s\": 0.0821, \"kl_t\": 0.0655, \"kl_s\": 0.0532, \"hid\": 0.0213, \"loss\": 1.1325, \"train_acc_t\": 0.9978, \"train_acc_s\": 0.9831, \"steps\": 410, \"teacher_test_acc\": 0.9939, \"teacher_test_loss\": 0.0594}\n"}
,{"stream_name":"stdout","time":18264.182979911,"data":"  round 16 client p081: {\"ce_t\": 0.0508, \"ce_s\": 0.0805, \"kl_t\": 0.0708, \"kl_s\": 0.062, \"hid\": 0.0233, \"loss\": 1.1881, \"train_acc_t\": 0.9954, \"train_acc_s\": 0.9842, \"steps\": 415, \"teacher_test_acc\": 1.0, \"teacher_test_loss\": 0.033}\n"}
,{"stream_name":"stdout","time":18298.6653831,"data":"ROUND 16/30: global student acc 0.7770 F1 0.7633 | mean teacher acc 0.9790 | 19.1 min\n"}
,{"stream_name":"stdout","time":18372.74163074,"data":"  round 17 client p002: {\"ce_t\": 0.0432, \"ce_s\": 0.0653, \"kl_t\": 0.0585, \"kl_s\": 0.0471, \"hid\": 0.0177, \"loss\": 1.0581, \"train_acc_t\": 0.9969, \"train_acc_s\": 0.9862, \"steps\": 365, \"teacher_test_acc\": 0.9862, \"teacher_test_loss\": 0.1011}\n"}
,{"stream_name":"stdout","time":18384.05208136,"data":"  round 17 client p012: {\"ce_t\": 0.0678, \"ce_s\": 0.1038, \"kl_t\": 0.1023, \"kl_s\": 0.0856, \"hid\": 0.0239, \"loss\": 1.1177, \"train_acc_t\": 0.9936, \"train_acc_s\": 0.979, \"steps\": 415, \"teacher_test_acc\": 0.9394, \"teacher_test_loss\": 0.3453}\n"}
,{"stream_name":"stdout","time":18458.406625537,"data":"  round 17 client p014: {\"ce_t\": 0.0458, \"ce_s\": 0.0708, \"kl_t\": 0.0473, \"kl_s\": 0.0396, \"hid\": 0.0173, \"loss\": 1.0198, \"train_acc_t\": 0.9971, \"train_acc_s\": 0.9869, \"steps\": 440, \"teacher_test_acc\": 0.9773, \"teacher_test_loss\": 0.1381}\n"}
,{"stream_name":"stdout","time":18471.092239346,"data":"  round 17 client p015: {\"ce_t\": 0.0486, \"ce_s\": 0.082, \"kl_t\": 0.0666, \"kl_s\": 0.062, \"hid\": 0.0173, \"loss\": 1.003, \"train_acc_t\": 0.9949, \"train_acc_s\": 0.9834, \"steps\": 440, \"teacher_test_acc\": 0.9886, \"teacher_test_loss\": 0.0528}\n"}
,{"stream_name":"stdout","time":18562.767103838,"data":"  round 17 client p016: {\"ce_t\": 0.0394, \"ce_s\": 0.0513, \"kl_t\": 0.0393, \"kl_s\": 0.0385, \"hid\": 0.0161, \"loss\": 0.9954, \"train_acc_t\": 0.9972, \"train_acc_s\": 0.9919, \"steps\": 540, \"teacher_test_acc\": 0.9676, \"teacher_test_loss\": 0.1473}\n"}
,{"stream_name":"stdout","time":18591.905787665,"data":"  round 17 client p021: {\"ce_t\": 0.0567, \"ce_s\": 0.0999, \"kl_t\": 0.0597, \"kl_s\": 0.052, \"hid\": 0.0172, \"loss\": 0.9269, \"train_acc_t\": 0.9974, \"train_acc_s\": 0.9816, \"steps\": 620, \"teacher_test_acc\": 0.9839, \"teacher_test_loss\": 0.0735}\n"}
,{"stream_name":"stdout","time":18681.94080126,"data":"  round 17 client p022: {\"ce_t\": 0.026, \"ce_s\": 0.0325, \"kl_t\": 0.0242, \"kl_s\": 0.0241, \"hid\": 0.0095, \"loss\": 0.8301, \"train_acc_t\": 0.997, \"train_acc_s\": 0.9949, \"steps\": 620, \"teacher_test_acc\": 0.9879, \"teacher_test_loss\": 0.0376}\n"}
,{"stream_name":"stdout","time":18711.077701276,"data":"  round 17 client p024: {\"ce_t\": 0.0303, \"ce_s\": 0.0424, \"kl_t\": 0.0399, \"kl_s\": 0.0392, \"hid\": 0.0113, \"loss\": 0.8828, \"train_acc_t\": 0.9963, \"train_acc_s\": 0.9918, \"steps\": 615, \"teacher_test_acc\": 0.9959, \"teacher_test_loss\": 0.0138}\n"}
,{"stream_name":"stdout","time":18794.907099332,"data":"  round 17 client p035: {\"ce_t\": 0.0284, \"ce_s\": 0.0309, \"kl_t\": 0.0261, \"kl_s\": 0.025, \"hid\": 0.0132, \"loss\": 0.9427, \"train_acc_t\": 0.9979, \"train_acc_s\": 0.9965, \"steps\": 425, \"teacher_test_acc\": 0.9765, \"teacher_test_loss\": 0.0718}\n"}
,{"stream_name":"stdout","time":18798.402631047,"data":"  round 17 client p026: {\"ce_t\": 0.0428, \"ce_s\": 0.076, \"kl_t\": 0.0609, \"kl_s\": 0.0521, \"hid\": 0.018, \"loss\": 0.9916, \"train_acc_t\": 0.9979, \"train_acc_s\": 0.9874, \"steps\": 600, \"teacher_test_acc\": 0.9833, \"teacher_test_loss\": 0.0791}\n"}
,{"stream_name":"stdout","time":18858.298795511,"data":"  round 17 client p041: {\"ce_t\": 0.0306, \"ce_s\": 0.0495, \"kl_t\": 0.0339, \"kl_s\": 0.0322, \"hid\": 0.0187, \"loss\": 1.1389, \"train_acc_t\": 0.9992, \"train_acc_s\": 0.9917, \"steps\": 305, \"teacher_test_acc\": 0.9421, \"teacher_test_loss\": 0.2285}\n"}
,{"stream_name":"stdout","time":18862.182894405,"data":"  round 17 client p039: {\"ce_t\": 0.055, \"ce_s\": 0.0834, \"kl_t\": 0.0693, \"kl_s\": 0.0637, \"hid\": 0.0232, \"loss\": 1.1502, \"train_acc_t\": 0.9954, \"train_acc_s\": 0.9838, \"steps\": 325, \"teacher_test_acc\": 0.9618, \"teacher_test_loss\": 0.2278}\n"}
,{"stream_name":"stdout","time":18918.407805003,"data":"  round 17 client p042: {\"ce_t\": 0.0381, \"ce_s\": 0.0537, \"kl_t\": 0.0446, \"kl_s\": 0.0412, \"hid\": 0.0212, \"loss\": 1.0665, \"train_acc_t\": 0.9979, \"train_acc_s\": 0.9911, \"steps\": 295, \"teacher_test_acc\": 0.9916, \"teacher_test_loss\": 0.0318}\n"}
,{"stream_name":"stdout","time":18935.686194445,"data":"  round 17 client p045: {\"ce_t\": 0.0358, \"ce_s\": 0.0514, \"kl_t\": 0.0317, \"kl_s\": 0.0253, \"hid\": 0.0157, \"loss\": 0.9667, \"train_acc_t\": 0.9959, \"train_acc_s\": 0.9893, \"steps\": 365, \"teacher_test_acc\": 0.9517, \"teacher_test_loss\": 0.1779}\n"}
,{"stream_name":"stdout","time":19000.868274815,"data":"  round 17 client p047: {\"ce_t\": 0.0645, \"ce_s\": 0.0854, \"kl_t\": 0.063, \"kl_s\": 0.0606, \"hid\": 0.0209, \"loss\": 1.0079, \"train_acc_t\": 0.994, \"train_acc_s\": 0.9832, \"steps\": 420, \"teacher_test_acc\": 0.8563, \"teacher_test_loss\": 0.8297}\n"}
,{"stream_name":"stdout","time":19035.067794328,"data":"  round 17 client p049: {\"ce_t\": 0.039, \"ce_s\": 0.0377, \"kl_t\": 0.0352, \"kl_s\": 0.0331, \"hid\": 0.0134, \"loss\": 0.9221, \"train_acc_t\": 0.997, \"train_acc_s\": 0.9963, \"steps\": 505, \"teacher_test_acc\": 1.0, \"teacher_test_loss\": 0.0302}\n"}
,{"stream_name":"stdout","time":19079.11215115,"data":"  round 17 client p050: {\"ce_t\": 0.069, \"ce_s\": 0.1251, \"kl_t\": 0.0928, \"kl_s\": 0.0788, \"hid\": 0.022, \"loss\": 1.0686, \"train_acc_t\": 0.9924, \"train_acc_s\": 0.9703, \"steps\": 395, \"teacher_test_acc\": 0.9747, \"teacher_test_loss\": 0.1168}\n"}
,{"stream_name":"stdout","time":19126.513701668,"data":"  round 17 client p051: {\"ce_t\": 0.0489, \"ce_s\": 0.0721, \"kl_t\": 0.0562, \"kl_s\": 0.0492, \"hid\": 0.0174, \"loss\": 0.9589, \"train_acc_t\": 0.9957, \"train_acc_s\": 0.9878, \"steps\": 460, \"teacher_test_acc\": 0.9565, \"teacher_test_loss\": 0.2042}\n"}
,{"stream_name":"stdout","time":19153.084219354,"data":"  round 17 client p052: {\"ce_t\": 0.0434, \"ce_s\": 0.0576, \"kl_t\": 0.049, \"kl_s\": 0.0472, \"hid\": 0.0231, \"loss\": 1.183, \"train_acc_t\": 0.9963, \"train_acc_s\": 0.9912, \"steps\": 370, \"teacher_test_acc\": 0.9595, \"teacher_test_loss\": 0.2017}\n"}
,{"stream_name":"stdout","time":19206.477509178,"data":"  round 17 client p056: {\"ce_t\": 0.042, \"ce_s\": 0.0762, \"kl_t\": 0.0602, \"kl_s\": 0.0502, \"hid\": 0.0165, \"loss\": 0.9404, \"train_acc_t\": 0.9991, \"train_acc_s\": 0.9855, \"steps\": 400, \"teacher_test_acc\": 0.9623, \"teacher_test_loss\": 0.1411}\n"}
,{"stream_name":"stdout","time":19233.336275597,"data":"  round 17 client p061: {\"ce_t\": 0.0486, \"ce_s\": 0.0696, \"kl_t\": 0.0488, \"kl_s\": 0.0407, \"hid\": 0.0201, \"loss\": 1.0329, \"train_acc_t\": 0.9978, \"train_acc_s\": 0.9864, \"steps\": 405, \"teacher_test_acc\": 0.9815, \"teacher_test_loss\": 0.0935}\n"}
,{"stream_name":"stdout","time":19288.609890198,"data":"  round 17 client p064: {\"ce_t\": 0.05, \"ce_s\": 0.0775, \"kl_t\": 0.0747, \"kl_s\": 0.062, \"hid\": 0.0221, \"loss\": 1.1157, \"train_acc_t\": 0.9966, \"train_acc_s\": 0.9841, \"steps\": 410, \"teacher_test_acc\": 0.9939, \"teacher_test_loss\": 0.0831}\n"}
,{"stream_name":"stdout","time":19325.867778644,"data":"  round 17 client p072: {\"ce_t\": 0.0676, \"ce_s\": 0.1268, \"kl_t\": 0.1191, \"kl_s\": 0.0971, \"hid\": 0.0413, \"loss\": 1.4946, \"train_acc_t\": 0.9964, \"train_acc_s\": 0.971, \"steps\": 175, \"teacher_test_acc\": 0.9857, \"teacher_test_loss\": 0.0689}\n"}
,{"stream_name":"stdout","time":19335.191715961,"data":"  round 17 client p066: {\"ce_t\": 0.0559, \"ce_s\": 0.1024, \"kl_t\": 0.068, \"kl_s\": 0.0606, \"hid\": 0.0185, \"loss\": 0.9925, \"train_acc_t\": 0.9971, \"train_acc_s\": 0.9794, \"steps\": 520, \"teacher_test_acc\": 0.9903, \"teacher_test_loss\": 0.0442}\n"}
,{"stream_name":"stdout","time":19407.113451578,"data":"  round 17 client p075: {\"ce_t\": 0.0519, \"ce_s\": 0.0821, \"kl_t\": 0.0645, \"kl_s\": 0.0567, \"hid\": 0.0217, \"loss\": 1.1031, \"train_acc_t\": 0.9985, \"train_acc_s\": 0.9837, \"steps\": 410, \"teacher_test_acc\": 0.9632, \"teacher_test_loss\": 0.1183}\n"}
,{"stream_name":"stdout","time":19415.129338328,"data":"  round 17 client p081: {\"ce_t\": 0.0826, \"ce_s\": 0.0909, \"kl_t\": 0.0741, \"kl_s\": 0.0717, \"hid\": 0.0232, \"loss\": 1.094, \"train_acc_t\": 0.9863, \"train_acc_s\": 0.986, \"steps\": 415, \"teacher_test_acc\": 1.0, \"teacher_test_loss\": 0.0362}\n"}
,{"stream_name":"stdout","time":19450.5230776,"data":"ROUND 17/30: global student acc 0.7853 F1 0.7698 | mean teacher acc 0.9714 | 19.2 min\n"}
,{"stream_name":"stdout","time":19524.213296661,"data":"  round 18 client p002: {\"ce_t\": 0.0382, \"ce_s\": 0.0582, \"kl_t\": 0.0493, \"kl_s\": 0.037, \"hid\": 0.016, \"loss\": 1.0052, \"train_acc_t\": 0.9976, \"train_acc_s\": 0.9879, \"steps\": 365, \"teacher_test_acc\": 0.9517, \"teacher_test_loss\": 0.2122}\n"}
,{"stream_name":"stdout","time":19535.825591741,"data":"  round 18 client p012: {\"ce_t\": 0.0712, \"ce_s\": 0.1162, \"kl_t\": 0.1204, \"kl_s\": 0.1005, \"hid\": 0.0244, \"loss\": 1.1652, \"train_acc_t\": 0.9936, \"train_acc_s\": 0.9775, \"steps\": 415, \"teacher_test_acc\": 0.9636, \"teacher_test_loss\": 0.1633}\n"}
,{"stream_name":"stdout","time":19610.645480718,"data":"  round 18 client p014: {\"ce_t\": 0.0435, \"ce_s\": 0.0676, \"kl_t\": 0.0394, \"kl_s\": 0.0367, \"hid\": 0.0162, \"loss\": 0.9737, \"train_acc_t\": 0.9983, \"train_acc_s\": 0.9877, \"steps\": 440, \"teacher_test_acc\": 0.9659, \"teacher_test_loss\": 0.1528}\n"}
,{"stream_name":"stdout","time":19623.245530765,"data":"  round 18 client p015: {\"ce_t\": 0.0406, \"ce_s\": 0.0662, \"kl_t\": 0.0538, \"kl_s\": 0.0481, \"hid\": 0.0164, \"loss\": 1.0054, \"train_acc_t\": 0.9974, \"train_acc_s\": 0.9886, \"steps\": 440, \"teacher_test_acc\": 0.9886, \"teacher_test_loss\": 0.126}\n"}
,{"stream_name":"stdout","time":19714.091627513,"data":"  round 18 client p016: {\"ce_t\": 0.0293, \"ce_s\": 0.0415, \"kl_t\": 0.0297, \"kl_s\": 0.0271, \"hid\": 0.0127, \"loss\": 0.954, \"train_acc_t\": 0.9974, \"train_acc_s\": 0.9933, \"steps\": 540, \"teacher_test_acc\": 0.9722, \"teacher_test_loss\": 0.1358}\n"}
,{"stream_name":"stdout","time":19742.917163117,"data":"  round 18 client p021: {\"ce_t\": 0.0435, \"ce_s\": 0.0851, \"kl_t\": 0.0542, \"kl_s\": 0.0499, \"hid\": 0.0139, \"loss\": 0.8763, \"train_acc_t\": 0.9978, \"train_acc_s\": 0.9844, \"steps\": 620, \"teacher_test_acc\": 0.9798, \"teacher_test_loss\": 0.0689}\n"}
,{"stream_name":"stdout","time":19832.555727151,"data":"  round 18 client p022: {\"ce_t\": 0.0358, \"ce_s\": 0.0358, \"kl_t\": 0.0343, \"kl_s\": 0.0328, \"hid\": 0.0106, \"loss\": 0.8664, \"train_acc_t\": 0.9961, \"train_acc_s\": 0.9951, \"steps\": 620, \"teacher_test_acc\": 0.9879, \"teacher_test_loss\": 0.059}\n"}
,{"stream_name":"stdout","time":19861.938193961,"data":"  round 18 client p024: {\"ce_t\": 0.0307, \"ce_s\": 0.0385, \"kl_t\": 0.0339, \"kl_s\": 0.0306, \"hid\": 0.0113, \"loss\": 0.8469, \"train_acc_t\": 0.9982, \"train_acc_s\": 0.9939, \"steps\": 615, \"teacher_test_acc\": 0.9959, \"teacher_test_loss\": 0.0173}\n"}
,{"stream_name":"stdout","time":19945.107051312,"data":"  round 18 client p035: {\"ce_t\": 0.0269, \"ce_s\": 0.0355, \"kl_t\": 0.0286, \"kl_s\": 0.0211, \"hid\": 0.0136, \"loss\": 0.9632, \"train_acc_t\": 0.9988, \"train_acc_s\": 0.995, \"steps\": 425, \"teacher_test_acc\": 0.9765, \"teacher_test_loss\": 0.0884}\n"}
,{"stream_name":"stdout","time":19948.555931573,"data":"  round 18 client p026: {\"ce_t\": 0.0388, \"ce_s\": 0.056, \"kl_t\": 0.0455, \"kl_s\": 0.038, \"hid\": 0.0157, \"loss\": 0.9734, \"train_acc_t\": 0.9979, \"train_acc_s\": 0.9904, \"steps\": 600, \"teacher_test_acc\": 0.975, \"teacher_test_loss\": 0.1316}\n"}
,{"stream_name":"stdout","time":20009.25138387,"data":"  round 18 client p041: {\"ce_t\": 0.0288, \"ce_s\": 0.0392, \"kl_t\": 0.0258, \"kl_s\": 0.0227, \"hid\": 0.0165, \"loss\": 1.0683, \"train_acc_t\": 0.9992, \"train_acc_s\": 0.995, \"steps\": 305, \"teacher_test_acc\": 0.9256, \"teacher_test_loss\": 0.2461}\n"}
,{"stream_name":"stdout","time":20011.288051923,"data":"  round 18 client p039: {\"ce_t\": 0.0469, \"ce_s\": 0.0827, \"kl_t\": 0.0654, \"kl_s\": 0.0619, \"hid\": 0.0234, \"loss\": 1.1508, \"train_acc_t\": 0.9965, \"train_acc_s\": 0.9835, \"steps\": 325, \"teacher_test_acc\": 0.9771, \"teacher_test_loss\": 0.185}\n"}
,{"stream_name":"stdout","time":20068.717162608,"data":"  round 18 client p042: {\"ce_t\": 0.0279, \"ce_s\": 0.0352, \"kl_t\": 0.0269, \"kl_s\": 0.0236, \"hid\": 0.0165, \"loss\": 0.9784, \"train_acc_t\": 0.9996, \"train_acc_s\": 0.9949, \"steps\": 295, \"teacher_test_acc\": 0.9916, \"teacher_test_loss\": 0.034}\n"}
,{"stream_name":"stdout","time":20084.579694732,"data":"  round 18 client p045: {\"ce_t\": 0.0271, \"ce_s\": 0.0392, \"kl_t\": 0.024, \"kl_s\": 0.0221, \"hid\": 0.0128, \"loss\": 0.9678, \"train_acc_t\": 0.9979, \"train_acc_s\": 0.9921, \"steps\": 365, \"teacher_test_acc\": 0.9793, \"teacher_test_loss\": 0.0832}\n"}
,{"stream_name":"stdout","time":20151.640358371,"data":"  round 18 client p047: {\"ce_t\": 0.0945, \"ce_s\": 0.1216, \"kl_t\": 0.1002, \"kl_s\": 0.0984, \"hid\": 0.0227, \"loss\": 1.0763, \"train_acc_t\": 0.9874, \"train_acc_s\": 0.9757, \"steps\": 420, \"teacher_test_acc\": 0.976, \"teacher_test_loss\": 0.151}\n"}
,{"stream_name":"stdout","time":20184.264087319,"data":"  round 18 client p049: {\"ce_t\": 0.0273, \"ce_s\": 0.0318, \"kl_t\": 0.0287, \"kl_s\": 0.0244, \"hid\": 0.0126, \"loss\": 0.9571, \"train_acc_t\": 0.9988, \"train_acc_s\": 0.9968, \"steps\": 505, \"teacher_test_acc\": 1.0, \"teacher_test_loss\": 0.0104}\n"}
,{"stream_name":"stdout","time":20229.543755969,"data":"  round 18 client p050: {\"ce_t\": 0.0626, \"ce_s\": 0.1097, \"kl_t\": 0.0768, \"kl_s\": 0.0641, \"hid\": 0.0217, \"loss\": 1.0042, \"train_acc_t\": 0.9962, \"train_acc_s\": 0.9737, \"steps\": 395, \"teacher_test_acc\": 0.9937, \"teacher_test_loss\": 0.0616}\n"}
,{"stream_name":"stdout","time":20275.014644421,"data":"  round 18 client p051: {\"ce_t\": 0.0513, \"ce_s\": 0.0712, \"kl_t\": 0.0499, \"kl_s\": 0.046, \"hid\": 0.0156, \"loss\": 0.9292, \"train_acc_t\": 0.9959, \"train_acc_s\": 0.9872, \"steps\": 460, \"teacher_test_acc\": 0.9511, \"teacher_test_loss\": 0.2132}\n"}
,{"stream_name":"stdout","time":20302.999691967,"data":"  round 18 client p052: {\"ce_t\": 0.0372, \"ce_s\": 0.0511, \"kl_t\": 0.0351, \"kl_s\": 0.0298, \"hid\": 0.0173, \"loss\": 1.0328, \"train_acc_t\": 0.9966, \"train_acc_s\": 0.9909, \"steps\": 370, \"teacher_test_acc\": 0.9662, \"teacher_test_loss\": 0.1488}\n"}
,{"stream_name":"stdout","time":20355.171903468,"data":"  round 18 client p056: {\"ce_t\": 0.0441, \"ce_s\": 0.0771, \"kl_t\": 0.0635, \"kl_s\": 0.0583, \"hid\": 0.0169, \"loss\": 0.9531, \"train_acc_t\": 0.9978, \"train_acc_s\": 0.9852, \"steps\": 400, \"teacher_test_acc\": 0.9623, \"teacher_test_loss\": 0.1872}\n"}
,{"stream_name":"stdout","time":20382.368268756,"data":"  round 18 client p061: {\"ce_t\": 0.0509, \"ce_s\": 0.0831, \"kl_t\": 0.0578, \"kl_s\": 0.0463, \"hid\": 0.0186, \"loss\": 1.0239, \"train_acc_t\": 0.9985, \"train_acc_s\": 0.9799, \"steps\": 405, \"teacher_test_acc\": 0.9753, \"teacher_test_loss\": 0.1224}\n"}
,{"stream_name":"stdout","time":20436.912871511,"data":"  round 18 client p064: {\"ce_t\": 0.0313, \"ce_s\": 0.0553, \"kl_t\": 0.0411, \"kl_s\": 0.0337, \"hid\": 0.0154, \"loss\": 0.9336, \"train_acc_t\": 0.9997, \"train_acc_s\": 0.9924, \"steps\": 410, \"teacher_test_acc\": 1.0, \"teacher_test_loss\": 0.0148}\n"}
,{"stream_name":"stdout","time":20474.240271917,"data":"  round 18 client p072: {\"ce_t\": 0.0706, \"ce_s\": 0.136, \"kl_t\": 0.1261, \"kl_s\": 0.1041, \"hid\": 0.0426, \"loss\": 1.4814, \"train_acc_t\": 0.9986, \"train_acc_s\": 0.9667, \"steps\": 175, \"teacher_test_acc\": 1.0, \"teacher_test_loss\": 0.0325}\n"}
,{"stream_name":"stdout","time":20483.52038511,"data":"  round 18 client p066: {\"ce_t\": 0.049, \"ce_s\": 0.0884, \"kl_t\": 0.0625, \"kl_s\": 0.0551, \"hid\": 0.0164, \"loss\": 0.9636, \"train_acc_t\": 0.9976, \"train_acc_s\": 0.9816, \"steps\": 520, \"teacher_test_acc\": 0.971, \"teacher_test_loss\": 0.0992}\n"}
,{"stream_name":"stdout","time":20555.362772187,"data":"  round 18 client p075: {\"ce_t\": 0.0482, \"ce_s\": 0.0754, \"kl_t\": 0.0543, \"kl_s\": 0.0458, \"hid\": 0.0187, \"loss\": 1.0434, \"train_acc_t\": 0.9957, \"train_acc_s\": 0.9849, \"steps\": 410, \"teacher_test_acc\": 1.0, \"teacher_test_loss\": 0.0193}\n"}
,{"stream_name":"stdout","time":20562.935123271,"data":"  round 18 client p081: {\"ce_t\": 0.0415, \"ce_s\": 0.0703, \"kl_t\": 0.0565, \"kl_s\": 0.0502, \"hid\": 0.0185, \"loss\": 1.0362, \"train_acc_t\": 0.9979, \"train_acc_s\": 0.9878, \"steps\": 415, \"teacher_test_acc\": 1.0, \"teacher_test_loss\": 0.0139}\n"}
,{"stream_name":"stdout","time":20598.095252259,"data":"ROUND 18/30: global student acc 0.7937 F1 0.7815 | mean teacher acc 0.9779 | 19.1 min\n"}
,{"stream_name":"stdout","time":20671.45776559,"data":"  round 19 client p002: {\"ce_t\": 0.0455, \"ce_s\": 0.0753, \"kl_t\": 0.0659, \"kl_s\": 0.0511, \"hid\": 0.0193, \"loss\": 1.0766, \"train_acc_t\": 0.9972, \"train_acc_s\": 0.9855, \"steps\": 365, \"teacher_test_acc\": 0.9931, \"teacher_test_loss\": 0.0483}\n"}
,{"stream_name":"stdout","time":20683.362273624,"data":"  round 19 client p012: {\"ce_t\": 0.0604, \"ce_s\": 0.1167, \"kl_t\": 0.1103, \"kl_s\": 0.0984, \"hid\": 0.0219, \"loss\": 1.1526, \"train_acc_t\": 0.9967, \"train_acc_s\": 0.979, \"steps\": 415, \"teacher_test_acc\": 0.9576, \"teacher_test_loss\": 0.1927}\n"}
,{"stream_name":"stdout","time":20756.892554539,"data":"  round 19 client p014: {\"ce_t\": 0.0433, \"ce_s\": 0.0619, \"kl_t\": 0.0411, \"kl_s\": 0.0403, \"hid\": 0.0151, \"loss\": 0.9622, \"train_acc_t\": 0.9977, \"train_acc_s\": 0.9911, \"steps\": 440, \"teacher_test_acc\": 0.9886, \"teacher_test_loss\": 0.045}\n"}
,{"stream_name":"stdout","time":20770.079359912,"data":"  round 19 client p015: {\"ce_t\": 0.0373, \"ce_s\": 0.0691, \"kl_t\": 0.0497, \"kl_s\": 0.0446, \"hid\": 0.0149, \"loss\": 0.8926, \"train_acc_t\": 0.9989, \"train_acc_s\": 0.9877, \"steps\": 440, \"teacher_test_acc\": 0.9886, \"teacher_test_loss\": 0.0545}\n"}
,{"stream_name":"stdout","time":20860.636630221,"data":"  round 19 client p016: {\"ce_t\": 0.0295, \"ce_s\": 0.0282, \"kl_t\": 0.0179, \"kl_s\": 0.02, \"hid\": 0.0095, \"loss\": 0.8313, \"train_acc_t\": 0.9972, \"train_acc_s\": 0.9958, \"steps\": 540, \"teacher_test_acc\": 0.9676, \"teacher_test_loss\": 0.1379}\n"}
,{"stream_name":"stdout","time":20890.591192859,"data":"  round 19 client p021: {\"ce_t\": 0.0452, \"ce_s\": 0.072, \"kl_t\": 0.048, \"kl_s\": 0.042, \"hid\": 0.0135, \"loss\": 0.8668, \"train_acc_t\": 0.9964, \"train_acc_s\": 0.9858, \"steps\": 620, \"teacher_test_acc\": 0.9758, \"teacher_test_loss\": 0.1383}\n"}
,{"stream_name":"stdout","time":20978.40387969,"data":"  round 19 client p022: {\"ce_t\": 0.0338, \"ce_s\": 0.0307, \"kl_t\": 0.0317, \"kl_s\": 0.0308, \"hid\": 0.0126, \"loss\": 0.866, \"train_acc_t\": 0.9961, \"train_acc_s\": 0.9968, \"steps\": 620, \"teacher_test_acc\": 0.996, \"teacher_test_loss\": 0.0196}\n"}
,{"stream_name":"stdout","time":21009.613837623,"data":"  round 19 client p024: {\"ce_t\": 0.0371, \"ce_s\": 0.0498, \"kl_t\": 0.0503, \"kl_s\": 0.0418, \"hid\": 0.0111, \"loss\": 0.8269, \"train_acc_t\": 0.9963, \"train_acc_s\": 0.991, \"steps\": 615, \"teacher_test_acc\": 0.9919, \"teacher_test_loss\": 0.0312}\n"}
,{"stream_name":"stdout","time":21093.018773437,"data":"  round 19 client p035: {\"ce_t\": 0.0226, \"ce_s\": 0.0243, \"kl_t\": 0.0201, \"kl_s\": 0.0175, \"hid\": 0.01, \"loss\": 0.8605, \"train_acc_t\": 0.9982, \"train_acc_s\": 0.9973, \"steps\": 425, \"teacher_test_acc\": 0.9647, \"teacher_test_loss\": 0.0946}\n"}
,{"stream_name":"stdout","time":21094.073542053,"data":"  round 19 client p026: {\"ce_t\": 0.0281, \"ce_s\": 0.035, \"kl_t\": 0.0257, \"kl_s\": 0.0237, \"hid\": 0.0123, \"loss\": 0.9053, \"train_acc_t\": 0.9979, \"train_acc_s\": 0.9952, \"steps\": 600, \"teacher_test_acc\": 0.9875, \"teacher_test_loss\": 0.0519}\n"}
,{"stream_name":"stdout","time":21154.782165686,"data":"  round 19 client p041: {\"ce_t\": 0.0364, \"ce_s\": 0.0574, \"kl_t\": 0.0426, \"kl_s\": 0.0385, \"hid\": 0.0198, \"loss\": 1.1202, \"train_acc_t\": 0.9992, \"train_acc_s\": 0.9897, \"steps\": 305, \"teacher_test_acc\": 0.9091, \"teacher_test_loss\": 0.3169}\n"}
,{"stream_name":"stdout","time":21160.08327516,"data":"  round 19 client p039: {\"ce_t\": 0.0475, \"ce_s\": 0.0597, \"kl_t\": 0.0381, \"kl_s\": 0.0391, \"hid\": 0.0212, \"loss\": 1.0553, \"train_acc_t\": 0.9946, \"train_acc_s\": 0.9915, \"steps\": 325, \"teacher_test_acc\": 0.9847, \"teacher_test_loss\": 0.0859}\n"}
,{"stream_name":"stdout","time":21214.929391335,"data":"  round 19 client p042: {\"ce_t\": 0.0322, \"ce_s\": 0.0561, \"kl_t\": 0.042, \"kl_s\": 0.0349, \"hid\": 0.016, \"loss\": 0.9101, \"train_acc_t\": 0.9992, \"train_acc_s\": 0.9886, \"steps\": 295, \"teacher_test_acc\": 0.9916, \"teacher_test_loss\": 0.0251}\n"}
,{"stream_name":"stdout","time":21233.724286459,"data":"  round 19 client p045: {\"ce_t\": 0.0344, \"ce_s\": 0.0533, \"kl_t\": 0.0414, \"kl_s\": 0.0385, \"hid\": 0.0146, \"loss\": 1.0409, \"train_acc_t\": 0.9969, \"train_acc_s\": 0.99, \"steps\": 365, \"teacher_test_acc\": 0.9517, \"teacher_test_loss\": 0.1938}\n"}
,{"stream_name":"stdout","time":21297.063638785,"data":"  round 19 client p047: {\"ce_t\": 0.047, \"ce_s\": 0.0875, \"kl_t\": 0.0573, \"kl_s\": 0.0534, \"hid\": 0.0156, \"loss\": 0.9021, \"train_acc_t\": 0.9973, \"train_acc_s\": 0.9793, \"steps\": 420, \"teacher_test_acc\": 0.982, \"teacher_test_loss\": 0.08}\n"}
,{"stream_name":"stdout","time":21333.536098142,"data":"  round 19 client p049: {\"ce_t\": 0.0221, \"ce_s\": 0.0309, \"kl_t\": 0.0234, \"kl_s\": 0.0206, \"hid\": 0.0096, \"loss\": 0.8453, \"train_acc_t\": 0.999, \"train_acc_s\": 0.996, \"steps\": 505, \"teacher_test_acc\": 1.0, \"teacher_test_loss\": 0.013}\n"}
,{"stream_name":"stdout","time":21375.199787356,"data":"  round 19 client p050: {\"ce_t\": 0.0622, \"ce_s\": 0.1138, \"kl_t\": 0.0878, \"kl_s\": 0.0713, \"hid\": 0.0197, \"loss\": 1.0081, \"train_acc_t\": 0.9946, \"train_acc_s\": 0.9722, \"steps\": 395, \"teacher_test_acc\": 0.8924, \"teacher_test_loss\": 0.5523}\n"}
,{"stream_name":"stdout","time":21424.505273627,"data":"  round 19 client p051: {\"ce_t\": 0.0446, \"ce_s\": 0.0829, \"kl_t\": 0.0587, \"kl_s\": 0.0515, \"hid\": 0.0155, \"loss\": 0.9145, \"train_acc_t\": 0.9965, \"train_acc_s\": 0.984, \"steps\": 460, \"teacher_test_acc\": 0.9402, \"teacher_test_loss\": 0.2484}\n"}
,{"stream_name":"stdout","time":21449.078664139,"data":"  round 19 client p052: {\"ce_t\": 0.037, \"ce_s\": 0.0566, \"kl_t\": 0.0361, \"kl_s\": 0.0349, \"hid\": 0.0155, \"loss\": 0.9859, \"train_acc_t\": 0.997, \"train_acc_s\": 0.9905, \"steps\": 370, \"teacher_test_acc\": 0.9662, \"teacher_test_loss\": 0.1814}\n"}
,{"stream_name":"stdout","time":21504.491498653,"data":"  round 19 client p056: {\"ce_t\": 0.0416, \"ce_s\": 0.0734, \"kl_t\": 0.0588, \"kl_s\": 0.054, \"hid\": 0.0165, \"loss\": 0.9664, \"train_acc_t\": 0.9978, \"train_acc_s\": 0.9865, \"steps\": 400, \"teacher_test_acc\": 0.9686, \"teacher_test_loss\": 0.1383}\n"}
,{"stream_name":"stdout","time":21529.244948956,"data":"  round 19 client p061: {\"ce_t\": 0.0451, \"ce_s\": 0.0619, \"kl_t\": 0.0468, \"kl_s\": 0.0483, \"hid\": 0.0181, \"loss\": 0.991, \"train_acc_t\": 0.9963, \"train_acc_s\": 0.9898, \"steps\": 405, \"teacher_test_acc\": 0.9815, \"teacher_test_loss\": 0.0634}\n"}
,{"stream_name":"stdout","time":21585.646356908,"data":"  round 19 client p064: {\"ce_t\": 0.0325, \"ce_s\": 0.0527, \"kl_t\": 0.045, \"kl_s\": 0.0367, \"hid\": 0.0143, \"loss\": 0.9795, \"train_acc_t\": 0.9982, \"train_acc_s\": 0.9896, \"steps\": 410, \"teacher_test_acc\": 0.8963, \"teacher_test_loss\": 0.2958}\n"}
,{"stream_name":"stdout","time":21621.951782062,"data":"  round 19 client p072: {\"ce_t\": 0.0643, \"ce_s\": 0.1353, \"kl_t\": 0.1305, \"kl_s\": 0.0989, \"hid\": 0.0396, \"loss\": 1.4098, \"train_acc_t\": 1.0, \"train_acc_s\": 0.9638, \"steps\": 175, \"teacher_test_acc\": 1.0, \"teacher_test_loss\": 0.04}\n"}
,{"stream_name":"stdout","time":21630.495992776,"data":"  round 19 client p066: {\"ce_t\": 0.0573, \"ce_s\": 0.0914, \"kl_t\": 0.069, \"kl_s\": 0.0624, \"hid\": 0.0181, \"loss\": 0.9912, \"train_acc_t\": 0.9959, \"train_acc_s\": 0.9821, \"steps\": 520, \"teacher_test_acc\": 0.9855, \"teacher_test_loss\": 0.0666}\n"}
,{"stream_name":"stdout","time":21703.193676965,"data":"  round 19 client p075: {\"ce_t\": 0.0396, \"ce_s\": 0.0701, \"kl_t\": 0.0524, \"kl_s\": 0.0437, \"hid\": 0.0161, \"loss\": 0.9684, \"train_acc_t\": 0.9969, \"train_acc_s\": 0.9877, \"steps\": 410, \"teacher_test_acc\": 0.9693, \"teacher_test_loss\": 0.0907}\n"}
,{"stream_name":"stdout","time":21710.449333134,"data":"  round 19 client p081: {\"ce_t\": 0.0351, \"ce_s\": 0.0635, \"kl_t\": 0.0556, \"kl_s\": 0.0429, \"hid\": 0.0166, \"loss\": 1.0124, \"train_acc_t\": 0.9991, \"train_acc_s\": 0.9872, \"steps\": 415, \"teacher_test_acc\": 1.0, \"teacher_test_loss\": 0.0141}\n"}
,{"stream_name":"stdout","time":21745.40453356,"data":"ROUND 19/30: global student acc 0.8015 F1 0.7882 | mean teacher acc 0.9704 | 19.1 min\n"}
,{"stream_name":"stdout","time":21818.601232333,"data":"  round 20 client p002: {\"ce_t\": 0.0569, \"ce_s\": 0.0615, \"kl_t\": 0.0558, \"kl_s\": 0.0495, \"hid\": 0.0215, \"loss\": 1.0977, \"train_acc_t\": 0.9955, \"train_acc_s\": 0.991, \"steps\": 365, \"teacher_test_acc\": 0.9862, \"teacher_test_loss\": 0.0969}\n"}
,{"stream_name":"stdout","time":21830.384687801,"data":"  round 20 client p012: {\"ce_t\": 0.051, \"ce_s\": 0.0942, \"kl_t\": 0.0862, \"kl_s\": 0.067, \"hid\": 0.0204, \"loss\": 1.036, \"train_acc_t\": 0.997, \"train_acc_s\": 0.9802, \"steps\": 415, \"teacher_test_acc\": 0.9697, \"teacher_test_loss\": 0.1971}\n"}
,{"stream_name":"stdout","time":21904.608750418,"data":"  round 20 client p014: {\"ce_t\": 0.0473, \"ce_s\": 0.0718, \"kl_t\": 0.0468, \"kl_s\": 0.0436, \"hid\": 0.016, \"loss\": 0.9723, \"train_acc_t\": 0.9977, \"train_acc_s\": 0.9874, \"steps\": 440, \"teacher_test_acc\": 0.9659, \"teacher_test_loss\": 0.1226}\n"}
,{"stream_name":"stdout","time":21917.588941287,"data":"  round 20 client p015: {\"ce_t\": 0.0328, \"ce_s\": 0.0653, \"kl_t\": 0.0496, \"kl_s\": 0.0414, \"hid\": 0.012, \"loss\": 0.8396, \"train_acc_t\": 0.9989, \"train_acc_s\": 0.9886, \"steps\": 440, \"teacher_test_acc\": 0.9829, \"teacher_test_loss\": 0.0746}\n"}
,{"stream_name":"stdout","time":22009.074882326,"data":"  round 20 client p016: {\"ce_t\": 0.0353, \"ce_s\": 0.0342, \"kl_t\": 0.0274, \"kl_s\": 0.03, \"hid\": 0.0102, \"loss\": 0.844, \"train_acc_t\": 0.9968, \"train_acc_s\": 0.9958, \"steps\": 540, \"teacher_test_acc\": 0.963, \"teacher_test_loss\": 0.157}\n"}
,{"stream_name":"stdout","time":22038.24109731,"data":"  round 20 client p021: {\"ce_t\": 0.0417, \"ce_s\": 0.0735, \"kl_t\": 0.0474, \"kl_s\": 0.0414, \"hid\": 0.0118, \"loss\": 0.8042, \"train_acc_t\": 0.9976, \"train_acc_s\": 0.986, \"steps\": 620, \"teacher_test_acc\": 0.9758, \"teacher_test_loss\": 0.0742}\n"}
,{"stream_name":"stdout","time":22127.739101491,"data":"  round 20 client p022: {\"ce_t\": 0.0188, \"ce_s\": 0.029, \"kl_t\": 0.0211, \"kl_s\": 0.0186, \"hid\": 0.0094, \"loss\": 0.8617, \"train_acc_t\": 0.9996, \"train_acc_s\": 0.9955, \"steps\": 620, \"teacher_test_acc\": 0.9919, \"teacher_test_loss\": 0.0394}\n"}
,{"stream_name":"stdout","time":22157.42399916,"data":"  round 20 client p024: {\"ce_t\": 0.0288, \"ce_s\": 0.046, \"kl_t\": 0.0413, \"kl_s\": 0.0351, \"hid\": 0.0108, \"loss\": 0.8136, \"train_acc_t\": 0.9982, \"train_acc_s\": 0.9924, \"steps\": 615, \"teacher_test_acc\": 1.0, \"teacher_test_loss\": 0.0105}\n"}
,{"stream_name":"stdout","time":22240.724939194,"data":"  round 20 client p035: {\"ce_t\": 0.0205, \"ce_s\": 0.0273, \"kl_t\": 0.0233, \"kl_s\": 0.0218, \"hid\": 0.0117, \"loss\": 0.9463, \"train_acc_t\": 0.9982, \"train_acc_s\": 0.9962, \"steps\": 425, \"teacher_test_acc\": 0.9882, \"teacher_test_loss\": 0.048}\n"}
,{"stream_name":"stdout","time":22243.117608698,"data":"  round 20 client p026: {\"ce_t\": 0.0353, \"ce_s\": 0.0529, \"kl_t\": 0.0424, \"kl_s\": 0.0375, \"hid\": 0.0161, \"loss\": 0.9648, \"train_acc_t\": 0.9992, \"train_acc_s\": 0.9918, \"steps\": 600, \"teacher_test_acc\": 0.9958, \"teacher_test_loss\": 0.0395}\n"}
,{"stream_name":"stdout","time":22303.434570741,"data":"  round 20 client p041: {\"ce_t\": 0.0239, \"ce_s\": 0.035, \"kl_t\": 0.019, \"kl_s\": 0.0193, \"hid\": 0.0123, \"loss\": 0.9332, \"train_acc_t\": 0.9996, \"train_acc_s\": 0.9963, \"steps\": 305, \"teacher_test_acc\": 0.9504, \"teacher_test_loss\": 0.2781}\n"}
,{"stream_name":"stdout","time":22307.906032108,"data":"  round 20 client p039: {\"ce_t\": 0.0465, \"ce_s\": 0.0776, \"kl_t\": 0.0555, \"kl_s\": 0.0543, \"hid\": 0.0212, \"loss\": 1.1206, \"train_acc_t\": 0.9973, \"train_acc_s\": 0.985, \"steps\": 325, \"teacher_test_acc\": 0.9924, \"teacher_test_loss\": 0.0401}\n"}
,{"stream_name":"stdout","time":22363.430076238,"data":"  round 20 client p042: {\"ce_t\": 0.032, \"ce_s\": 0.0469, \"kl_t\": 0.0419, \"kl_s\": 0.0374, \"hid\": 0.0156, \"loss\": 1.0198, \"train_acc_t\": 0.9975, \"train_acc_s\": 0.9911, \"steps\": 295, \"teacher_test_acc\": 1.0, \"teacher_test_loss\": 0.023}\n"}
,{"stream_name":"stdout","time":22381.633890264,"data":"  round 20 client p045: {\"ce_t\": 0.0278, \"ce_s\": 0.0416, \"kl_t\": 0.0209, \"kl_s\": 0.0191, \"hid\": 0.0119, \"loss\": 0.905, \"train_acc_t\": 0.9969, \"train_acc_s\": 0.9907, \"steps\": 365, \"teacher_test_acc\": 0.9448, \"teacher_test_loss\": 0.259}\n"}
,{"stream_name":"stdout","time":22445.90260693,"data":"  round 20 client p047: {\"ce_t\": 0.0714, \"ce_s\": 0.1018, \"kl_t\": 0.0726, \"kl_s\": 0.0636, \"hid\": 0.017, \"loss\": 0.926, \"train_acc_t\": 0.991, \"train_acc_s\": 0.9799, \"steps\": 420, \"teacher_test_acc\": 0.976, \"teacher_test_loss\": 0.1348}\n"}
,{"stream_name":"stdout","time":22480.848539918,"data":"  round 20 client p049: {\"ce_t\": 0.0198, \"ce_s\": 0.0295, \"kl_t\": 0.0241, \"kl_s\": 0.0184, \"hid\": 0.0085, \"loss\": 0.8189, \"train_acc_t\": 0.9993, \"train_acc_s\": 0.9955, \"steps\": 505, \"teacher_test_acc\": 1.0, \"teacher_test_loss\": 0.009}\n"}
,{"stream_name":"stdout","time":22523.966375676,"data":"  round 20 client p050: {\"ce_t\": 0.0661, \"ce_s\": 0.1143, \"kl_t\": 0.0893, \"kl_s\": 0.072, \"hid\": 0.0216, \"loss\": 1.0529, \"train_acc_t\": 0.9946, \"train_acc_s\": 0.9722, \"steps\": 395, \"teacher_test_acc\": 0.981, \"teacher_test_loss\": 0.0708}\n"}
,{"stream_name":"stdout","time":22571.909805508,"data":"  round 20 client p051: {\"ce_t\": 0.0471, \"ce_s\": 0.0736, \"kl_t\": 0.0548, \"kl_s\": 0.0539, \"hid\": 0.0158, \"loss\": 0.9639, \"train_acc_t\": 0.9946, \"train_acc_s\": 0.9872, \"steps\": 460, \"teacher_test_acc\": 0.9837, \"teacher_test_loss\": 0.0921}\n"}
,{"stream_name":"stdout","time":22598.058633729,"data":"  round 20 client p052: {\"ce_t\": 0.0491, \"ce_s\": 0.0488, \"kl_t\": 0.0445, \"kl_s\": 0.0458, \"hid\": 0.0158, \"loss\": 1.0462, \"train_acc_t\": 0.9922, \"train_acc_s\": 0.9936, \"steps\": 370, \"teacher_test_acc\": 0.9662, \"teacher_test_loss\": 0.1855}\n"}
,{"stream_name":"stdout","time":22651.791601562,"data":"  round 20 client p056: {\"ce_t\": 0.0545, \"ce_s\": 0.1017, \"kl_t\": 0.0731, \"kl_s\": 0.0612, \"hid\": 0.0181, \"loss\": 0.9732, \"train_acc_t\": 0.9981, \"train_acc_s\": 0.9751, \"steps\": 400, \"teacher_test_acc\": 0.9623, \"teacher_test_loss\": 0.1272}\n"}
,{"stream_name":"stdout","time":22677.462803374,"data":"  round 20 client p061: {\"ce_t\": 0.0495, \"ce_s\": 0.081, \"kl_t\": 0.0613, \"kl_s\": 0.0547, \"hid\": 0.0192, \"loss\": 1.0403, \"train_acc_t\": 0.9975, \"train_acc_s\": 0.9827, \"steps\": 405, \"teacher_test_acc\": 0.9815, \"teacher_test_loss\": 0.0779}\n"}
,{"stream_name":"stdout","time":22733.313809725,"data":"  round 20 client p064: {\"ce_t\": 0.0474, \"ce_s\": 0.073, \"kl_t\": 0.0648, \"kl_s\": 0.0588, \"hid\": 0.0164, \"loss\": 0.9877, \"train_acc_t\": 0.997, \"train_acc_s\": 0.9863, \"steps\": 410, \"teacher_test_acc\": 0.9939, \"teacher_test_loss\": 0.0688}\n"}
,{"stream_name":"stdout","time":22770.076198688,"data":"  round 20 client p072: {\"ce_t\": 0.0751, \"ce_s\": 0.1464, \"kl_t\": 0.1427, \"kl_s\": 0.1219, \"hid\": 0.0368, \"loss\": 1.4238, \"train_acc_t\": 0.9935, \"train_acc_s\": 0.9681, \"steps\": 175, \"teacher_test_acc\": 1.0, \"teacher_test_loss\": 0.0707}\n"}
,{"stream_name":"stdout","time":22778.216852478,"data":"  round 20 client p066: {\"ce_t\": 0.0511, \"ce_s\": 0.0856, \"kl_t\": 0.0564, \"kl_s\": 0.0493, \"hid\": 0.0154, \"loss\": 0.9168, \"train_acc_t\": 0.9976, \"train_acc_s\": 0.9838, \"steps\": 520, \"teacher_test_acc\": 0.9903, \"teacher_test_loss\": 0.0831}\n"}
,{"stream_name":"stdout","time":22852.760114966,"data":"  round 20 client p075: {\"ce_t\": 0.0409, \"ce_s\": 0.0756, \"kl_t\": 0.0681, \"kl_s\": 0.0523, \"hid\": 0.018, \"loss\": 1.0855, \"train_acc_t\": 0.9975, \"train_acc_s\": 0.984, \"steps\": 410, \"teacher_test_acc\": 1.0, \"teacher_test_loss\": 0.0417}\n"}
,{"stream_name":"stdout","time":22859.302463144,"data":"  round 20 client p081: {\"ce_t\": 0.0503, \"ce_s\": 0.0805, \"kl_t\": 0.0767, \"kl_s\": 0.0621, \"hid\": 0.0192, \"loss\": 1.0613, \"train_acc_t\": 0.9973, \"train_acc_s\": 0.983, \"steps\": 415, \"teacher_test_acc\": 1.0, \"teacher_test_loss\": 0.0232}\n"}
,{"stream_name":"stdout","time":22895.044223703,"data":"ROUND 20/30: global student acc 0.8133 F1 0.8032 | mean teacher acc 0.9824 | 19.2 min\n"}
,{"stream_name":"stdout","time":22968.533514607,"data":"  round 21 client p002: {\"ce_t\": 0.038, \"ce_s\": 0.0511, \"kl_t\": 0.0402, \"kl_s\": 0.0353, \"hid\": 0.0172, \"loss\": 1.0555, \"train_acc_t\": 0.9983, \"train_acc_s\": 0.9907, \"steps\": 365, \"teacher_test_acc\": 0.9862, \"teacher_test_loss\": 0.0807}\n"}
,{"stream_name":"stdout","time":22980.503059467,"data":"  round 21 client p012: {\"ce_t\": 0.0614, \"ce_s\": 0.1032, \"kl_t\": 0.1037, \"kl_s\": 0.0872, \"hid\": 0.0223, \"loss\": 1.1084, \"train_acc_t\": 0.9939, \"train_acc_s\": 0.979, \"steps\": 415, \"teacher_test_acc\": 0.9515, \"teacher_test_loss\": 0.2581}\n"}
,{"stream_name":"stdout","time":23054.389168016,"data":"  round 21 client p014: {\"ce_t\": 0.0511, \"ce_s\": 0.0701, \"kl_t\": 0.0522, \"kl_s\": 0.0492, \"hid\": 0.0176, \"loss\": 1.01, \"train_acc_t\": 0.9949, \"train_acc_s\": 0.988, \"steps\": 440, \"teacher_test_acc\": 0.9886, \"teacher_test_loss\": 0.0919}\n"}
,{"stream_name":"stdout","time":23068.203379712,"data":"  round 21 client p015: {\"ce_t\": 0.0349, \"ce_s\": 0.0656, \"kl_t\": 0.0604, \"kl_s\": 0.0458, \"hid\": 0.013, \"loss\": 0.9001, \"train_acc_t\": 0.9986, \"train_acc_s\": 0.9877, \"steps\": 440, \"teacher_test_acc\": 0.9771, \"teacher_test_loss\": 0.0846}\n"}
,{"stream_name":"stdout","time":23158.781880344,"data":"  round 21 client p016: {\"ce_t\": 0.0178, \"ce_s\": 0.025, \"kl_t\": 0.0148, \"kl_s\": 0.0131, \"hid\": 0.007, \"loss\": 0.7978, \"train_acc_t\": 0.9988, \"train_acc_s\": 0.9963, \"steps\": 540, \"teacher_test_acc\": 0.9676, \"teacher_test_loss\": 0.1058}\n"}
,{"stream_name":"stdout","time":23187.76909518,"data":"  round 21 client p021: {\"ce_t\": 0.0405, \"ce_s\": 0.0676, \"kl_t\": 0.0425, \"kl_s\": 0.0423, \"hid\": 0.0143, \"loss\": 0.8472, \"train_acc_t\": 0.997, \"train_acc_s\": 0.9889, \"steps\": 620, \"teacher_test_acc\": 0.9798, \"teacher_test_loss\": 0.0867}\n"}
,{"stream_name":"stdout","time":23277.40225607,"data":"  round 21 client p022: {\"ce_t\": 0.0181, \"ce_s\": 0.0283, \"kl_t\": 0.0197, \"kl_s\": 0.016, \"hid\": 0.0078, \"loss\": 0.7557, \"train_acc_t\": 0.9998, \"train_acc_s\": 0.9961, \"steps\": 620, \"teacher_test_acc\": 0.9919, \"teacher_test_loss\": 0.0266}\n"}
,{"stream_name":"stdout","time":23307.214925961,"data":"  round 21 client p024: {\"ce_t\": 0.0262, \"ce_s\": 0.0462, \"kl_t\": 0.0386, \"kl_s\": 0.033, \"hid\": 0.0092, \"loss\": 0.77, \"train_acc_t\": 0.999, \"train_acc_s\": 0.9937, \"steps\": 615, \"teacher_test_acc\": 0.9959, \"teacher_test_loss\": 0.0202}\n"}
,{"stream_name":"stdout","time":23390.807301349,"data":"  round 21 client p035: {\"ce_t\": 0.0321, \"ce_s\": 0.0243, \"kl_t\": 0.025, \"kl_s\": 0.0262, \"hid\": 0.0132, \"loss\": 1.0218, \"train_acc_t\": 0.9968, \"train_acc_s\": 0.9985, \"steps\": 425, \"teacher_test_acc\": 0.9824, \"teacher_test_loss\": 0.0944}\n"}
,{"stream_name":"stdout","time":23392.82771022,"data":"  round 21 client p026: {\"ce_t\": 0.0322, \"ce_s\": 0.0442, \"kl_t\": 0.0344, \"kl_s\": 0.0305, \"hid\": 0.0113, \"loss\": 0.8412, \"train_acc_t\": 0.9981, \"train_acc_s\": 0.9939, \"steps\": 600, \"teacher_test_acc\": 0.9833, \"teacher_test_loss\": 0.0743}\n"}
,{"stream_name":"stdout","time":23452.634333187,"data":"  round 21 client p041: {\"ce_t\": 0.0389, \"ce_s\": 0.0531, \"kl_t\": 0.0387, \"kl_s\": 0.0381, \"hid\": 0.0167, \"loss\": 1.0531, \"train_acc_t\": 0.9983, \"train_acc_s\": 0.9938, \"steps\": 305, \"teacher_test_acc\": 0.9504, \"teacher_test_loss\": 0.2153}\n"}
,{"stream_name":"stdout","time":23457.881448288,"data":"  round 21 client p039: {\"ce_t\": 0.0568, \"ce_s\": 0.0735, \"kl_t\": 0.069, \"kl_s\": 0.0579, \"hid\": 0.021, \"loss\": 1.1086, \"train_acc_t\": 0.9935, \"train_acc_s\": 0.9865, \"steps\": 325, \"teacher_test_acc\": 0.9847, \"teacher_test_loss\": 0.0596}\n"}
,{"stream_name":"stdout","time":23513.027103942,"data":"  round 21 client p042: {\"ce_t\": 0.0397, \"ce_s\": 0.0632, \"kl_t\": 0.053, \"kl_s\": 0.0473, \"hid\": 0.018, \"loss\": 1.0162, \"train_acc_t\": 0.9953, \"train_acc_s\": 0.9869, \"steps\": 295, \"teacher_test_acc\": 0.9916, \"teacher_test_loss\": 0.0337}\n"}
,{"stream_name":"stdout","time":23531.929242627,"data":"  round 21 client p045: {\"ce_t\": 0.0274, \"ce_s\": 0.037, \"kl_t\": 0.0238, \"kl_s\": 0.0192, \"hid\": 0.0112, \"loss\": 0.9174, \"train_acc_t\": 0.9965, \"train_acc_s\": 0.9903, \"steps\": 365, \"teacher_test_acc\": 0.9517, \"teacher_test_loss\": 0.1744}\n"}
,{"stream_name":"stdout","time":23595.016007528,"data":"  round 21 client p047: {\"ce_t\": 0.055, \"ce_s\": 0.0836, \"kl_t\": 0.0572, \"kl_s\": 0.0535, \"hid\": 0.0156, \"loss\": 0.8852, \"train_acc_t\": 0.9949, \"train_acc_s\": 0.9847, \"steps\": 420, \"teacher_test_acc\": 0.9701, \"teacher_test_loss\": 0.1419}\n"}
,{"stream_name":"stdout","time":23631.306113355,"data":"  round 21 client p049: {\"ce_t\": 0.0125, \"ce_s\": 0.0189, \"kl_t\": 0.0137, \"kl_s\": 0.0086, \"hid\": 0.0071, \"loss\": 0.7983, \"train_acc_t\": 1.0, \"train_acc_s\": 0.998, \"steps\": 505, \"teacher_test_acc\": 1.0, \"teacher_test_loss\": 0.006}\n"}
,{"stream_name":"stdout","time":23673.015533612,"data":"  round 21 client p050: {\"ce_t\": 0.0586, \"ce_s\": 0.1053, \"kl_t\": 0.0738, \"kl_s\": 0.0601, \"hid\": 0.0179, \"loss\": 0.938, \"train_acc_t\": 0.9953, \"train_acc_s\": 0.9722, \"steps\": 395, \"teacher_test_acc\": 0.9873, \"teacher_test_loss\": 0.0647}\n"}
,{"stream_name":"stdout","time":23723.073701606,"data":"  round 21 client p051: {\"ce_t\": 0.0354, \"ce_s\": 0.0664, \"kl_t\": 0.0472, \"kl_s\": 0.039, \"hid\": 0.0124, \"loss\": 0.8213, \"train_acc_t\": 0.9984, \"train_acc_s\": 0.9872, \"steps\": 460, \"teacher_test_acc\": 0.9457, \"teacher_test_loss\": 0.1487}\n"}
,{"stream_name":"stdout","time":23746.641680097,"data":"  round 21 client p052: {\"ce_t\": 0.0318, \"ce_s\": 0.047, \"kl_t\": 0.0291, \"kl_s\": 0.0306, \"hid\": 0.0133, \"loss\": 0.9156, \"train_acc_t\": 0.9973, \"train_acc_s\": 0.9936, \"steps\": 370, \"teacher_test_acc\": 0.973, \"teacher_test_loss\": 0.162}\n"}
,{"stream_name":"stdout","time":23802.502247073,"data":"  round 21 client p056: {\"ce_t\": 0.0376, \"ce_s\": 0.069, \"kl_t\": 0.0478, \"kl_s\": 0.0419, \"hid\": 0.0136, \"loss\": 0.8549, \"train_acc_t\": 0.9991, \"train_acc_s\": 0.988, \"steps\": 400, \"teacher_test_acc\": 0.956, \"teacher_test_loss\": 0.1865}\n"}
,{"stream_name":"stdout","time":23826.304225407,"data":"  round 21 client p061: {\"ce_t\": 0.0419, \"ce_s\": 0.0575, \"kl_t\": 0.0373, \"kl_s\": 0.0362, \"hid\": 0.0169, \"loss\": 0.965, \"train_acc_t\": 0.9978, \"train_acc_s\": 0.9898, \"steps\": 405, \"teacher_test_acc\": 0.9691, \"teacher_test_loss\": 0.1001}\n"}
,{"stream_name":"stdout","time":23884.693531903,"data":"  round 21 client p064: {\"ce_t\": 0.0512, \"ce_s\": 0.0553, \"kl_t\": 0.0622, \"kl_s\": 0.0633, \"hid\": 0.0187, \"loss\": 0.9935, \"train_acc_t\": 0.9945, \"train_acc_s\": 0.9912, \"steps\": 410, \"teacher_test_acc\": 0.9939, \"teacher_test_loss\": 0.0562}\n"}
,{"stream_name":"stdout","time":23922.059817914,"data":"  round 21 client p072: {\"ce_t\": 0.0604, \"ce_s\": 0.1306, \"kl_t\": 0.1191, \"kl_s\": 0.0928, \"hid\": 0.0345, \"loss\": 1.3262, \"train_acc_t\": 0.9993, \"train_acc_s\": 0.9688, \"steps\": 175, \"teacher_test_acc\": 1.0, \"teacher_test_loss\": 0.0378}\n"}
,{"stream_name":"stdout","time":23928.36869687,"data":"  round 21 client p066: {\"ce_t\": 0.0484, \"ce_s\": 0.0773, \"kl_t\": 0.0545, \"kl_s\": 0.0462, \"hid\": 0.0153, \"loss\": 0.9081, \"train_acc_t\": 0.9978, \"train_acc_s\": 0.9855, \"steps\": 520, \"teacher_test_acc\": 0.9758, \"teacher_test_loss\": 0.0986}\n"}
,{"stream_name":"stdout","time":24004.047125182,"data":"  round 21 client p075: {\"ce_t\": 0.0396, \"ce_s\": 0.0741, \"kl_t\": 0.0581, \"kl_s\": 0.0482, \"hid\": 0.0163, \"loss\": 1.011, \"train_acc_t\": 0.9969, \"train_acc_s\": 0.9856, \"steps\": 410, \"teacher_test_acc\": 1.0, \"teacher_test_loss\": 0.0218}\n"}
,{"stream_name":"stdout","time":24008.630273052,"data":"  round 21 client p081: {\"ce_t\": 0.0386, \"ce_s\": 0.0695, \"kl_t\": 0.0669, \"kl_s\": 0.0525, \"hid\": 0.0149, \"loss\": 0.9679, \"train_acc_t\": 0.9976, \"train_acc_s\": 0.986, \"steps\": 415, \"teacher_test_acc\": 0.9939, \"teacher_test_loss\": 0.032}\n"}
,{"stream_name":"stdout","time":24044.346505085,"data":"ROUND 21/30: global student acc 0.8189 F1 0.8092 | mean teacher acc 0.9788 | 19.2 min\n"}
,{"stream_name":"stdout","time":24117.429167351,"data":"  round 22 client p002: {\"ce_t\": 0.0426, \"ce_s\": 0.0532, \"kl_t\": 0.0406, \"kl_s\": 0.0421, \"hid\": 0.0155, \"loss\": 1.0112, \"train_acc_t\": 0.9938, \"train_acc_s\": 0.9893, \"steps\": 365, \"teacher_test_acc\": 0.9793, \"teacher_test_loss\": 0.105}\n"}
,{"stream_name":"stdout","time":24129.366701968,"data":"  round 22 client p012: {\"ce_t\": 0.0536, \"ce_s\": 0.1073, \"kl_t\": 0.1039, \"kl_s\": 0.0839, \"hid\": 0.0191, \"loss\": 1.0537, \"train_acc_t\": 0.997, \"train_acc_s\": 0.9802, \"steps\": 415, \"teacher_test_acc\": 0.9394, \"teacher_test_loss\": 0.311}\n"}
,{"stream_name":"stdout","time":24203.810108762,"data":"  round 22 client p014: {\"ce_t\": 0.0457, \"ce_s\": 0.0649, \"kl_t\": 0.0448, \"kl_s\": 0.0448, \"hid\": 0.0159, \"loss\": 0.9787, \"train_acc_t\": 0.9974, \"train_acc_s\": 0.9866, \"steps\": 440, \"teacher_test_acc\": 0.9716, \"teacher_test_loss\": 0.1251}\n"}
,{"stream_name":"stdout","time":24217.125352215,"data":"  round 22 client p015: {\"ce_t\": 0.0322, \"ce_s\": 0.0558, \"kl_t\": 0.0481, \"kl_s\": 0.0376, \"hid\": 0.013, \"loss\": 0.8769, \"train_acc_t\": 0.9986, \"train_acc_s\": 0.9903, \"steps\": 440, \"teacher_test_acc\": 0.9886, \"teacher_test_loss\": 0.0647}\n"}
,{"stream_name":"stdout","time":24307.733721556,"data":"  round 22 client p016: {\"ce_t\": 0.0215, \"ce_s\": 0.0292, \"kl_t\": 0.0176, \"kl_s\": 0.0184, \"hid\": 0.0079, \"loss\": 0.7521, \"train_acc_t\": 0.9986, \"train_acc_s\": 0.9961, \"steps\": 540, \"teacher_test_acc\": 0.963, \"teacher_test_loss\": 0.1976}\n"}
,{"stream_name":"stdout","time":24337.579290604,"data":"  round 22 client p021: {\"ce_t\": 0.0331, \"ce_s\": 0.0546, \"kl_t\": 0.0335, \"kl_s\": 0.0316, \"hid\": 0.0104, \"loss\": 0.7513, \"train_acc_t\": 0.9974, \"train_acc_s\": 0.9913, \"steps\": 620, \"teacher_test_acc\": 0.9919, \"teacher_test_loss\": 0.0601}\n"}
,{"stream_name":"stdout","time":24425.950764942,"data":"  round 22 client p022: {\"ce_t\": 0.0137, \"ce_s\": 0.0207, \"kl_t\": 0.0165, \"kl_s\": 0.013, \"hid\": 0.0056, \"loss\": 0.7325, \"train_acc_t\": 0.9992, \"train_acc_s\": 0.9966, \"steps\": 620, \"teacher_test_acc\": 0.996, \"teacher_test_loss\": 0.0217}\n"}
,{"stream_name":"stdout","time":24456.097475234,"data":"  round 22 client p024: {\"ce_t\": 0.0157, \"ce_s\": 0.0277, \"kl_t\": 0.0218, \"kl_s\": 0.0188, \"hid\": 0.0059, \"loss\": 0.7145, \"train_acc_t\": 0.9994, \"train_acc_s\": 0.9961, \"steps\": 615, \"teacher_test_acc\": 1.0, \"teacher_test_loss\": 0.0064}\n"}
,{"stream_name":"stdout","time":24539.293581639,"data":"  round 22 client p035: {\"ce_t\": 0.021, \"ce_s\": 0.028, \"kl_t\": 0.0233, \"kl_s\": 0.0159, \"hid\": 0.01, \"loss\": 0.7993, \"train_acc_t\": 0.9994, \"train_acc_s\": 0.9962, \"steps\": 425, \"teacher_test_acc\": 0.9647, \"teacher_test_loss\": 0.1461}\n"}
,{"stream_name":"stdout","time":24541.34138076,"data":"  round 22 client p026: {\"ce_t\": 0.0303, \"ce_s\": 0.0491, \"kl_t\": 0.0389, \"kl_s\": 0.0305, \"hid\": 0.0123, \"loss\": 0.8724, \"train_acc_t\": 0.999, \"train_acc_s\": 0.9912, \"steps\": 600, \"teacher_test_acc\": 0.9917, \"teacher_test_loss\": 0.0648}\n"}
,{"stream_name":"stdout","time":24601.378512667,"data":"  round 22 client p041: {\"ce_t\": 0.037, \"ce_s\": 0.0411, \"kl_t\": 0.0326, \"kl_s\": 0.0388, \"hid\": 0.0182, \"loss\": 1.1136, \"train_acc_t\": 0.9975, \"train_acc_s\": 0.995, \"steps\": 305, \"teacher_test_acc\": 0.9587, \"teacher_test_loss\": 0.1841}\n"}
,{"stream_name":"stdout","time":24606.223014523,"data":"  round 22 client p039: {\"ce_t\": 0.0409, \"ce_s\": 0.0677, \"kl_t\": 0.0455, \"kl_s\": 0.0409, \"hid\": 0.0187, \"loss\": 1.0343, \"train_acc_t\": 0.9977, \"train_acc_s\": 0.9877, \"steps\": 325, \"teacher_test_acc\": 0.9847, \"teacher_test_loss\": 0.0654}\n"}
,{"stream_name":"stdout","time":24661.931933779,"data":"  round 22 client p042: {\"ce_t\": 0.0226, \"ce_s\": 0.0321, \"kl_t\": 0.0286, \"kl_s\": 0.0214, \"hid\": 0.0131, \"loss\": 0.8506, \"train_acc_t\": 0.9996, \"train_acc_s\": 0.9949, \"steps\": 295, \"teacher_test_acc\": 0.9832, \"teacher_test_loss\": 0.0445}\n"}
,{"stream_name":"stdout","time":24679.91795748,"data":"  round 22 client p045: {\"ce_t\": 0.0275, \"ce_s\": 0.0422, \"kl_t\": 0.0267, \"kl_s\": 0.0222, \"hid\": 0.0111, \"loss\": 0.8895, \"train_acc_t\": 0.9993, \"train_acc_s\": 0.9914, \"steps\": 365, \"teacher_test_acc\": 0.9724, \"teacher_test_loss\": 0.1443}\n"}
,{"stream_name":"stdout","time":24743.778513458,"data":"  round 22 client p047: {\"ce_t\": 0.0612, \"ce_s\": 0.0782, \"kl_t\": 0.0595, \"kl_s\": 0.0627, \"hid\": 0.017, \"loss\": 0.9375, \"train_acc_t\": 0.9934, \"train_acc_s\": 0.9859, \"steps\": 420, \"teacher_test_acc\": 0.976, \"teacher_test_loss\": 0.1312}\n"}
,{"stream_name":"stdout","time":24778.686176568,"data":"  round 22 client p049: {\"ce_t\": 0.0164, \"ce_s\": 0.0187, \"kl_t\": 0.0171, \"kl_s\": 0.0136, \"hid\": 0.0075, \"loss\": 0.852, \"train_acc_t\": 0.999, \"train_acc_s\": 0.9978, \"steps\": 505, \"teacher_test_acc\": 1.0, \"teacher_test_loss\": 0.0368}\n"}
,{"stream_name":"stdout","time":24822.00039785,"data":"  round 22 client p050: {\"ce_t\": 0.0638, \"ce_s\": 0.1184, \"kl_t\": 0.09, \"kl_s\": 0.0691, \"hid\": 0.0181, \"loss\": 0.9784, \"train_acc_t\": 0.9968, \"train_acc_s\": 0.9687, \"steps\": 395, \"teacher_test_acc\": 0.9937, \"teacher_test_loss\": 0.0714}\n"}
,{"stream_name":"stdout","time":24870.538368663,"data":"  round 22 client p051: {\"ce_t\": 0.0379, \"ce_s\": 0.0699, \"kl_t\": 0.0483, \"kl_s\": 0.0495, \"hid\": 0.0126, \"loss\": 0.8671, \"train_acc_t\": 0.997, \"train_acc_s\": 0.9875, \"steps\": 460, \"teacher_test_acc\": 0.9239, \"teacher_test_loss\": 0.2362}\n"}
,{"stream_name":"stdout","time":24896.071102315,"data":"  round 22 client p052: {\"ce_t\": 0.0325, \"ce_s\": 0.0525, \"kl_t\": 0.0393, \"kl_s\": 0.0336, \"hid\": 0.0127, \"loss\": 0.9064, \"train_acc_t\": 0.9976, \"train_acc_s\": 0.9919, \"steps\": 370, \"teacher_test_acc\": 0.9662, \"teacher_test_loss\": 0.2007}\n"}
,{"stream_name":"stdout","time":24950.559969893,"data":"  round 22 client p056: {\"ce_t\": 0.0357, \"ce_s\": 0.078, \"kl_t\": 0.0794, \"kl_s\": 0.062, \"hid\": 0.0181, \"loss\": 0.9736, \"train_acc_t\": 0.9984, \"train_acc_s\": 0.9839, \"steps\": 400, \"teacher_test_acc\": 0.9497, \"teacher_test_loss\": 0.167}\n"}
,{"stream_name":"stdout","time":24975.974379205,"data":"  round 22 client p061: {\"ce_t\": 0.0461, \"ce_s\": 0.0812, \"kl_t\": 0.057, \"kl_s\": 0.0463, \"hid\": 0.0152, \"loss\": 0.9246, \"train_acc_t\": 0.9994, \"train_acc_s\": 0.9845, \"steps\": 405, \"teacher_test_acc\": 0.9691, \"teacher_test_loss\": 0.0779}\n"}
,{"stream_name":"stdout","time":25032.49348201,"data":"  round 22 client p064: {\"ce_t\": 0.0353, \"ce_s\": 0.0509, \"kl_t\": 0.043, \"kl_s\": 0.0335, \"hid\": 0.0136, \"loss\": 0.8787, \"train_acc_t\": 0.9994, \"train_acc_s\": 0.9912, \"steps\": 410, \"teacher_test_acc\": 0.9939, \"teacher_test_loss\": 0.0279}\n"}
,{"stream_name":"stdout","time":25069.735424075,"data":"  round 22 client p072: {\"ce_t\": 0.0515, \"ce_s\": 0.0989, \"kl_t\": 0.103, \"kl_s\": 0.0757, \"hid\": 0.0295, \"loss\": 1.3055, \"train_acc_t\": 0.9993, \"train_acc_s\": 0.9783, \"steps\": 175, \"teacher_test_acc\": 1.0, \"teacher_test_loss\": 0.046}\n"}
,{"stream_name":"stdout","time":25077.358164096,"data":"  round 22 client p066: {\"ce_t\": 0.0473, \"ce_s\": 0.0825, \"kl_t\": 0.0579, \"kl_s\": 0.052, \"hid\": 0.014, \"loss\": 0.9186, \"train_acc_t\": 0.9971, \"train_acc_s\": 0.9852, \"steps\": 520, \"teacher_test_acc\": 0.9807, \"teacher_test_loss\": 0.0929}\n"}
,{"stream_name":"stdout","time":25150.885468383,"data":"  round 22 client p075: {\"ce_t\": 0.0427, \"ce_s\": 0.0766, \"kl_t\": 0.0613, \"kl_s\": 0.0508, \"hid\": 0.0175, \"loss\": 1.0472, \"train_acc_t\": 0.9966, \"train_acc_s\": 0.9865, \"steps\": 410, \"teacher_test_acc\": 1.0, \"teacher_test_loss\": 0.0446}\n"}
,{"stream_name":"stdout","time":25156.299922261,"data":"  round 22 client p081: {\"ce_t\": 0.0424, \"ce_s\": 0.0807, \"kl_t\": 0.0714, \"kl_s\": 0.0645, \"hid\": 0.0165, \"loss\": 0.9737, \"train_acc_t\": 0.9982, \"train_acc_s\": 0.9836, \"steps\": 415, \"teacher_test_acc\": 0.9879, \"teacher_test_loss\": 0.0389}\n"}
,{"stream_name":"stdout","time":25191.54277454,"data":"ROUND 22/30: global student acc 0.8253 F1 0.8133 | mean teacher acc 0.9779 | 19.1 min\n"}
,{"stream_name":"stdout","time":25264.611718339,"data":"  round 23 client p002: {\"ce_t\": 0.0382, \"ce_s\": 0.052, \"kl_t\": 0.0425, \"kl_s\": 0.0367, \"hid\": 0.0137, \"loss\": 0.9145, \"train_acc_t\": 0.9966, \"train_acc_s\": 0.9917, \"steps\": 365, \"teacher_test_acc\": 0.9655, \"teacher_test_loss\": 0.1307}\n"}
,{"stream_name":"stdout","time":25276.399267493,"data":"  round 23 client p012: {\"ce_t\": 0.0524, \"ce_s\": 0.0834, \"kl_t\": 0.073, \"kl_s\": 0.0628, \"hid\": 0.0203, \"loss\": 1.0372, \"train_acc_t\": 0.997, \"train_acc_s\": 0.9851, \"steps\": 415, \"teacher_test_acc\": 0.9455, \"teacher_test_loss\": 0.2846}\n"}
,{"stream_name":"stdout","time":25350.879348876,"data":"  round 23 client p014: {\"ce_t\": 0.0396, \"ce_s\": 0.072, \"kl_t\": 0.0442, \"kl_s\": 0.0387, \"hid\": 0.0142, \"loss\": 0.8909, \"train_acc_t\": 0.9989, \"train_acc_s\": 0.9877, \"steps\": 440, \"teacher_test_acc\": 0.9773, \"teacher_test_loss\": 0.0978}\n"}
,{"stream_name":"stdout","time":25363.769038471,"data":"  round 23 client p015: {\"ce_t\": 0.0327, \"ce_s\": 0.0617, \"kl_t\": 0.0518, \"kl_s\": 0.0399, \"hid\": 0.0115, \"loss\": 0.8498, \"train_acc_t\": 0.9986, \"train_acc_s\": 0.9886, \"steps\": 440, \"teacher_test_acc\": 0.9771, \"teacher_test_loss\": 0.0792}\n"}
,{"stream_name":"stdout","time":25454.3587795,"data":"  round 23 client p016: {\"ce_t\": 0.0161, \"ce_s\": 0.0224, \"kl_t\": 0.0153, \"kl_s\": 0.0146, \"hid\": 0.0062, \"loss\": 0.7881, \"train_acc_t\": 0.9986, \"train_acc_s\": 0.9963, \"steps\": 540, \"teacher_test_acc\": 0.9676, \"teacher_test_loss\": 0.1782}\n"}
,{"stream_name":"stdout","time":25483.643811857,"data":"  round 23 client p021: {\"ce_t\": 0.036, \"ce_s\": 0.068, \"kl_t\": 0.0418, \"kl_s\": 0.04, \"hid\": 0.0096, \"loss\": 0.728, \"train_acc_t\": 0.9972, \"train_acc_s\": 0.9883, \"steps\": 620, \"teacher_test_acc\": 0.9758, \"teacher_test_loss\": 0.0792}\n"}
,{"stream_name":"stdout","time":25572.5338444,"data":"  round 23 client p022: {\"ce_t\": 0.0234, \"ce_s\": 0.0303, \"kl_t\": 0.0236, \"kl_s\": 0.0226, \"hid\": 0.0062, \"loss\": 0.6974, \"train_acc_t\": 0.997, \"train_acc_s\": 0.9939, \"steps\": 620, \"teacher_test_acc\": 0.996, \"teacher_test_loss\": 0.0127}\n"}
,{"stream_name":"stdout","time":25602.697309403,"data":"  round 23 client p024: {\"ce_t\": 0.0244, \"ce_s\": 0.0402, \"kl_t\": 0.0386, \"kl_s\": 0.0362, \"hid\": 0.0107, \"loss\": 0.8219, \"train_acc_t\": 0.9976, \"train_acc_s\": 0.9927, \"steps\": 615, \"teacher_test_acc\": 0.9959, \"teacher_test_loss\": 0.0341}\n"}
,{"stream_name":"stdout","time":25685.247611798,"data":"  round 23 client p035: {\"ce_t\": 0.0234, \"ce_s\": 0.0309, \"kl_t\": 0.0207, \"kl_s\": 0.0157, \"hid\": 0.01, \"loss\": 0.822, \"train_acc_t\": 0.9991, \"train_acc_s\": 0.9959, \"steps\": 425, \"teacher_test_acc\": 0.9706, \"teacher_test_loss\": 0.1575}\n"}
,{"stream_name":"stdout","time":25687.33476166,"data":"  round 23 client p026: {\"ce_t\": 0.0308, \"ce_s\": 0.0432, \"kl_t\": 0.031, \"kl_s\": 0.0254, \"hid\": 0.011, \"loss\": 0.8615, \"train_acc_t\": 0.9994, \"train_acc_s\": 0.9935, \"steps\": 600, \"teacher_test_acc\": 0.9792, \"teacher_test_loss\": 0.058}\n"}
,{"stream_name":"stdout","time":25747.529908164,"data":"  round 23 client p041: {\"ce_t\": 0.0252, \"ce_s\": 0.0417, \"kl_t\": 0.0308, \"kl_s\": 0.0256, \"hid\": 0.0158, \"loss\": 1.0506, \"train_acc_t\": 0.9996, \"train_acc_s\": 0.9913, \"steps\": 305, \"teacher_test_acc\": 0.9669, \"teacher_test_loss\": 0.1188}\n"}
,{"stream_name":"stdout","time":25752.175067293,"data":"  round 23 client p039: {\"ce_t\": 0.0348, \"ce_s\": 0.0713, \"kl_t\": 0.0488, \"kl_s\": 0.0411, \"hid\": 0.0162, \"loss\": 0.9594, \"train_acc_t\": 0.9973, \"train_acc_s\": 0.9865, \"steps\": 325, \"teacher_test_acc\": 0.9771, \"teacher_test_loss\": 0.1105}\n"}
,{"stream_name":"stdout","time":25807.773464662,"data":"  round 23 client p042: {\"ce_t\": 0.0337, \"ce_s\": 0.045, \"kl_t\": 0.0348, \"kl_s\": 0.0328, \"hid\": 0.0132, \"loss\": 0.8536, \"train_acc_t\": 0.9987, \"train_acc_s\": 0.9936, \"steps\": 295, \"teacher_test_acc\": 0.9916, \"teacher_test_loss\": 0.0286}\n"}
,{"stream_name":"stdout","time":25825.893899475,"data":"  round 23 client p045: {\"ce_t\": 0.0258, \"ce_s\": 0.0338, \"kl_t\": 0.0157, \"kl_s\": 0.0147, \"hid\": 0.0108, \"loss\": 0.9356, \"train_acc_t\": 0.9965, \"train_acc_s\": 0.9931, \"steps\": 365, \"teacher_test_acc\": 0.9448, \"teacher_test_loss\": 0.2719}\n"}
,{"stream_name":"stdout","time":25889.716225065,"data":"  round 23 client p047: {\"ce_t\": 0.0434, \"ce_s\": 0.0823, \"kl_t\": 0.0576, \"kl_s\": 0.0496, \"hid\": 0.0157, \"loss\": 0.9701, \"train_acc_t\": 0.9964, \"train_acc_s\": 0.9823, \"steps\": 420, \"teacher_test_acc\": 0.982, \"teacher_test_loss\": 0.1285}\n"}
,{"stream_name":"stdout","time":25924.683349456,"data":"  round 23 client p049: {\"ce_t\": 0.0261, \"ce_s\": 0.0348, \"kl_t\": 0.0291, \"kl_s\": 0.028, \"hid\": 0.0119, \"loss\": 0.946, \"train_acc_t\": 0.9988, \"train_acc_s\": 0.9958, \"steps\": 505, \"teacher_test_acc\": 1.0, \"teacher_test_loss\": 0.0177}\n"}
,{"stream_name":"stdout","time":25968.15197088,"data":"  round 23 client p050: {\"ce_t\": 0.0641, \"ce_s\": 0.1282, \"kl_t\": 0.0997, \"kl_s\": 0.0817, \"hid\": 0.0184, \"loss\": 0.9863, \"train_acc_t\": 0.9965, \"train_acc_s\": 0.9677, \"steps\": 395, \"teacher_test_acc\": 0.9873, \"teacher_test_loss\": 0.0708}\n"}
,{"stream_name":"stdout","time":26016.369970457,"data":"  round 23 client p051: {\"ce_t\": 0.0638, \"ce_s\": 0.0726, \"kl_t\": 0.0568, \"kl_s\": 0.0587, \"hid\": 0.0192, \"loss\": 0.9207, \"train_acc_t\": 0.9913, \"train_acc_s\": 0.988, \"steps\": 460, \"teacher_test_acc\": 0.9565, \"teacher_test_loss\": 0.1602}\n"}
,{"stream_name":"stdout","time":26042.362462918,"data":"  round 23 client p052: {\"ce_t\": 0.033, \"ce_s\": 0.0488, \"kl_t\": 0.0358, \"kl_s\": 0.0343, \"hid\": 0.0112, \"loss\": 0.8563, \"train_acc_t\": 0.997, \"train_acc_s\": 0.9919, \"steps\": 370, \"teacher_test_acc\": 0.9595, \"teacher_test_loss\": 0.2105}\n"}
,{"stream_name":"stdout","time":26096.302016628,"data":"  round 23 client p056: {\"ce_t\": 0.058, \"ce_s\": 0.0987, \"kl_t\": 0.0777, \"kl_s\": 0.0718, \"hid\": 0.0185, \"loss\": 0.9777, \"train_acc_t\": 0.9946, \"train_acc_s\": 0.9817, \"steps\": 400, \"teacher_test_acc\": 0.9874, \"teacher_test_loss\": 0.076}\n"}
,{"stream_name":"stdout","time":26122.127361329,"data":"  round 23 client p061: {\"ce_t\": 0.0332, \"ce_s\": 0.0505, \"kl_t\": 0.0251, \"kl_s\": 0.0242, \"hid\": 0.0113, \"loss\": 0.8218, \"train_acc_t\": 0.9997, \"train_acc_s\": 0.9917, \"steps\": 405, \"teacher_test_acc\": 0.9877, \"teacher_test_loss\": 0.072}\n"}
,{"stream_name":"stdout","time":26177.73407582,"data":"  round 23 client p064: {\"ce_t\": 0.0404, \"ce_s\": 0.0575, \"kl_t\": 0.0551, \"kl_s\": 0.0504, \"hid\": 0.0132, \"loss\": 0.9384, \"train_acc_t\": 0.9963, \"train_acc_s\": 0.9905, \"steps\": 410, \"teacher_test_acc\": 0.9878, \"teacher_test_loss\": 0.0434}\n"}
,{"stream_name":"stdout","time":26214.922074543,"data":"  round 23 client p072: {\"ce_t\": 0.0625, \"ce_s\": 0.1373, \"kl_t\": 0.1388, \"kl_s\": 0.1025, \"hid\": 0.0344, \"loss\": 1.2979, \"train_acc_t\": 0.9993, \"train_acc_s\": 0.9717, \"steps\": 175, \"teacher_test_acc\": 1.0, \"teacher_test_loss\": 0.0464}\n"}
,{"stream_name":"stdout","time":26223.281166162,"data":"  round 23 client p066: {\"ce_t\": 0.0474, \"ce_s\": 0.077, \"kl_t\": 0.0556, \"kl_s\": 0.0455, \"hid\": 0.0132, \"loss\": 0.8563, \"train_acc_t\": 0.9976, \"train_acc_s\": 0.9845, \"steps\": 520, \"teacher_test_acc\": 0.9565, \"teacher_test_loss\": 0.1132}\n"}
,{"stream_name":"stdout","time":26296.218283731,"data":"  round 23 client p075: {\"ce_t\": 0.0376, \"ce_s\": 0.0617, \"kl_t\": 0.0443, \"kl_s\": 0.037, \"hid\": 0.0152, \"loss\": 0.976, \"train_acc_t\": 0.9985, \"train_acc_s\": 0.9896, \"steps\": 410, \"teacher_test_acc\": 0.9877, \"teacher_test_loss\": 0.048}\n"}
,{"stream_name":"stdout","time":26302.680828175,"data":"  round 23 client p081: {\"ce_t\": 0.0359, \"ce_s\": 0.0668, \"kl_t\": 0.0597, \"kl_s\": 0.0512, \"hid\": 0.0149, \"loss\": 0.953, \"train_acc_t\": 0.9979, \"train_acc_s\": 0.9878, \"steps\": 415, \"teacher_test_acc\": 1.0, \"teacher_test_loss\": 0.0121}\n"}
,{"stream_name":"stdout","time":26338.150103357,"data":"ROUND 23/30: global student acc 0.8338 F1 0.8235 | mean teacher acc 0.9778 | 19.1 min\n"}
,{"stream_name":"stdout","time":26411.346021299,"data":"  round 24 client p002: {\"ce_t\": 0.0407, \"ce_s\": 0.0478, \"kl_t\": 0.0425, \"kl_s\": 0.0367, \"hid\": 0.0143, \"loss\": 0.9687, \"train_acc_t\": 0.9962, \"train_acc_s\": 0.9924, \"steps\": 365, \"teacher_test_acc\": 0.9517, \"teacher_test_loss\": 0.2451}\n"}
,{"stream_name":"stdout","time":26423.621158501,"data":"  round 24 client p012: {\"ce_t\": 0.0425, \"ce_s\": 0.0901, \"kl_t\": 0.0841, \"kl_s\": 0.0685, \"hid\": 0.0169, \"loss\": 1.0146, \"train_acc_t\": 0.9979, \"train_acc_s\": 0.983, \"steps\": 415, \"teacher_test_acc\": 0.9636, \"teacher_test_loss\": 0.2062}\n"}
,{"stream_name":"stdout","time":26496.770805949,"data":"  round 24 client p014: {\"ce_t\": 0.0392, \"ce_s\": 0.0584, \"kl_t\": 0.0322, \"kl_s\": 0.0318, \"hid\": 0.0116, \"loss\": 0.8628, \"train_acc_t\": 0.9963, \"train_acc_s\": 0.99, \"steps\": 440, \"teacher_test_acc\": 0.9773, \"teacher_test_loss\": 0.0822}\n"}
,{"stream_name":"stdout","time":26510.910078461,"data":"  round 24 client p015: {\"ce_t\": 0.0329, \"ce_s\": 0.0623, \"kl_t\": 0.0598, \"kl_s\": 0.0419, \"hid\": 0.0118, \"loss\": 0.8477, \"train_acc_t\": 0.9989, \"train_acc_s\": 0.9886, \"steps\": 440, \"teacher_test_acc\": 0.9771, \"teacher_test_loss\": 0.0922}\n"}
,{"stream_name":"stdout","time":26600.147631939,"data":"  round 24 client p016: {\"ce_t\": 0.0308, \"ce_s\": 0.0336, \"kl_t\": 0.033, \"kl_s\": 0.0357, \"hid\": 0.0121, \"loss\": 0.8899, \"train_acc_t\": 0.9965, \"train_acc_s\": 0.9954, \"steps\": 540, \"teacher_test_acc\": 0.9815, \"teacher_test_loss\": 0.0711}\n"}
,{"stream_name":"stdout","time":26630.962223506,"data":"  round 24 client p021: {\"ce_t\": 0.0357, \"ce_s\": 0.0669, \"kl_t\": 0.0372, \"kl_s\": 0.0348, \"hid\": 0.0093, \"loss\": 0.7192, \"train_acc_t\": 0.9974, \"train_acc_s\": 0.9879, \"steps\": 620, \"teacher_test_acc\": 0.9879, \"teacher_test_loss\": 0.0655}\n"}
,{"stream_name":"stdout","time":26717.931263023,"data":"  round 24 client p022: {\"ce_t\": 0.0265, \"ce_s\": 0.0316, \"kl_t\": 0.0243, \"kl_s\": 0.0214, \"hid\": 0.009, \"loss\": 0.8239, \"train_acc_t\": 0.9978, \"train_acc_s\": 0.9959, \"steps\": 620, \"teacher_test_acc\": 1.0, \"teacher_test_loss\": 0.0123}\n"}
,{"stream_name":"stdout","time":26750.345726626,"data":"  round 24 client p024: {\"ce_t\": 0.0204, \"ce_s\": 0.0329, \"kl_t\": 0.0245, \"kl_s\": 0.0194, \"hid\": 0.0068, \"loss\": 0.674, \"train_acc_t\": 0.9996, \"train_acc_s\": 0.9943, \"steps\": 615, \"teacher_test_acc\": 0.9878, \"teacher_test_loss\": 0.0436}\n"}
,{"stream_name":"stdout","time":26832.57431219,"data":"  round 24 client p026: {\"ce_t\": 0.0353, \"ce_s\": 0.0413, \"kl_t\": 0.0382, \"kl_s\": 0.0353, \"hid\": 0.0125, \"loss\": 0.8453, \"train_acc_t\": 0.9975, \"train_acc_s\": 0.9923, \"steps\": 600, \"teacher_test_acc\": 0.9583, \"teacher_test_loss\": 0.1736}\n"}
,{"stream_name":"stdout","time":26834.614802517,"data":"  round 24 client p035: {\"ce_t\": 0.0107, \"ce_s\": 0.0101, \"kl_t\": 0.0045, \"kl_s\": 0.0041, \"hid\": 0.0064, \"loss\": 0.8207, \"train_acc_t\": 0.9997, \"train_acc_s\": 0.9994, \"steps\": 425, \"teacher_test_acc\": 0.9647, \"teacher_test_loss\": 0.1665}\n"}
,{"stream_name":"stdout","time":26896.102502663,"data":"  round 24 client p041: {\"ce_t\": 0.0186, \"ce_s\": 0.026, \"kl_t\": 0.0121, \"kl_s\": 0.0126, \"hid\": 0.0104, \"loss\": 0.8788, \"train_acc_t\": 1.0, \"train_acc_s\": 0.9975, \"steps\": 305, \"teacher_test_acc\": 0.9174, \"teacher_test_loss\": 0.2703}\n"}
,{"stream_name":"stdout","time":26898.035279822,"data":"  round 24 client p039: {\"ce_t\": 0.0405, \"ce_s\": 0.0627, \"kl_t\": 0.0475, \"kl_s\": 0.0451, \"hid\": 0.0161, \"loss\": 1.0032, \"train_acc_t\": 0.9981, \"train_acc_s\": 0.9885, \"steps\": 325, \"teacher_test_acc\": 0.9924, \"teacher_test_loss\": 0.0582}\n"}
,{"stream_name":"stdout","time":26956.658458823,"data":"  round 24 client p042: {\"ce_t\": 0.025, \"ce_s\": 0.0426, \"kl_t\": 0.0272, \"kl_s\": 0.0251, \"hid\": 0.0099, \"loss\": 0.8187, \"train_acc_t\": 0.9987, \"train_acc_s\": 0.9932, \"steps\": 295, \"teacher_test_acc\": 0.9916, \"teacher_test_loss\": 0.0399}\n"}
,{"stream_name":"stdout","time":26970.718226018,"data":"  round 24 client p045: {\"ce_t\": 0.0291, \"ce_s\": 0.0323, \"kl_t\": 0.0193, \"kl_s\": 0.022, \"hid\": 0.0097, \"loss\": 0.8499, \"train_acc_t\": 0.9969, \"train_acc_s\": 0.9941, \"steps\": 365, \"teacher_test_acc\": 0.9724, \"teacher_test_loss\": 0.1172}\n"}
,{"stream_name":"stdout","time":27040.045226796,"data":"  round 24 client p047: {\"ce_t\": 0.0458, \"ce_s\": 0.0726, \"kl_t\": 0.0442, \"kl_s\": 0.0445, \"hid\": 0.0131, \"loss\": 0.8467, \"train_acc_t\": 0.9946, \"train_acc_s\": 0.9865, \"steps\": 420, \"teacher_test_acc\": 0.9461, \"teacher_test_loss\": 0.2094}\n"}
,{"stream_name":"stdout","time":27068.617599691,"data":"  round 24 client p049: {\"ce_t\": 0.028, \"ce_s\": 0.0399, \"kl_t\": 0.0321, \"kl_s\": 0.0339, \"hid\": 0.0115, \"loss\": 0.8298, \"train_acc_t\": 0.997, \"train_acc_s\": 0.9931, \"steps\": 505, \"teacher_test_acc\": 1.0, \"teacher_test_loss\": 0.0063}\n"}
,{"stream_name":"stdout","time":27119.644395535,"data":"  round 24 client p050: {\"ce_t\": 0.0653, \"ce_s\": 0.1118, \"kl_t\": 0.0756, \"kl_s\": 0.0617, \"hid\": 0.0171, \"loss\": 0.9356, \"train_acc_t\": 0.9959, \"train_acc_s\": 0.9737, \"steps\": 395, \"teacher_test_acc\": 0.981, \"teacher_test_loss\": 0.0694}\n"}
,{"stream_name":"stdout","time":27158.061289142,"data":"  round 24 client p051: {\"ce_t\": 0.0383, \"ce_s\": 0.0553, \"kl_t\": 0.0358, \"kl_s\": 0.0388, \"hid\": 0.0119, \"loss\": 0.8336, \"train_acc_t\": 0.997, \"train_acc_s\": 0.9916, \"steps\": 460, \"teacher_test_acc\": 0.9674, \"teacher_test_loss\": 0.1089}\n"}
,{"stream_name":"stdout","time":27194.691826455,"data":"  round 24 client p052: {\"ce_t\": 0.0348, \"ce_s\": 0.0551, \"kl_t\": 0.0408, \"kl_s\": 0.0389, \"hid\": 0.0138, \"loss\": 0.9494, \"train_acc_t\": 0.9966, \"train_acc_s\": 0.9912, \"steps\": 370, \"teacher_test_acc\": 0.9595, \"teacher_test_loss\": 0.2103}\n"}
,{"stream_name":"stdout","time":27236.844911388,"data":"  round 24 client p056: {\"ce_t\": 0.039, \"ce_s\": 0.0631, \"kl_t\": 0.0455, \"kl_s\": 0.0395, \"hid\": 0.014, \"loss\": 0.868, \"train_acc_t\": 0.9994, \"train_acc_s\": 0.9871, \"steps\": 400, \"teacher_test_acc\": 0.956, \"teacher_test_loss\": 0.1836}\n"}
,{"stream_name":"stdout","time":27275.588126008,"data":"  round 24 client p061: {\"ce_t\": 0.0365, \"ce_s\": 0.0515, \"kl_t\": 0.0379, \"kl_s\": 0.0392, \"hid\": 0.0139, \"loss\": 0.9048, \"train_acc_t\": 0.9963, \"train_acc_s\": 0.9913, \"steps\": 405, \"teacher_test_acc\": 0.9877, \"teacher_test_loss\": 0.0578}\n"}
,{"stream_name":"stdout","time":27317.776301344,"data":"  round 24 client p064: {\"ce_t\": 0.027, \"ce_s\": 0.038, \"kl_t\": 0.037, \"kl_s\": 0.0265, \"hid\": 0.0113, \"loss\": 0.853, \"train_acc_t\": 0.9988, \"train_acc_s\": 0.9939, \"steps\": 410, \"teacher_test_acc\": 0.9939, \"teacher_test_loss\": 0.0151}\n"}
,{"stream_name":"stdout","time":27354.217304455,"data":"  round 24 client p072: {\"ce_t\": 0.0537, \"ce_s\": 0.1041, \"kl_t\": 0.1044, \"kl_s\": 0.0889, \"hid\": 0.0287, \"loss\": 1.3074, \"train_acc_t\": 0.9993, \"train_acc_s\": 0.9783, \"steps\": 175, \"teacher_test_acc\": 0.9714, \"teacher_test_loss\": 0.1056}\n"}
,{"stream_name":"stdout","time":27379.169903161,"data":"  round 24 client p066: {\"ce_t\": 0.0411, \"ce_s\": 0.0817, \"kl_t\": 0.0575, \"kl_s\": 0.047, \"hid\": 0.0116, \"loss\": 0.829, \"train_acc_t\": 0.999, \"train_acc_s\": 0.9821, \"steps\": 520, \"teacher_test_acc\": 0.9662, \"teacher_test_loss\": 0.1167}\n"}
,{"stream_name":"stdout","time":27434.949761437,"data":"  round 24 client p075: {\"ce_t\": 0.0334, \"ce_s\": 0.0633, \"kl_t\": 0.0474, \"kl_s\": 0.0374, \"hid\": 0.0131, \"loss\": 0.896, \"train_acc_t\": 0.9991, \"train_acc_s\": 0.9892, \"steps\": 410, \"teacher_test_acc\": 0.9632, \"teacher_test_loss\": 0.1579}\n"}
,{"stream_name":"stdout","time":27460.174467388,"data":"  round 24 client p081: {\"ce_t\": 0.0237, \"ce_s\": 0.0435, \"kl_t\": 0.0349, \"kl_s\": 0.0274, \"hid\": 0.0111, \"loss\": 0.9301, \"train_acc_t\": 0.9988, \"train_acc_s\": 0.9924, \"steps\": 415, \"teacher_test_acc\": 1.0, \"teacher_test_loss\": 0.026}\n"}
,{"stream_name":"stdout","time":27495.580500909,"data":"ROUND 24/30: global student acc 0.8380 F1 0.8285 | mean teacher acc 0.9737 | 19.3 min\n"}
,{"stream_name":"stdout","time":27569.169038592,"data":"  round 25 client p002: {\"ce_t\": 0.0346, \"ce_s\": 0.0635, \"kl_t\": 0.0533, \"kl_s\": 0.0418, \"hid\": 0.0139, \"loss\": 0.8966, \"train_acc_t\": 0.9993, \"train_acc_s\": 0.9872, \"steps\": 365, \"teacher_test_acc\": 0.9862, \"teacher_test_loss\": 0.1068}\n"}
,{"stream_name":"stdout","time":27580.700323052,"data":"  round 25 client p012: {\"ce_t\": 0.0524, \"ce_s\": 0.0931, \"kl_t\": 0.0935, \"kl_s\": 0.0765, \"hid\": 0.0184, \"loss\": 1.0425, \"train_acc_t\": 0.9954, \"train_acc_s\": 0.9839, \"steps\": 415, \"teacher_test_acc\": 0.9758, \"teacher_test_loss\": 0.1804}\n"}
,{"stream_name":"stdout","time":27655.372954269,"data":"  round 25 client p014: {\"ce_t\": 0.0444, \"ce_s\": 0.0628, \"kl_t\": 0.0431, \"kl_s\": 0.0385, \"hid\": 0.0124, \"loss\": 0.8977, \"train_acc_t\": 0.996, \"train_acc_s\": 0.9891, \"steps\": 440, \"teacher_test_acc\": 0.9773, \"teacher_test_loss\": 0.1025}\n"}
,{"stream_name":"stdout","time":27668.284291355,"data":"  round 25 client p015: {\"ce_t\": 0.028, \"ce_s\": 0.0614, \"kl_t\": 0.0512, \"kl_s\": 0.0404, \"hid\": 0.0095, \"loss\": 0.7626, \"train_acc_t\": 0.9989, \"train_acc_s\": 0.9897, \"steps\": 440, \"teacher_test_acc\": 0.9714, \"teacher_test_loss\": 0.0802}\n"}
,{"stream_name":"stdout","time":27759.311205504,"data":"  round 25 client p016: {\"ce_t\": 0.0166, \"ce_s\": 0.0252, \"kl_t\": 0.0169, \"kl_s\": 0.0136, \"hid\": 0.0066, \"loss\": 0.7313, \"train_acc_t\": 0.9993, \"train_acc_s\": 0.9961, \"steps\": 540, \"teacher_test_acc\": 0.9722, \"teacher_test_loss\": 0.1753}\n"}
,{"stream_name":"stdout","time":27788.638233998,"data":"  round 25 client p021: {\"ce_t\": 0.0406, \"ce_s\": 0.0721, \"kl_t\": 0.0436, \"kl_s\": 0.0441, \"hid\": 0.0096, \"loss\": 0.7527, \"train_acc_t\": 0.9966, \"train_acc_s\": 0.986, \"steps\": 620, \"teacher_test_acc\": 0.9758, \"teacher_test_loss\": 0.0962}\n"}
,{"stream_name":"stdout","time":27878.058095426,"data":"  round 25 client p022: {\"ce_t\": 0.0339, \"ce_s\": 0.0288, \"kl_t\": 0.033, \"kl_s\": 0.0379, \"hid\": 0.0084, \"loss\": 0.8042, \"train_acc_t\": 0.9955, \"train_acc_s\": 0.997, \"steps\": 620, \"teacher_test_acc\": 1.0, \"teacher_test_loss\": 0.019}\n"}
,{"stream_name":"stdout","time":27907.181401066,"data":"  round 25 client p024: {\"ce_t\": 0.0132, \"ce_s\": 0.0242, \"kl_t\": 0.0215, \"kl_s\": 0.0174, \"hid\": 0.0047, \"loss\": 0.6471, \"train_acc_t\": 0.9998, \"train_acc_s\": 0.9953, \"steps\": 615, \"teacher_test_acc\": 0.9919, \"teacher_test_loss\": 0.0207}\n"}
,{"stream_name":"stdout","time":27990.522766705,"data":"  round 25 client p035: {\"ce_t\": 0.053, \"ce_s\": 0.0589, \"kl_t\": 0.0493, \"kl_s\": 0.0517, \"hid\": 0.0134, \"loss\": 0.9957, \"train_acc_t\": 0.9923, \"train_acc_s\": 0.9917, \"steps\": 425, \"teacher_test_acc\": 0.9824, \"teacher_test_loss\": 0.1351}\n"}
,{"stream_name":"stdout","time":27994.923799003,"data":"  round 25 client p026: {\"ce_t\": 0.0388, \"ce_s\": 0.0672, \"kl_t\": 0.0513, \"kl_s\": 0.0462, \"hid\": 0.0125, \"loss\": 0.8785, \"train_acc_t\": 0.9971, \"train_acc_s\": 0.9885, \"steps\": 600, \"teacher_test_acc\": 0.9875, \"teacher_test_loss\": 0.0886}\n"}
,{"stream_name":"stdout","time":28055.895691507,"data":"  round 25 client p041: {\"ce_t\": 0.0206, \"ce_s\": 0.0295, \"kl_t\": 0.0225, \"kl_s\": 0.0174, \"hid\": 0.0103, \"loss\": 0.9337, \"train_acc_t\": 0.9988, \"train_acc_s\": 0.9955, \"steps\": 305, \"teacher_test_acc\": 0.9587, \"teacher_test_loss\": 0.1784}\n"}
,{"stream_name":"stdout","time":28057.926831533,"data":"  round 25 client p039: {\"ce_t\": 0.0307, \"ce_s\": 0.0455, \"kl_t\": 0.0286, \"kl_s\": 0.0277, \"hid\": 0.0134, \"loss\": 0.9179, \"train_acc_t\": 0.9981, \"train_acc_s\": 0.9915, \"steps\": 325, \"teacher_test_acc\": 0.9847, \"teacher_test_loss\": 0.122}\n"}
,{"stream_name":"stdout","time":28115.624336002,"data":"  round 25 client p042: {\"ce_t\": 0.0251, \"ce_s\": 0.028, \"kl_t\": 0.0248, \"kl_s\": 0.0275, \"hid\": 0.0103, \"loss\": 0.8387, \"train_acc_t\": 0.9975, \"train_acc_s\": 0.997, \"steps\": 295, \"teacher_test_acc\": 0.9916, \"teacher_test_loss\": 0.0348}\n"}
,{"stream_name":"stdout","time":28131.334153776,"data":"  round 25 client p045: {\"ce_t\": 0.0198, \"ce_s\": 0.0286, \"kl_t\": 0.0116, \"kl_s\": 0.0102, \"hid\": 0.0078, \"loss\": 0.802, \"train_acc_t\": 0.9969, \"train_acc_s\": 0.9934, \"steps\": 365, \"teacher_test_acc\": 0.9793, \"teacher_test_loss\": 0.1083}\n"}
,{"stream_name":"stdout","time":28197.986987239,"data":"  round 25 client p047: {\"ce_t\": 0.0442, \"ce_s\": 0.0703, \"kl_t\": 0.0493, \"kl_s\": 0.0491, \"hid\": 0.0137, \"loss\": 0.8646, \"train_acc_t\": 0.9958, \"train_acc_s\": 0.9859, \"steps\": 420, \"teacher_test_acc\": 0.976, \"teacher_test_loss\": 0.1731}\n"}
,{"stream_name":"stdout","time":28230.681783366,"data":"  round 25 client p049: {\"ce_t\": 0.0132, \"ce_s\": 0.0185, \"kl_t\": 0.0149, \"kl_s\": 0.0125, \"hid\": 0.0059, \"loss\": 0.7756, \"train_acc_t\": 0.9995, \"train_acc_s\": 0.998, \"steps\": 505, \"teacher_test_acc\": 0.9951, \"teacher_test_loss\": 0.0232}\n"}
,{"stream_name":"stdout","time":28276.287685141,"data":"  round 25 client p050: {\"ce_t\": 0.0529, \"ce_s\": 0.0951, \"kl_t\": 0.0618, \"kl_s\": 0.0541, \"hid\": 0.0153, \"loss\": 0.8937, \"train_acc_t\": 0.9965, \"train_acc_s\": 0.9791, \"steps\": 395, \"teacher_test_acc\": 0.9494, \"teacher_test_loss\": 0.1961}\n"}
,{"stream_name":"stdout","time":28322.493000885,"data":"  round 25 client p051: {\"ce_t\": 0.0309, \"ce_s\": 0.0475, \"kl_t\": 0.0274, \"kl_s\": 0.0243, \"hid\": 0.0104, \"loss\": 0.7894, \"train_acc_t\": 0.9981, \"train_acc_s\": 0.991, \"steps\": 460, \"teacher_test_acc\": 0.962, \"teacher_test_loss\": 0.1046}\n"}
,{"stream_name":"stdout","time":28350.261237533,"data":"  round 25 client p052: {\"ce_t\": 0.0212, \"ce_s\": 0.0395, \"kl_t\": 0.0247, \"kl_s\": 0.0234, \"hid\": 0.0088, \"loss\": 0.8059, \"train_acc_t\": 0.998, \"train_acc_s\": 0.9939, \"steps\": 370, \"teacher_test_acc\": 0.9595, \"teacher_test_loss\": 0.2118}\n"}
,{"stream_name":"stdout","time":28403.192716982,"data":"  round 25 client p056: {\"ce_t\": 0.0289, \"ce_s\": 0.0606, \"kl_t\": 0.0565, \"kl_s\": 0.0462, \"hid\": 0.0102, \"loss\": 0.7805, \"train_acc_t\": 0.9987, \"train_acc_s\": 0.9887, \"steps\": 400, \"teacher_test_acc\": 0.9623, \"teacher_test_loss\": 0.1828}\n"}
,{"stream_name":"stdout","time":28430.321925315,"data":"  round 25 client p061: {\"ce_t\": 0.0354, \"ce_s\": 0.0452, \"kl_t\": 0.0312, \"kl_s\": 0.0292, \"hid\": 0.0138, \"loss\": 0.9541, \"train_acc_t\": 0.9975, \"train_acc_s\": 0.9932, \"steps\": 405, \"teacher_test_acc\": 0.9877, \"teacher_test_loss\": 0.0726}\n"}
,{"stream_name":"stdout","time":28484.709953383,"data":"  round 25 client p064: {\"ce_t\": 0.0384, \"ce_s\": 0.0637, \"kl_t\": 0.0534, \"kl_s\": 0.0475, \"hid\": 0.013, \"loss\": 0.8811, \"train_acc_t\": 0.9966, \"train_acc_s\": 0.9887, \"steps\": 410, \"teacher_test_acc\": 0.9939, \"teacher_test_loss\": 0.0377}\n"}
,{"stream_name":"stdout","time":28522.806876639,"data":"  round 25 client p072: {\"ce_t\": 0.0484, \"ce_s\": 0.0993, \"kl_t\": 0.0961, \"kl_s\": 0.0788, \"hid\": 0.0258, \"loss\": 1.1719, \"train_acc_t\": 0.9986, \"train_acc_s\": 0.9732, \"steps\": 175, \"teacher_test_acc\": 0.9714, \"teacher_test_loss\": 0.1035}\n"}
,{"stream_name":"stdout","time":28533.095237517,"data":"  round 25 client p066: {\"ce_t\": 0.0438, \"ce_s\": 0.0697, \"kl_t\": 0.0479, \"kl_s\": 0.0406, \"hid\": 0.0114, \"loss\": 0.8107, \"train_acc_t\": 0.9973, \"train_acc_s\": 0.9855, \"steps\": 520, \"teacher_test_acc\": 0.9758, \"teacher_test_loss\": 0.1238}\n"}
,{"stream_name":"stdout","time":28604.76097611,"data":"  round 25 client p075: {\"ce_t\": 0.031, \"ce_s\": 0.06, \"kl_t\": 0.0455, \"kl_s\": 0.0361, \"hid\": 0.0116, \"loss\": 0.8801, \"train_acc_t\": 0.9978, \"train_acc_s\": 0.9883, \"steps\": 410, \"teacher_test_acc\": 0.9877, \"teacher_test_loss\": 0.0887}\n"}
,{"stream_name":"stdout","time":28613.141262117,"data":"  round 25 client p081: {\"ce_t\": 0.0334, \"ce_s\": 0.0621, \"kl_t\": 0.0536, \"kl_s\": 0.0437, \"hid\": 0.0129, \"loss\": 0.9095, \"train_acc_t\": 0.9982, \"train_acc_s\": 0.9891, \"steps\": 415, \"teacher_test_acc\": 1.0, \"teacher_test_loss\": 0.0177}\n"}
,{"stream_name":"stdout","time":28650.62073848,"data":"ROUND 25/30: global student acc 0.8425 F1 0.8318 | mean teacher acc 0.9791 | 19.2 min\n"}
,{"stream_name":"stdout","time":28723.594266986,"data":"  round 26 client p002: {\"ce_t\": 0.0453, \"ce_s\": 0.0513, \"kl_t\": 0.057, \"kl_s\": 0.0482, \"hid\": 0.0136, \"loss\": 0.9541, \"train_acc_t\": 0.9962, \"train_acc_s\": 0.9903, \"steps\": 365, \"teacher_test_acc\": 1.0, \"teacher_test_loss\": 0.0387}\n"}
,{"stream_name":"stdout","time":28735.319262976,"data":"  round 26 client p012: {\"ce_t\": 0.0479, \"ce_s\": 0.074, \"kl_t\": 0.0856, \"kl_s\": 0.0688, \"hid\": 0.0149, \"loss\": 0.9633, \"train_acc_t\": 0.996, \"train_acc_s\": 0.9842, \"steps\": 415, \"teacher_test_acc\": 0.9394, \"teacher_test_loss\": 0.3279}\n"}
,{"stream_name":"stdout","time":28810.397306377,"data":"  round 26 client p014: {\"ce_t\": 0.0397, \"ce_s\": 0.0562, \"kl_t\": 0.0387, \"kl_s\": 0.0365, \"hid\": 0.0114, \"loss\": 0.8239, \"train_acc_t\": 0.998, \"train_acc_s\": 0.99, \"steps\": 440, \"teacher_test_acc\": 0.9716, \"teacher_test_loss\": 0.1059}\n"}
,{"stream_name":"stdout","time":28823.000969315,"data":"  round 26 client p015: {\"ce_t\": 0.0262, \"ce_s\": 0.0511, \"kl_t\": 0.0411, \"kl_s\": 0.0302, \"hid\": 0.009, \"loss\": 0.7712, \"train_acc_t\": 0.9991, \"train_acc_s\": 0.9914, \"steps\": 440, \"teacher_test_acc\": 0.9771, \"teacher_test_loss\": 0.0698}\n"}
,{"stream_name":"stdout","time":28914.470723541,"data":"  round 26 client p016: {\"ce_t\": 0.0476, \"ce_s\": 0.0448, \"kl_t\": 0.033, \"kl_s\": 0.0351, \"hid\": 0.0097, \"loss\": 0.7936, \"train_acc_t\": 0.9907, \"train_acc_s\": 0.9928, \"steps\": 540, \"teacher_test_acc\": 0.9815, \"teacher_test_loss\": 0.1168}\n"}
,{"stream_name":"stdout","time":28943.712303946,"data":"  round 26 client p021: {\"ce_t\": 0.0356, \"ce_s\": 0.0554, \"kl_t\": 0.0444, \"kl_s\": 0.0367, \"hid\": 0.0096, \"loss\": 0.7654, \"train_acc_t\": 0.9968, \"train_acc_s\": 0.9903, \"steps\": 620, \"teacher_test_acc\": 0.9798, \"teacher_test_loss\": 0.1161}\n"}
,{"stream_name":"stdout","time":29034.227927515,"data":"  round 26 client p022: {\"ce_t\": 0.0158, \"ce_s\": 0.0185, \"kl_t\": 0.0107, \"kl_s\": 0.011, \"hid\": 0.0055, \"loss\": 0.64, \"train_acc_t\": 0.9992, \"train_acc_s\": 0.9986, \"steps\": 620, \"teacher_test_acc\": 0.996, \"teacher_test_loss\": 0.0132}\n"}
,{"stream_name":"stdout","time":29063.683827052,"data":"  round 26 client p024: {\"ce_t\": 0.0168, \"ce_s\": 0.0313, \"kl_t\": 0.0252, \"kl_s\": 0.0199, \"hid\": 0.0051, \"loss\": 0.6247, \"train_acc_t\": 0.9998, \"train_acc_s\": 0.9953, \"steps\": 615, \"teacher_test_acc\": 0.9959, \"teacher_test_loss\": 0.0163}\n"}
,{"stream_name":"stdout","time":29146.652075152,"data":"  round 26 client p035: {\"ce_t\": 0.0177, \"ce_s\": 0.0151, \"kl_t\": 0.0103, \"kl_s\": 0.015, \"hid\": 0.0075, \"loss\": 0.7717, \"train_acc_t\": 0.9982, \"train_acc_s\": 0.9991, \"steps\": 425, \"teacher_test_acc\": 0.9765, \"teacher_test_loss\": 0.057}\n"}
,{"stream_name":"stdout","time":29150.795122265,"data":"  round 26 client p026: {\"ce_t\": 0.0387, \"ce_s\": 0.0485, \"kl_t\": 0.0416, \"kl_s\": 0.0353, \"hid\": 0.0119, \"loss\": 0.7712, \"train_acc_t\": 0.9975, \"train_acc_s\": 0.9921, \"steps\": 600, \"teacher_test_acc\": 0.9792, \"teacher_test_loss\": 0.0701}\n"}
,{"stream_name":"stdout","time":29212.409721607,"data":"  round 26 client p041: {\"ce_t\": 0.0272, \"ce_s\": 0.0283, \"kl_t\": 0.0223, \"kl_s\": 0.0264, \"hid\": 0.0121, \"loss\": 1.0073, \"train_acc_t\": 0.9979, \"train_acc_s\": 0.9979, \"steps\": 305, \"teacher_test_acc\": 0.9504, \"teacher_test_loss\": 0.2032}\n"}
,{"stream_name":"stdout","time":29214.724192681,"data":"  round 26 client p039: {\"ce_t\": 0.0306, \"ce_s\": 0.0482, \"kl_t\": 0.0371, \"kl_s\": 0.0339, \"hid\": 0.0124, \"loss\": 0.954, \"train_acc_t\": 0.9988, \"train_acc_s\": 0.9912, \"steps\": 325, \"teacher_test_acc\": 0.9847, \"teacher_test_loss\": 0.0835}\n"}
,{"stream_name":"stdout","time":29272.095057214,"data":"  round 26 client p042: {\"ce_t\": 0.0156, \"ce_s\": 0.0256, \"kl_t\": 0.0187, \"kl_s\": 0.0142, \"hid\": 0.0087, \"loss\": 0.8167, \"train_acc_t\": 1.0, \"train_acc_s\": 0.9962, \"steps\": 295, \"teacher_test_acc\": 0.9916, \"teacher_test_loss\": 0.0267}\n"}
,{"stream_name":"stdout","time":29288.51958287,"data":"  round 26 client p045: {\"ce_t\": 0.0249, \"ce_s\": 0.0332, \"kl_t\": 0.0176, \"kl_s\": 0.0181, \"hid\": 0.0097, \"loss\": 0.9352, \"train_acc_t\": 0.9979, \"train_acc_s\": 0.9927, \"steps\": 365, \"teacher_test_acc\": 0.9793, \"teacher_test_loss\": 0.0874}\n"}
,{"stream_name":"stdout","time":29354.523587309,"data":"  round 26 client p047: {\"ce_t\": 0.0459, \"ce_s\": 0.0668, \"kl_t\": 0.0522, \"kl_s\": 0.0521, \"hid\": 0.011, \"loss\": 0.8171, \"train_acc_t\": 0.9952, \"train_acc_s\": 0.9877, \"steps\": 420, \"teacher_test_acc\": 0.976, \"teacher_test_loss\": 0.1486}\n"}
,{"stream_name":"stdout","time":29388.161306623,"data":"  round 26 client p049: {\"ce_t\": 0.0172, \"ce_s\": 0.0285, \"kl_t\": 0.0218, \"kl_s\": 0.018, \"hid\": 0.0066, \"loss\": 0.8493, \"train_acc_t\": 0.9983, \"train_acc_s\": 0.9946, \"steps\": 505, \"teacher_test_acc\": 1.0, \"teacher_test_loss\": 0.0344}\n"}
,{"stream_name":"stdout","time":29433.482724127,"data":"  round 26 client p050: {\"ce_t\": 0.0607, \"ce_s\": 0.0956, \"kl_t\": 0.0681, \"kl_s\": 0.0599, \"hid\": 0.0154, \"loss\": 0.8772, \"train_acc_t\": 0.9937, \"train_acc_s\": 0.9756, \"steps\": 395, \"teacher_test_acc\": 0.9747, \"teacher_test_loss\": 0.0855}\n"}
,{"stream_name":"stdout","time":29480.166308263,"data":"  round 26 client p051: {\"ce_t\": 0.0328, \"ce_s\": 0.0588, \"kl_t\": 0.0394, \"kl_s\": 0.0358, \"hid\": 0.01, \"loss\": 0.8099, \"train_acc_t\": 0.9981, \"train_acc_s\": 0.9891, \"steps\": 460, \"teacher_test_acc\": 0.962, \"teacher_test_loss\": 0.1244}\n"}
,{"stream_name":"stdout","time":29507.854545041,"data":"  round 26 client p052: {\"ce_t\": 0.0297, \"ce_s\": 0.0397, \"kl_t\": 0.0316, \"kl_s\": 0.0278, \"hid\": 0.0101, \"loss\": 0.8855, \"train_acc_t\": 0.9973, \"train_acc_s\": 0.9932, \"steps\": 370, \"teacher_test_acc\": 0.9595, \"teacher_test_loss\": 0.2349}\n"}
,{"stream_name":"stdout","time":29560.937331854,"data":"  round 26 client p056: {\"ce_t\": 0.0378, \"ce_s\": 0.0545, \"kl_t\": 0.0423, \"kl_s\": 0.0353, \"hid\": 0.0105, \"loss\": 0.7678, \"train_acc_t\": 0.9962, \"train_acc_s\": 0.9893, \"steps\": 400, \"teacher_test_acc\": 0.9623, \"teacher_test_loss\": 0.1701}\n"}
,{"stream_name":"stdout","time":29588.36440092,"data":"  round 26 client p061: {\"ce_t\": 0.0354, \"ce_s\": 0.0571, \"kl_t\": 0.0443, \"kl_s\": 0.0362, \"hid\": 0.0149, \"loss\": 0.9253, \"train_acc_t\": 0.9988, \"train_acc_s\": 0.9889, \"steps\": 405, \"teacher_test_acc\": 0.9877, \"teacher_test_loss\": 0.0737}\n"}
,{"stream_name":"stdout","time":29643.289290731,"data":"  round 26 client p064: {\"ce_t\": 0.0249, \"ce_s\": 0.0449, \"kl_t\": 0.0379, \"kl_s\": 0.0278, \"hid\": 0.0102, \"loss\": 0.8182, \"train_acc_t\": 1.0, \"train_acc_s\": 0.993, \"steps\": 410, \"teacher_test_acc\": 1.0, \"teacher_test_loss\": 0.0172}\n"}
,{"stream_name":"stdout","time":29680.641510846,"data":"  round 26 client p072: {\"ce_t\": 0.0674, \"ce_s\": 0.1075, \"kl_t\": 0.1137, \"kl_s\": 0.1069, \"hid\": 0.0269, \"loss\": 1.1783, \"train_acc_t\": 0.9957, \"train_acc_s\": 0.9754, \"steps\": 175, \"teacher_test_acc\": 0.9714, \"teacher_test_loss\": 0.0711}\n"}
,{"stream_name":"stdout","time":29690.871356765,"data":"  round 26 client p066: {\"ce_t\": 0.0434, \"ce_s\": 0.0738, \"kl_t\": 0.0504, \"kl_s\": 0.0448, \"hid\": 0.0117, \"loss\": 0.814, \"train_acc_t\": 0.9973, \"train_acc_s\": 0.9874, \"steps\": 520, \"teacher_test_acc\": 0.9758, \"teacher_test_loss\": 0.1021}\n"}
,{"stream_name":"stdout","time":29762.372480011,"data":"  round 26 client p075: {\"ce_t\": 0.0303, \"ce_s\": 0.0512, \"kl_t\": 0.0371, \"kl_s\": 0.0318, \"hid\": 0.011, \"loss\": 0.841, \"train_acc_t\": 0.9982, \"train_acc_s\": 0.9905, \"steps\": 410, \"teacher_test_acc\": 0.9939, \"teacher_test_loss\": 0.0335}\n"}
,{"stream_name":"stdout","time":29770.961922532,"data":"  round 26 client p081: {\"ce_t\": 0.0347, \"ce_s\": 0.0554, \"kl_t\": 0.0457, \"kl_s\": 0.0439, \"hid\": 0.0116, \"loss\": 0.8276, \"train_acc_t\": 0.9976, \"train_acc_s\": 0.9915, \"steps\": 415, \"teacher_test_acc\": 1.0, \"teacher_test_loss\": 0.0132}\n"}
,{"stream_name":"stdout","time":29809.254056357,"data":"ROUND 26/30: global student acc 0.8373 F1 0.8271 | mean teacher acc 0.9795 | 19.3 min\n"}
,{"stream_name":"stdout","time":29881.966785925,"data":"  round 27 client p002: {\"ce_t\": 0.0387, \"ce_s\": 0.0634, \"kl_t\": 0.0507, \"kl_s\": 0.0416, \"hid\": 0.0137, \"loss\": 0.9154, \"train_acc_t\": 0.9976, \"train_acc_s\": 0.9876, \"steps\": 365, \"teacher_test_acc\": 0.9862, \"teacher_test_loss\": 0.0837}\n"}
,{"stream_name":"stdout","time":29894.216816721,"data":"  round 27 client p012: {\"ce_t\": 0.0517, \"ce_s\": 0.0776, \"kl_t\": 0.0796, \"kl_s\": 0.07, \"hid\": 0.0166, \"loss\": 1.0457, \"train_acc_t\": 0.9951, \"train_acc_s\": 0.9845, \"steps\": 415, \"teacher_test_acc\": 0.9636, \"teacher_test_loss\": 0.2039}\n"}
,{"stream_name":"stdout","time":29968.58656302,"data":"  round 27 client p014: {\"ce_t\": 0.0319, \"ce_s\": 0.0523, \"kl_t\": 0.0357, \"kl_s\": 0.0349, \"hid\": 0.0098, \"loss\": 0.8218, \"train_acc_t\": 0.9977, \"train_acc_s\": 0.9906, \"steps\": 440, \"teacher_test_acc\": 0.9886, \"teacher_test_loss\": 0.0439}\n"}
,{"stream_name":"stdout","time":29982.256984823,"data":"  round 27 client p015: {\"ce_t\": 0.0281, \"ce_s\": 0.0465, \"kl_t\": 0.036, \"kl_s\": 0.0277, \"hid\": 0.0084, \"loss\": 0.7364, \"train_acc_t\": 0.9989, \"train_acc_s\": 0.9909, \"steps\": 440, \"teacher_test_acc\": 0.9771, \"teacher_test_loss\": 0.0845}\n"}
,{"stream_name":"stdout","time":30072.037373251,"data":"  round 27 client p016: {\"ce_t\": 0.0423, \"ce_s\": 0.0503, \"kl_t\": 0.0302, \"kl_s\": 0.0318, \"hid\": 0.0079, \"loss\": 0.726, \"train_acc_t\": 0.9923, \"train_acc_s\": 0.9903, \"steps\": 540, \"teacher_test_acc\": 0.9722, \"teacher_test_loss\": 0.1182}\n"}
,{"stream_name":"stdout","time":30102.419865807,"data":"  round 27 client p021: {\"ce_t\": 0.0341, \"ce_s\": 0.0502, \"kl_t\": 0.0356, \"kl_s\": 0.031, \"hid\": 0.0091, \"loss\": 0.714, \"train_acc_t\": 0.9972, \"train_acc_s\": 0.9917, \"steps\": 620, \"teacher_test_acc\": 0.9758, \"teacher_test_loss\": 0.1005}\n"}
,{"stream_name":"stdout","time":30190.279702979,"data":"  round 27 client p022: {\"ce_t\": 0.0305, \"ce_s\": 0.0406, \"kl_t\": 0.0402, \"kl_s\": 0.0347, \"hid\": 0.0085, \"loss\": 0.7476, \"train_acc_t\": 0.9984, \"train_acc_s\": 0.9939, \"steps\": 620, \"teacher_test_acc\": 0.996, \"teacher_test_loss\": 0.0278}\n"}
,{"stream_name":"stdout","time":30221.88015829,"data":"  round 27 client p024: {\"ce_t\": 0.0174, \"ce_s\": 0.0302, \"kl_t\": 0.0265, \"kl_s\": 0.0236, \"hid\": 0.0059, \"loss\": 0.7302, \"train_acc_t\": 0.9996, \"train_acc_s\": 0.9957, \"steps\": 615, \"teacher_test_acc\": 1.0, \"teacher_test_loss\": 0.0277}\n"}
,{"stream_name":"stdout","time":30305.002247232,"data":"  round 27 client p035: {\"ce_t\": 0.0141, \"ce_s\": 0.0199, \"kl_t\": 0.0155, \"kl_s\": 0.013, \"hid\": 0.0068, \"loss\": 0.7963, \"train_acc_t\": 0.9997, \"train_acc_s\": 0.9976, \"steps\": 425, \"teacher_test_acc\": 0.9824, \"teacher_test_loss\": 0.074}\n"}
,{"stream_name":"stdout","time":30306.150274528,"data":"  round 27 client p026: {\"ce_t\": 0.032, \"ce_s\": 0.0355, \"kl_t\": 0.0322, \"kl_s\": 0.0309, \"hid\": 0.0104, \"loss\": 0.8319, \"train_acc_t\": 0.9973, \"train_acc_s\": 0.9948, \"steps\": 600, \"teacher_test_acc\": 0.9875, \"teacher_test_loss\": 0.0846}\n"}
,{"stream_name":"stdout","time":30367.66176523,"data":"  round 27 client p041: {\"ce_t\": 0.022, \"ce_s\": 0.0285, \"kl_t\": 0.023, \"kl_s\": 0.0192, \"hid\": 0.0101, \"loss\": 0.8759, \"train_acc_t\": 0.9996, \"train_acc_s\": 0.995, \"steps\": 305, \"teacher_test_acc\": 0.9256, \"teacher_test_loss\": 0.3605}\n"}
,{"stream_name":"stdout","time":30372.60317047,"data":"  round 27 client p039: {\"ce_t\": 0.0284, \"ce_s\": 0.0466, \"kl_t\": 0.0386, \"kl_s\": 0.0353, \"hid\": 0.0124, \"loss\": 0.9045, \"train_acc_t\": 0.9981, \"train_acc_s\": 0.9915, \"steps\": 325, \"teacher_test_acc\": 1.0, \"teacher_test_loss\": 0.0265}\n"}
,{"stream_name":"stdout","time":30427.556192831,"data":"  round 27 client p042: {\"ce_t\": 0.0212, \"ce_s\": 0.0282, \"kl_t\": 0.0259, \"kl_s\": 0.0212, \"hid\": 0.0084, \"loss\": 0.7588, \"train_acc_t\": 0.9987, \"train_acc_s\": 0.9962, \"steps\": 295, \"teacher_test_acc\": 0.9916, \"teacher_test_loss\": 0.0262}\n"}
,{"stream_name":"stdout","time":30446.053738132,"data":"  round 27 client p045: {\"ce_t\": 0.0261, \"ce_s\": 0.0378, \"kl_t\": 0.0223, \"kl_s\": 0.0184, \"hid\": 0.0102, \"loss\": 0.8601, \"train_acc_t\": 0.9965, \"train_acc_s\": 0.9907, \"steps\": 365, \"teacher_test_acc\": 0.9448, \"teacher_test_loss\": 0.1807}\n"}
,{"stream_name":"stdout","time":30509.154932929,"data":"  round 27 client p047: {\"ce_t\": 0.0435, \"ce_s\": 0.0832, \"kl_t\": 0.0577, \"kl_s\": 0.0522, \"hid\": 0.0123, \"loss\": 0.8388, \"train_acc_t\": 0.9967, \"train_acc_s\": 0.982, \"steps\": 420, \"teacher_test_acc\": 0.9701, \"teacher_test_loss\": 0.1672}\n"}
,{"stream_name":"stdout","time":30545.419614127,"data":"  round 27 client p049: {\"ce_t\": 0.0155, \"ce_s\": 0.0208, \"kl_t\": 0.014, \"kl_s\": 0.014, \"hid\": 0.0058, \"loss\": 0.6993, \"train_acc_t\": 0.9998, \"train_acc_s\": 0.997, \"steps\": 505, \"teacher_test_acc\": 1.0, \"teacher_test_loss\": 0.0058}\n"}
,{"stream_name":"stdout","time":30587.246346961,"data":"  round 27 client p050: {\"ce_t\": 0.0555, \"ce_s\": 0.1033, \"kl_t\": 0.0727, \"kl_s\": 0.0589, \"hid\": 0.0137, \"loss\": 0.8675, \"train_acc_t\": 0.9953, \"train_acc_s\": 0.9747, \"steps\": 395, \"teacher_test_acc\": 0.9557, \"teacher_test_loss\": 0.1774}\n"}
,{"stream_name":"stdout","time":30637.212832979,"data":"  round 27 client p051: {\"ce_t\": 0.0343, \"ce_s\": 0.0635, \"kl_t\": 0.0411, \"kl_s\": 0.0407, \"hid\": 0.0105, \"loss\": 0.7946, \"train_acc_t\": 0.9981, \"train_acc_s\": 0.9894, \"steps\": 460, \"teacher_test_acc\": 0.9565, \"teacher_test_loss\": 0.1168}\n"}
,{"stream_name":"stdout","time":30660.781476515,"data":"  round 27 client p052: {\"ce_t\": 0.0484, \"ce_s\": 0.0513, \"kl_t\": 0.044, \"kl_s\": 0.0445, \"hid\": 0.0135, \"loss\": 0.9014, \"train_acc_t\": 0.9949, \"train_acc_s\": 0.9919, \"steps\": 370, \"teacher_test_acc\": 0.9527, \"teacher_test_loss\": 0.2538}\n"}
,{"stream_name":"stdout","time":30717.254312641,"data":"  round 27 client p056: {\"ce_t\": 0.0347, \"ce_s\": 0.0688, \"kl_t\": 0.0582, \"kl_s\": 0.0501, \"hid\": 0.0113, \"loss\": 0.7973, \"train_acc_t\": 0.9984, \"train_acc_s\": 0.9871, \"steps\": 400, \"teacher_test_acc\": 0.9748, \"teacher_test_loss\": 0.1246}\n"}
,{"stream_name":"stdout","time":30740.341640266,"data":"  round 27 client p061: {\"ce_t\": 0.0289, \"ce_s\": 0.0445, \"kl_t\": 0.0331, \"kl_s\": 0.0313, \"hid\": 0.0109, \"loss\": 0.8583, \"train_acc_t\": 0.9985, \"train_acc_s\": 0.9938, \"steps\": 405, \"teacher_test_acc\": 0.9877, \"teacher_test_loss\": 0.0653}\n"}
,{"stream_name":"stdout","time":30799.751119506,"data":"  round 27 client p064: {\"ce_t\": 0.029, \"ce_s\": 0.0408, \"kl_t\": 0.0374, \"kl_s\": 0.0286, \"hid\": 0.0114, \"loss\": 0.8861, \"train_acc_t\": 0.9985, \"train_acc_s\": 0.9948, \"steps\": 410, \"teacher_test_acc\": 1.0, \"teacher_test_loss\": 0.0244}\n"}
,{"stream_name":"stdout","time":30837.069128507,"data":"  round 27 client p072: {\"ce_t\": 0.0512, \"ce_s\": 0.1115, \"kl_t\": 0.1067, \"kl_s\": 0.0797, \"hid\": 0.0226, \"loss\": 1.1128, \"train_acc_t\": 0.9978, \"train_acc_s\": 0.9717, \"steps\": 175, \"teacher_test_acc\": 0.9857, \"teacher_test_loss\": 0.0539}\n"}
,{"stream_name":"stdout","time":30841.66582546,"data":"  round 27 client p066: {\"ce_t\": 0.0466, \"ce_s\": 0.0895, \"kl_t\": 0.0694, \"kl_s\": 0.0585, \"hid\": 0.0129, \"loss\": 0.8714, \"train_acc_t\": 0.9978, \"train_acc_s\": 0.9826, \"steps\": 520, \"teacher_test_acc\": 0.9855, \"teacher_test_loss\": 0.0748}\n"}
,{"stream_name":"stdout","time":30918.932826128,"data":"  round 27 client p075: {\"ce_t\": 0.042, \"ce_s\": 0.0681, \"kl_t\": 0.0547, \"kl_s\": 0.0517, \"hid\": 0.0136, \"loss\": 0.8941, \"train_acc_t\": 0.9963, \"train_acc_s\": 0.9883, \"steps\": 410, \"teacher_test_acc\": 0.9877, \"teacher_test_loss\": 0.0731}\n"}
,{"stream_name":"stdout","time":30921.66690402,"data":"  round 27 client p081: {\"ce_t\": 0.029, \"ce_s\": 0.045, \"kl_t\": 0.0423, \"kl_s\": 0.0392, \"hid\": 0.0107, \"loss\": 0.8898, \"train_acc_t\": 0.9982, \"train_acc_s\": 0.9912, \"steps\": 415, \"teacher_test_acc\": 1.0, \"teacher_test_loss\": 0.0151}\n"}
,{"stream_name":"stdout","time":30959.272390759,"data":"ROUND 27/30: global student acc 0.8482 F1 0.8383 | mean teacher acc 0.9788 | 19.2 min\n"}
,{"stream_name":"stdout","time":31032.607747715,"data":"  round 28 client p002: {\"ce_t\": 0.0379, \"ce_s\": 0.057, \"kl_t\": 0.0525, \"kl_s\": 0.0385, \"hid\": 0.0115, \"loss\": 0.9473, \"train_acc_t\": 0.9952, \"train_acc_s\": 0.9872, \"steps\": 365, \"teacher_test_acc\": 0.9931, \"teacher_test_loss\": 0.0657}\n"}
,{"stream_name":"stdout","time":31044.924530724,"data":"  round 28 client p012: {\"ce_t\": 0.0456, \"ce_s\": 0.0788, \"kl_t\": 0.077, \"kl_s\": 0.0647, \"hid\": 0.0142, \"loss\": 0.9014, \"train_acc_t\": 0.997, \"train_acc_s\": 0.9839, \"steps\": 415, \"teacher_test_acc\": 0.9636, \"teacher_test_loss\": 0.1896}\n"}
,{"stream_name":"stdout","time":31118.835361745,"data":"  round 28 client p014: {\"ce_t\": 0.034, \"ce_s\": 0.0558, \"kl_t\": 0.0325, \"kl_s\": 0.033, \"hid\": 0.011, \"loss\": 0.8468, \"train_acc_t\": 0.9971, \"train_acc_s\": 0.99, \"steps\": 440, \"teacher_test_acc\": 0.983, \"teacher_test_loss\": 0.0664}\n"}
,{"stream_name":"stdout","time":31131.450914841,"data":"  round 28 client p015: {\"ce_t\": 0.0252, \"ce_s\": 0.0509, \"kl_t\": 0.0426, \"kl_s\": 0.0307, \"hid\": 0.0095, \"loss\": 0.7668, \"train_acc_t\": 0.9989, \"train_acc_s\": 0.9914, \"steps\": 440, \"teacher_test_acc\": 0.9771, \"teacher_test_loss\": 0.0725}\n"}
,{"stream_name":"stdout","time":31222.919591492,"data":"  round 28 client p016: {\"ce_t\": 0.0329, \"ce_s\": 0.0355, \"kl_t\": 0.0157, \"kl_s\": 0.015, \"hid\": 0.0064, \"loss\": 0.7194, \"train_acc_t\": 0.9949, \"train_acc_s\": 0.994, \"steps\": 540, \"teacher_test_acc\": 0.9722, \"teacher_test_loss\": 0.1273}\n"}
,{"stream_name":"stdout","time":31252.041492339,"data":"  round 28 client p021: {\"ce_t\": 0.0314, \"ce_s\": 0.0546, \"kl_t\": 0.0378, \"kl_s\": 0.0332, \"hid\": 0.0084, \"loss\": 0.7022, \"train_acc_t\": 0.9982, \"train_acc_s\": 0.9893, \"steps\": 620, \"teacher_test_acc\": 0.9758, \"teacher_test_loss\": 0.0813}\n"}
,{"stream_name":"stdout","time":31341.259372773,"data":"  round 28 client p022: {\"ce_t\": 0.0083, \"ce_s\": 0.0146, \"kl_t\": 0.0098, \"kl_s\": 0.0072, \"hid\": 0.0032, \"loss\": 0.5865, \"train_acc_t\": 1.0, \"train_acc_s\": 0.9976, \"steps\": 620, \"teacher_test_acc\": 0.9879, \"teacher_test_loss\": 0.0315}\n"}
,{"stream_name":"stdout","time":31371.999334598,"data":"  round 28 client p024: {\"ce_t\": 0.0177, \"ce_s\": 0.032, \"kl_t\": 0.0285, \"kl_s\": 0.0205, \"hid\": 0.0061, \"loss\": 0.6391, \"train_acc_t\": 0.9996, \"train_acc_s\": 0.9939, \"steps\": 615, \"teacher_test_acc\": 0.9959, \"teacher_test_loss\": 0.0184}\n"}
,{"stream_name":"stdout","time":31455.598017213,"data":"  round 28 client p035: {\"ce_t\": 0.0107, \"ce_s\": 0.0172, \"kl_t\": 0.0148, \"kl_s\": 0.0101, \"hid\": 0.0052, \"loss\": 0.7369, \"train_acc_t\": 0.9997, \"train_acc_s\": 0.9973, \"steps\": 425, \"teacher_test_acc\": 0.9824, \"teacher_test_loss\": 0.0596}\n"}
,{"stream_name":"stdout","time":31456.389118985,"data":"  round 28 client p026: {\"ce_t\": 0.0199, \"ce_s\": 0.0277, \"kl_t\": 0.0184, \"kl_s\": 0.0152, \"hid\": 0.0077, \"loss\": 0.7568, \"train_acc_t\": 0.9994, \"train_acc_s\": 0.9964, \"steps\": 600, \"teacher_test_acc\": 0.9792, \"teacher_test_loss\": 0.0979}\n"}
,{"stream_name":"stdout","time":31518.054372922,"data":"  round 28 client p041: {\"ce_t\": 0.0339, \"ce_s\": 0.0451, \"kl_t\": 0.0441, \"kl_s\": 0.0376, \"hid\": 0.0146, \"loss\": 1.0566, \"train_acc_t\": 0.9979, \"train_acc_s\": 0.9926, \"steps\": 305, \"teacher_test_acc\": 0.9752, \"teacher_test_loss\": 0.1848}\n"}
,{"stream_name":"stdout","time":31523.51681693,"data":"  round 28 client p039: {\"ce_t\": 0.0378, \"ce_s\": 0.0659, \"kl_t\": 0.0548, \"kl_s\": 0.0451, \"hid\": 0.0136, \"loss\": 0.9411, \"train_acc_t\": 0.9981, \"train_acc_s\": 0.9881, \"steps\": 325, \"teacher_test_acc\": 0.9847, \"teacher_test_loss\": 0.0546}\n"}
,{"stream_name":"stdout","time":31578.514454973,"data":"  round 28 client p042: {\"ce_t\": 0.0217, \"ce_s\": 0.0339, \"kl_t\": 0.0282, \"kl_s\": 0.0252, \"hid\": 0.0093, \"loss\": 0.7765, \"train_acc_t\": 0.9987, \"train_acc_s\": 0.9945, \"steps\": 295, \"teacher_test_acc\": 0.9916, \"teacher_test_loss\": 0.0259}\n"}
,{"stream_name":"stdout","time":31597.107367047,"data":"  round 28 client p045: {\"ce_t\": 0.0205, \"ce_s\": 0.0336, \"kl_t\": 0.018, \"kl_s\": 0.0141, \"hid\": 0.008, \"loss\": 0.8292, \"train_acc_t\": 0.9976, \"train_acc_s\": 0.9924, \"steps\": 365, \"teacher_test_acc\": 0.9448, \"teacher_test_loss\": 0.2446}\n"}
,{"stream_name":"stdout","time":31660.859376188,"data":"  round 28 client p047: {\"ce_t\": 0.0446, \"ce_s\": 0.079, \"kl_t\": 0.0577, \"kl_s\": 0.0503, \"hid\": 0.0127, \"loss\": 0.7721, \"train_acc_t\": 0.997, \"train_acc_s\": 0.9865, \"steps\": 420, \"teacher_test_acc\": 0.9701, \"teacher_test_loss\": 0.2021}\n"}
,{"stream_name":"stdout","time":31696.847104812,"data":"  round 28 client p049: {\"ce_t\": 0.0083, \"ce_s\": 0.0133, \"kl_t\": 0.0102, \"kl_s\": 0.007, \"hid\": 0.004, \"loss\": 0.6976, \"train_acc_t\": 1.0, \"train_acc_s\": 0.998, \"steps\": 505, \"teacher_test_acc\": 1.0, \"teacher_test_loss\": 0.0051}\n"}
,{"stream_name":"stdout","time":31739.11558144,"data":"  round 28 client p050: {\"ce_t\": 0.0587, \"ce_s\": 0.1013, \"kl_t\": 0.077, \"kl_s\": 0.0644, \"hid\": 0.015, \"loss\": 0.9107, \"train_acc_t\": 0.9953, \"train_acc_s\": 0.9759, \"steps\": 395, \"teacher_test_acc\": 0.9747, \"teacher_test_loss\": 0.0903}\n"}
,{"stream_name":"stdout","time":31788.996280243,"data":"  round 28 client p051: {\"ce_t\": 0.0338, \"ce_s\": 0.0698, \"kl_t\": 0.0467, \"kl_s\": 0.0394, \"hid\": 0.0096, \"loss\": 0.7706, \"train_acc_t\": 0.9981, \"train_acc_s\": 0.9848, \"steps\": 460, \"teacher_test_acc\": 0.9674, \"teacher_test_loss\": 0.1157}\n"}
,{"stream_name":"stdout","time":31813.398054898,"data":"  round 28 client p052: {\"ce_t\": 0.0238, \"ce_s\": 0.0435, \"kl_t\": 0.0308, \"kl_s\": 0.0278, \"hid\": 0.0084, \"loss\": 0.7845, \"train_acc_t\": 0.9976, \"train_acc_s\": 0.9929, \"steps\": 370, \"teacher_test_acc\": 0.9459, \"teacher_test_loss\": 0.2684}\n"}
,{"stream_name":"stdout","time":31868.722084289,"data":"  round 28 client p056: {\"ce_t\": 0.0335, \"ce_s\": 0.0643, \"kl_t\": 0.0574, \"kl_s\": 0.0448, \"hid\": 0.0116, \"loss\": 0.8719, \"train_acc_t\": 0.9991, \"train_acc_s\": 0.9868, \"steps\": 400, \"teacher_test_acc\": 0.9874, \"teacher_test_loss\": 0.0624}\n"}
,{"stream_name":"stdout","time":31893.254776139,"data":"  round 28 client p061: {\"ce_t\": 0.0373, \"ce_s\": 0.0658, \"kl_t\": 0.0489, \"kl_s\": 0.0412, \"hid\": 0.0131, \"loss\": 0.8372, \"train_acc_t\": 0.9981, \"train_acc_s\": 0.9864, \"steps\": 405, \"teacher_test_acc\": 0.9753, \"teacher_test_loss\": 0.1075}\n"}
,{"stream_name":"stdout","time":31951.084437275,"data":"  round 28 client p064: {\"ce_t\": 0.0204, \"ce_s\": 0.0334, \"kl_t\": 0.0275, \"kl_s\": 0.017, \"hid\": 0.008, \"loss\": 0.7281, \"train_acc_t\": 1.0, \"train_acc_s\": 0.9936, \"steps\": 410, \"teacher_test_acc\": 0.9939, \"teacher_test_loss\": 0.0176}\n"}
,{"stream_name":"stdout","time":31988.543956786,"data":"  round 28 client p072: {\"ce_t\": 0.0708, \"ce_s\": 0.1372, \"kl_t\": 0.1304, \"kl_s\": 0.11, \"hid\": 0.0257, \"loss\": 1.2255, \"train_acc_t\": 0.9957, \"train_acc_s\": 0.9717, \"steps\": 175, \"teacher_test_acc\": 0.9857, \"teacher_test_loss\": 0.063}\n"}
,{"stream_name":"stdout","time":31995.594648351,"data":"  round 28 client p066: {\"ce_t\": 0.0449, \"ce_s\": 0.0883, \"kl_t\": 0.0615, \"kl_s\": 0.0515, \"hid\": 0.0109, \"loss\": 0.8212, \"train_acc_t\": 0.9993, \"train_acc_s\": 0.9814, \"steps\": 520, \"teacher_test_acc\": 0.9807, \"teacher_test_loss\": 0.106}\n"}
,{"stream_name":"stdout","time":32070.437666958,"data":"  round 28 client p075: {\"ce_t\": 0.0299, \"ce_s\": 0.0528, \"kl_t\": 0.0361, \"kl_s\": 0.029, \"hid\": 0.0107, \"loss\": 0.8326, \"train_acc_t\": 0.9985, \"train_acc_s\": 0.9899, \"steps\": 410, \"teacher_test_acc\": 0.9877, \"teacher_test_loss\": 0.0616}\n"}
,{"stream_name":"stdout","time":32075.606300464,"data":"  round 28 client p081: {\"ce_t\": 0.0267, \"ce_s\": 0.0402, \"kl_t\": 0.0365, \"kl_s\": 0.0324, \"hid\": 0.0093, \"loss\": 0.856, \"train_acc_t\": 0.9979, \"train_acc_s\": 0.993, \"steps\": 415, \"teacher_test_acc\": 1.0, \"teacher_test_loss\": 0.0186}\n"}
,{"stream_name":"stdout","time":32113.379409769,"data":"ROUND 28/30: global student acc 0.8516 F1 0.8419 | mean teacher acc 0.9798 | 19.2 min\n"}
,{"stream_name":"stdout","time":32186.751298014,"data":"  round 29 client p002: {\"ce_t\": 0.0326, \"ce_s\": 0.0503, \"kl_t\": 0.0412, \"kl_s\": 0.0333, \"hid\": 0.0105, \"loss\": 0.7744, \"train_acc_t\": 0.9983, \"train_acc_s\": 0.9903, \"steps\": 365, \"teacher_test_acc\": 0.9724, \"teacher_test_loss\": 0.1624}\n"}
,{"stream_name":"stdout","time":32199.116583968,"data":"  round 29 client p012: {\"ce_t\": 0.0452, \"ce_s\": 0.0878, \"kl_t\": 0.0941, \"kl_s\": 0.0716, \"hid\": 0.0134, \"loss\": 0.909, \"train_acc_t\": 0.9973, \"train_acc_s\": 0.9815, \"steps\": 415, \"teacher_test_acc\": 0.9515, \"teacher_test_loss\": 0.2744}\n"}
,{"stream_name":"stdout","time":32272.798194935,"data":"  round 29 client p014: {\"ce_t\": 0.0345, \"ce_s\": 0.053, \"kl_t\": 0.0316, \"kl_s\": 0.0278, \"hid\": 0.0103, \"loss\": 0.8027, \"train_acc_t\": 0.9983, \"train_acc_s\": 0.9911, \"steps\": 440, \"teacher_test_acc\": 0.9886, \"teacher_test_loss\": 0.0521}\n"}
,{"stream_name":"stdout","time":32286.698353351,"data":"  round 29 client p015: {\"ce_t\": 0.0253, \"ce_s\": 0.0596, \"kl_t\": 0.0571, \"kl_s\": 0.0432, \"hid\": 0.0087, \"loss\": 0.8107, \"train_acc_t\": 0.9989, \"train_acc_s\": 0.9877, \"steps\": 440, \"teacher_test_acc\": 0.9714, \"teacher_test_loss\": 0.1471}\n"}
,{"stream_name":"stdout","time":32376.538678357,"data":"  round 29 client p016: {\"ce_t\": 0.0283, \"ce_s\": 0.0366, \"kl_t\": 0.0146, \"kl_s\": 0.0134, \"hid\": 0.0069, \"loss\": 0.8173, \"train_acc_t\": 0.9951, \"train_acc_s\": 0.9935, \"steps\": 540, \"teacher_test_acc\": 0.9722, \"teacher_test_loss\": 0.1337}\n"}
,{"stream_name":"stdout","time":32407.148463411,"data":"  round 29 client p021: {\"ce_t\": 0.0296, \"ce_s\": 0.0644, \"kl_t\": 0.0455, \"kl_s\": 0.04, \"hid\": 0.0085, \"loss\": 0.7636, \"train_acc_t\": 0.9988, \"train_acc_s\": 0.9891, \"steps\": 620, \"teacher_test_acc\": 0.9798, \"teacher_test_loss\": 0.0713}\n"}
,{"stream_name":"stdout","time":32494.56110956,"data":"  round 29 client p022: {\"ce_t\": 0.0253, \"ce_s\": 0.0232, \"kl_t\": 0.0241, \"kl_s\": 0.0226, \"hid\": 0.0053, \"loss\": 0.6857, \"train_acc_t\": 0.9963, \"train_acc_s\": 0.9968, \"steps\": 620, \"teacher_test_acc\": 0.9919, \"teacher_test_loss\": 0.0288}\n"}
,{"stream_name":"stdout","time":32527.228813355,"data":"  round 29 client p024: {\"ce_t\": 0.0198, \"ce_s\": 0.0291, \"kl_t\": 0.0253, \"kl_s\": 0.0243, \"hid\": 0.0059, \"loss\": 0.6466, \"train_acc_t\": 0.999, \"train_acc_s\": 0.9959, \"steps\": 615, \"teacher_test_acc\": 1.0, \"teacher_test_loss\": 0.0062}\n"}
,{"stream_name":"stdout","time":32609.972803693,"data":"  round 29 client p026: {\"ce_t\": 0.0199, \"ce_s\": 0.0292, \"kl_t\": 0.0257, \"kl_s\": 0.021, \"hid\": 0.0064, \"loss\": 0.6911, \"train_acc_t\": 0.9992, \"train_acc_s\": 0.9956, \"steps\": 600, \"teacher_test_acc\": 0.9833, \"teacher_test_loss\": 0.0905}\n"}
,{"stream_name":"stdout","time":32612.081794371,"data":"  round 29 client p035: {\"ce_t\": 0.0308, \"ce_s\": 0.0322, \"kl_t\": 0.0361, \"kl_s\": 0.0357, \"hid\": 0.0097, \"loss\": 0.9215, \"train_acc_t\": 0.9971, \"train_acc_s\": 0.9956, \"steps\": 425, \"teacher_test_acc\": 0.9765, \"teacher_test_loss\": 0.154}\n"}
,{"stream_name":"stdout","time":32673.913706752,"data":"  round 29 client p041: {\"ce_t\": 0.0254, \"ce_s\": 0.0426, \"kl_t\": 0.0412, \"kl_s\": 0.0331, \"hid\": 0.0118, \"loss\": 1.0064, \"train_acc_t\": 0.9988, \"train_acc_s\": 0.9926, \"steps\": 305, \"teacher_test_acc\": 0.9421, \"teacher_test_loss\": 0.2741}\n"}
,{"stream_name":"stdout","time":32676.010136439,"data":"  round 29 client p039: {\"ce_t\": 0.0248, \"ce_s\": 0.0493, \"kl_t\": 0.0415, \"kl_s\": 0.0304, \"hid\": 0.0115, \"loss\": 0.8499, \"train_acc_t\": 0.9985, \"train_acc_s\": 0.9908, \"steps\": 325, \"teacher_test_acc\": 0.9924, \"teacher_test_loss\": 0.0425}\n"}
,{"stream_name":"stdout","time":32734.378356311,"data":"  round 29 client p042: {\"ce_t\": 0.0191, \"ce_s\": 0.027, \"kl_t\": 0.0293, \"kl_s\": 0.0283, \"hid\": 0.0077, \"loss\": 0.7633, \"train_acc_t\": 0.9975, \"train_acc_s\": 0.9953, \"steps\": 295, \"teacher_test_acc\": 0.9916, \"teacher_test_loss\": 0.0228}\n"}
,{"stream_name":"stdout","time":32748.170228164,"data":"  round 29 client p045: {\"ce_t\": 0.0254, \"ce_s\": 0.0336, \"kl_t\": 0.0196, \"kl_s\": 0.0224, \"hid\": 0.0081, \"loss\": 0.8014, \"train_acc_t\": 0.9976, \"train_acc_s\": 0.9934, \"steps\": 365, \"teacher_test_acc\": 0.9517, \"teacher_test_loss\": 0.1822}\n"}
,{"stream_name":"stdout","time":32817.704247174,"data":"  round 29 client p047: {\"ce_t\": 0.0311, \"ce_s\": 0.0605, \"kl_t\": 0.035, \"kl_s\": 0.0332, \"hid\": 0.0076, \"loss\": 0.6758, \"train_acc_t\": 0.9976, \"train_acc_s\": 0.9889, \"steps\": 420, \"teacher_test_acc\": 0.976, \"teacher_test_loss\": 0.1241}\n"}
,{"stream_name":"stdout","time":32846.278925295,"data":"  round 29 client p049: {\"ce_t\": 0.0158, \"ce_s\": 0.0217, \"kl_t\": 0.018, \"kl_s\": 0.0153, \"hid\": 0.0055, \"loss\": 0.688, \"train_acc_t\": 0.999, \"train_acc_s\": 0.997, \"steps\": 505, \"teacher_test_acc\": 1.0, \"teacher_test_loss\": 0.0058}\n"}
,{"stream_name":"stdout","time":32897.731741987,"data":"  round 29 client p050: {\"ce_t\": 0.0569, \"ce_s\": 0.0945, \"kl_t\": 0.0679, \"kl_s\": 0.0581, \"hid\": 0.016, \"loss\": 0.982, \"train_acc_t\": 0.9962, \"train_acc_s\": 0.9794, \"steps\": 395, \"teacher_test_acc\": 0.9241, \"teacher_test_loss\": 0.3477}\n"}
,{"stream_name":"stdout","time":32936.429561966,"data":"  round 29 client p051: {\"ce_t\": 0.0383, \"ce_s\": 0.0724, \"kl_t\": 0.0487, \"kl_s\": 0.0472, \"hid\": 0.0112, \"loss\": 0.8373, \"train_acc_t\": 0.9965, \"train_acc_s\": 0.9861, \"steps\": 460, \"teacher_test_acc\": 0.9728, \"teacher_test_loss\": 0.1364}\n"}
,{"stream_name":"stdout","time":32972.672885145,"data":"  round 29 client p052: {\"ce_t\": 0.0218, \"ce_s\": 0.0362, \"kl_t\": 0.0271, \"kl_s\": 0.0192, \"hid\": 0.0078, \"loss\": 0.7776, \"train_acc_t\": 0.9976, \"train_acc_s\": 0.9932, \"steps\": 370, \"teacher_test_acc\": 0.9257, \"teacher_test_loss\": 0.3763}\n"}
,{"stream_name":"stdout","time":33014.84555706,"data":"  round 29 client p056: {\"ce_t\": 0.0469, \"ce_s\": 0.091, \"kl_t\": 0.0643, \"kl_s\": 0.0624, \"hid\": 0.0134, \"loss\": 0.8136, \"train_acc_t\": 0.9918, \"train_acc_s\": 0.9776, \"steps\": 400, \"teacher_test_acc\": 0.956, \"teacher_test_loss\": 0.1848}\n"}
,{"stream_name":"stdout","time":33053.730218632,"data":"  round 29 client p061: {\"ce_t\": 0.0322, \"ce_s\": 0.0575, \"kl_t\": 0.0417, \"kl_s\": 0.037, \"hid\": 0.0124, \"loss\": 0.8875, \"train_acc_t\": 0.9978, \"train_acc_s\": 0.9895, \"steps\": 405, \"teacher_test_acc\": 0.963, \"teacher_test_loss\": 0.1773}\n"}
,{"stream_name":"stdout","time":33095.33846098,"data":"  round 29 client p064: {\"ce_t\": 0.0165, \"ce_s\": 0.0243, \"kl_t\": 0.0273, \"kl_s\": 0.0195, \"hid\": 0.0072, \"loss\": 0.7528, \"train_acc_t\": 0.9988, \"train_acc_s\": 0.9954, \"steps\": 410, \"teacher_test_acc\": 1.0, \"teacher_test_loss\": 0.0075}\n"}
,{"stream_name":"stdout","time":33131.861525898,"data":"  round 29 client p072: {\"ce_t\": 0.043, \"ce_s\": 0.092, \"kl_t\": 0.0855, \"kl_s\": 0.0718, \"hid\": 0.0221, \"loss\": 1.0833, \"train_acc_t\": 1.0, \"train_acc_s\": 0.9804, \"steps\": 175, \"teacher_test_acc\": 1.0, \"teacher_test_loss\": 0.0517}\n"}
,{"stream_name":"stdout","time":33157.266604239,"data":"  round 29 client p066: {\"ce_t\": 0.0546, \"ce_s\": 0.0944, \"kl_t\": 0.0675, \"kl_s\": 0.0592, \"hid\": 0.0135, \"loss\": 0.9101, \"train_acc_t\": 0.9969, \"train_acc_s\": 0.9794, \"steps\": 520, \"teacher_test_acc\": 0.9758, \"teacher_test_loss\": 0.1188}\n"}
,{"stream_name":"stdout","time":33212.228932508,"data":"  round 29 client p075: {\"ce_t\": 0.0292, \"ce_s\": 0.0584, \"kl_t\": 0.044, \"kl_s\": 0.036, \"hid\": 0.0102, \"loss\": 0.8315, \"train_acc_t\": 0.9982, \"train_acc_s\": 0.988, \"steps\": 410, \"teacher_test_acc\": 0.9877, \"teacher_test_loss\": 0.0442}\n"}
,{"stream_name":"stdout","time":33238.3028206,"data":"  round 29 client p081: {\"ce_t\": 0.0303, \"ce_s\": 0.063, \"kl_t\": 0.0517, \"kl_s\": 0.0418, \"hid\": 0.0106, \"loss\": 0.8238, \"train_acc_t\": 0.9982, \"train_acc_s\": 0.9881, \"steps\": 415, \"teacher_test_acc\": 1.0, \"teacher_test_loss\": 0.0351}\n"}
,{"stream_name":"stdout","time":33276.697800022,"data":"ROUND 29/30: global student acc 0.8478 F1 0.8373 | mean teacher acc 0.9749 | 19.4 min\n"}
,{"stream_name":"stdout","time":33350.076785947,"data":"  round 30 client p002: {\"ce_t\": 0.0353, \"ce_s\": 0.0687, \"kl_t\": 0.0615, \"kl_s\": 0.048, \"hid\": 0.01, \"loss\": 0.8012, \"train_acc_t\": 0.9976, \"train_acc_s\": 0.9855, \"steps\": 365, \"teacher_test_acc\": 0.9862, \"teacher_test_loss\": 0.0833}\n"}
,{"stream_name":"stdout","time":33362.54368315,"data":"  round 30 client p012: {\"ce_t\": 0.0475, \"ce_s\": 0.1006, \"kl_t\": 0.1035, \"kl_s\": 0.0846, \"hid\": 0.0153, \"loss\": 0.9985, \"train_acc_t\": 0.997, \"train_acc_s\": 0.9809, \"steps\": 415, \"teacher_test_acc\": 0.9394, \"teacher_test_loss\": 0.2819}\n"}
,{"stream_name":"stdout","time":33436.639261733,"data":"  round 30 client p014: {\"ce_t\": 0.0525, \"ce_s\": 0.0719, \"kl_t\": 0.0439, \"kl_s\": 0.0414, \"hid\": 0.0119, \"loss\": 0.8654, \"train_acc_t\": 0.9951, \"train_acc_s\": 0.986, \"steps\": 440, \"teacher_test_acc\": 0.9716, \"teacher_test_loss\": 0.1466}\n"}
,{"stream_name":"stdout","time":33450.070181376,"data":"  round 30 client p015: {\"ce_t\": 0.0423, \"ce_s\": 0.061, \"kl_t\": 0.0593, \"kl_s\": 0.0522, \"hid\": 0.0108, \"loss\": 0.7698, \"train_acc_t\": 0.996, \"train_acc_s\": 0.99, \"steps\": 440, \"teacher_test_acc\": 0.9886, \"teacher_test_loss\": 0.0605}\n"}
,{"stream_name":"stdout","time":33541.469940666,"data":"  round 30 client p016: {\"ce_t\": 0.0213, \"ce_s\": 0.0283, \"kl_t\": 0.0101, \"kl_s\": 0.0093, \"hid\": 0.0056, \"loss\": 0.8003, \"train_acc_t\": 0.9961, \"train_acc_s\": 0.9949, \"steps\": 540, \"teacher_test_acc\": 0.9722, \"teacher_test_loss\": 0.1528}\n"}
,{"stream_name":"stdout","time":33570.978864432,"data":"  round 30 client p021: {\"ce_t\": 0.0225, \"ce_s\": 0.0389, \"kl_t\": 0.0219, \"kl_s\": 0.021, \"hid\": 0.0054, \"loss\": 0.5982, \"train_acc_t\": 0.9988, \"train_acc_s\": 0.9933, \"steps\": 620, \"teacher_test_acc\": 0.9032, \"teacher_test_loss\": 0.5316}\n"}
,{"stream_name":"stdout","time":33661.347891767,"data":"  round 30 client p022: {\"ce_t\": 0.0113, \"ce_s\": 0.019, \"kl_t\": 0.014, \"kl_s\": 0.0125, \"hid\": 0.0053, \"loss\": 0.6014, \"train_acc_t\": 0.9994, \"train_acc_s\": 0.9974, \"steps\": 620, \"teacher_test_acc\": 0.9919, \"teacher_test_loss\": 0.0204}\n"}
,{"stream_name":"stdout","time":33691.373728459,"data":"  round 30 client p024: {\"ce_t\": 0.0212, \"ce_s\": 0.0368, \"kl_t\": 0.0324, \"kl_s\": 0.0279, \"hid\": 0.0065, \"loss\": 0.6872, \"train_acc_t\": 0.9992, \"train_acc_s\": 0.9941, \"steps\": 615, \"teacher_test_acc\": 0.9959, \"teacher_test_loss\": 0.0245}\n"}
,{"stream_name":"stdout","time":33775.651382342,"data":"  round 30 client p035: {\"ce_t\": 0.0167, \"ce_s\": 0.0155, \"kl_t\": 0.0103, \"kl_s\": 0.0117, \"hid\": 0.0068, \"loss\": 0.7093, \"train_acc_t\": 0.9979, \"train_acc_s\": 0.9991, \"steps\": 425, \"teacher_test_acc\": 0.9824, \"teacher_test_loss\": 0.05}\n"}
,{"stream_name":"stdout","time":33777.717436891,"data":"  round 30 client p026: {\"ce_t\": 0.03, \"ce_s\": 0.0448, \"kl_t\": 0.0402, \"kl_s\": 0.0329, \"hid\": 0.0081, \"loss\": 0.7456, \"train_acc_t\": 0.9981, \"train_acc_s\": 0.9914, \"steps\": 600, \"teacher_test_acc\": 0.9875, \"teacher_test_loss\": 0.0825}\n"}
,{"stream_name":"stdout","time":33839.069596465,"data":"  round 30 client p041: {\"ce_t\": 0.0299, \"ce_s\": 0.0421, \"kl_t\": 0.0309, \"kl_s\": 0.0312, \"hid\": 0.0121, \"loss\": 0.9139, \"train_acc_t\": 0.9983, \"train_acc_s\": 0.9942, \"steps\": 305, \"teacher_test_acc\": 0.9669, \"teacher_test_loss\": 0.2144}\n"}
,{"stream_name":"stdout","time":33843.254985296,"data":"  round 30 client p039: {\"ce_t\": 0.0354, \"ce_s\": 0.0559, \"kl_t\": 0.0447, \"kl_s\": 0.0426, \"hid\": 0.0123, \"loss\": 0.8541, \"train_acc_t\": 0.9977, \"train_acc_s\": 0.9892, \"steps\": 325, \"teacher_test_acc\": 0.9847, \"teacher_test_loss\": 0.0878}\n"}
,{"stream_name":"stdout","time":33900.116434108,"data":"  round 30 client p042: {\"ce_t\": 0.0155, \"ce_s\": 0.0285, \"kl_t\": 0.0264, \"kl_s\": 0.0212, \"hid\": 0.0069, \"loss\": 0.7284, \"train_acc_t\": 0.9996, \"train_acc_s\": 0.9949, \"steps\": 295, \"teacher_test_acc\": 0.9916, \"teacher_test_loss\": 0.0221}\n"}
,{"stream_name":"stdout","time":33917.682345986,"data":"  round 30 client p045: {\"ce_t\": 0.025, \"ce_s\": 0.0326, \"kl_t\": 0.0172, \"kl_s\": 0.0202, \"hid\": 0.0079, \"loss\": 0.7929, \"train_acc_t\": 0.9959, \"train_acc_s\": 0.9921, \"steps\": 365, \"teacher_test_acc\": 0.9724, \"teacher_test_loss\": 0.1137}\n"}
,{"stream_name":"stdout","time":33983.588894878,"data":"  round 30 client p047: {\"ce_t\": 0.0637, \"ce_s\": 0.0833, \"kl_t\": 0.0786, \"kl_s\": 0.0867, \"hid\": 0.0154, \"loss\": 0.8668, \"train_acc_t\": 0.9928, \"train_acc_s\": 0.985, \"steps\": 420, \"teacher_test_acc\": 0.982, \"teacher_test_loss\": 0.0973}\n"}
,{"stream_name":"stdout","time":34018.511762963,"data":"  round 30 client p049: {\"ce_t\": 0.0127, \"ce_s\": 0.0176, \"kl_t\": 0.0124, \"kl_s\": 0.0111, \"hid\": 0.0043, \"loss\": 0.632, \"train_acc_t\": 0.999, \"train_acc_s\": 0.998, \"steps\": 505, \"teacher_test_acc\": 1.0, \"teacher_test_loss\": 0.0059}\n"}
,{"stream_name":"stdout","time":34062.721745456,"data":"  round 30 client p050: {\"ce_t\": 0.0773, \"ce_s\": 0.0987, \"kl_t\": 0.0756, \"kl_s\": 0.0737, \"hid\": 0.0165, \"loss\": 0.9127, \"train_acc_t\": 0.9918, \"train_acc_s\": 0.9785, \"steps\": 395, \"teacher_test_acc\": 0.943, \"teacher_test_loss\": 0.1867}\n"}
,{"stream_name":"stdout","time":34110.563513819,"data":"  round 30 client p051: {\"ce_t\": 0.0277, \"ce_s\": 0.0474, \"kl_t\": 0.0311, \"kl_s\": 0.0265, \"hid\": 0.0082, \"loss\": 0.6883, \"train_acc_t\": 0.9984, \"train_acc_s\": 0.991, \"steps\": 460, \"teacher_test_acc\": 0.9565, \"teacher_test_loss\": 0.1237}\n"}
,{"stream_name":"stdout","time":34137.200141928,"data":"  round 30 client p052: {\"ce_t\": 0.0296, \"ce_s\": 0.052, \"kl_t\": 0.0341, \"kl_s\": 0.0325, \"hid\": 0.0087, \"loss\": 0.7586, \"train_acc_t\": 0.9973, \"train_acc_s\": 0.9912, \"steps\": 370, \"teacher_test_acc\": 0.9662, \"teacher_test_loss\": 0.1967}\n"}
,{"stream_name":"stdout","time":34191.16675155,"data":"  round 30 client p056: {\"ce_t\": 0.0343, \"ce_s\": 0.0511, \"kl_t\": 0.0342, \"kl_s\": 0.0321, \"hid\": 0.01, \"loss\": 0.7376, \"train_acc_t\": 0.9969, \"train_acc_s\": 0.9915, \"steps\": 400, \"teacher_test_acc\": 0.9686, \"teacher_test_loss\": 0.1093}\n"}
,{"stream_name":"stdout","time":34217.844213663,"data":"  round 30 client p061: {\"ce_t\": 0.0374, \"ce_s\": 0.0465, \"kl_t\": 0.035, \"kl_s\": 0.0342, \"hid\": 0.0118, \"loss\": 0.8807, \"train_acc_t\": 0.9966, \"train_acc_s\": 0.9932, \"steps\": 405, \"teacher_test_acc\": 0.9506, \"teacher_test_loss\": 0.1735}\n"}
,{"stream_name":"stdout","time":34274.730780283,"data":"  round 30 client p064: {\"ce_t\": 0.0213, \"ce_s\": 0.0328, \"kl_t\": 0.0302, \"kl_s\": 0.0237, \"hid\": 0.0083, \"loss\": 0.7628, \"train_acc_t\": 0.9988, \"train_acc_s\": 0.9948, \"steps\": 410, \"teacher_test_acc\": 0.9878, \"teacher_test_loss\": 0.0351}\n"}
,{"stream_name":"stdout","time":34312.39857476,"data":"  round 30 client p072: {\"ce_t\": 0.052, \"ce_s\": 0.1003, \"kl_t\": 0.0955, \"kl_s\": 0.0899, \"hid\": 0.0215, \"loss\": 1.0869, \"train_acc_t\": 0.9964, \"train_acc_s\": 0.9819, \"steps\": 175, \"teacher_test_acc\": 1.0, \"teacher_test_loss\": 0.0229}\n"}
,{"stream_name":"stdout","time":34321.405825636,"data":"  round 30 client p066: {\"ce_t\": 0.0449, \"ce_s\": 0.0763, \"kl_t\": 0.0518, \"kl_s\": 0.0492, \"hid\": 0.0109, \"loss\": 0.8006, \"train_acc_t\": 0.9981, \"train_acc_s\": 0.9855, \"steps\": 520, \"teacher_test_acc\": 0.9662, \"teacher_test_loss\": 0.1734}\n"}
,{"stream_name":"stdout","time":34394.893175083,"data":"  round 30 client p075: {\"ce_t\": 0.0304, \"ce_s\": 0.0466, \"kl_t\": 0.0339, \"kl_s\": 0.0348, \"hid\": 0.01, \"loss\": 0.8248, \"train_acc_t\": 0.9969, \"train_acc_s\": 0.9926, \"steps\": 410, \"teacher_test_acc\": 0.9939, \"teacher_test_loss\": 0.0366}\n"}
,{"stream_name":"stdout","time":34402.154346538,"data":"  round 30 client p081: {\"ce_t\": 0.0341, \"ce_s\": 0.0553, \"kl_t\": 0.0446, \"kl_s\": 0.0428, \"hid\": 0.0086, \"loss\": 0.7462, \"train_acc_t\": 0.9973, \"train_acc_s\": 0.9884, \"steps\": 415, \"teacher_test_acc\": 0.9879, \"teacher_test_loss\": 0.0288}\n"}
,{"stream_name":"stdout","time":34440.284303341,"data":"ROUND 30/30: global student acc 0.8591 F1 0.8509 | mean teacher acc 0.9745 | 19.4 min\n"}
,{"stream_name":"stdout","time":34440.287012674,"data":"TRAINING COMPLETE\n"}
,{"stream_name":"stderr","time":34450.894907481,"data":"/usr/local/lib/python3.12/dist-packages/mistune.py:435: SyntaxWarning: invalid escape sequence '\\|'\n"}
,{"stream_name":"stderr","time":34450.894948625,"data":"  cells[i][c] = re.sub('\\\\\\\\\\|', '|', cell)\n"}
,{"stream_name":"stderr","time":34451.258221376,"data":"/usr/local/lib/python3.12/dist-packages/nbconvert/filters/filter_links.py:36: SyntaxWarning: invalid escape sequence '\\_'\n"}
,{"stream_name":"stderr","time":34451.258251552,"data":"  text = re.sub(r'_', '\\_', text) # Escape underscores in display text\n"}
,{"stream_name":"stderr","time":34452.277514328,"data":"[NbConvertApp] Converting notebook __script__.ipynb to html\n"}
,{"stream_name":"stderr","time":34453.646017847,"data":"[NbConvertApp] Writing 273894 bytes to __results__.html\n"}
]