[{"stream_name":"stderr","time":1.824217837,"data":"Cloning into '/tmp/repo'...\n"}
,{"stream_name":"stdout","time":8.226911576,"data":"+ nvidia-smi\n"}
,{"stream_name":"stdout","time":8.258776195,"data":"Sun Oct  4 08:47:51 2026       \n"}
,{"stream_name":"stdout","time":8.258798509,"data":"+-----------------------------------------------------------------------------------------+\n"}
,{"stream_name":"stdout","time":8.258802043,"data":"| NVIDIA-SMI 580.178.04             Driver Version: 580.178.04     CUDA Version: 13.0     |\n"}
,{"stream_name":"stdout","time":8.258804465,"data":"+-----------------------------------------+------------------------+----------------------+\n"}
,{"stream_name":"stdout","time":8.258806962,"data":"| GPU  Name                 Persistence-M | Bus-Id          Disp.A | Volatile Uncorr. ECC |\n"}
,{"stream_name":"stdout","time":8.258809305,"data":"| Fan  Temp   Perf          Pwr:Usage/Cap |           Memory-Usage | GPU-Util  Compute M. |\n"}
,{"stream_name":"stdout","time":8.2588115,"data":"|                                         |                        |               MIG M. |\n"}
,{"stream_name":"stdout","time":8.258813712,"data":"|=========================================+========================+======================|\n"}
,{"stream_name":"stdout","time":8.290678246,"data":"|   0  Tesla T4                       Off |   00000000:00:04.0 Off |                    0 |\n"}
,{"stream_name":"stdout","time":8.290706276,"data":"| N/A   42C    P8              9W /   70W |       0MiB /  15360MiB |      0%      Default |\n"}
,{"stream_name":"stdout","time":8.290709484,"data":"|                                         |                        |                  N/A |\n"}
,{"stream_name":"stdout","time":8.29071194,"data":"+-----------------------------------------+------------------------+----------------------+\n"}
,{"stream_name":"stdout","time":8.290714368,"data":"|   1  Tesla T4                       Off |   00000000:00:05.0 Off |                    0 |\n"}
,{"stream_name":"stdout","time":8.290716618,"data":"| N/A   45C    P8             11W /   70W |       0MiB /  15360MiB |      0%      Default |\n"}
,{"stream_name":"stdout","time":8.290718814,"data":"|                                         |                        |                  N/A |\n"}
,{"stream_name":"stdout","time":8.290721027,"data":"+-----------------------------------------+------------------------+----------------------+\n"}
,{"stream_name":"stdout","time":8.291413968,"data":"\n"}
,{"stream_name":"stdout","time":8.29145116,"data":"+-----------------------------------------------------------------------------------------+\n"}
,{"stream_name":"stdout","time":8.291454228,"data":"| Processes:                                                                              |\n"}
,{"stream_name":"stdout","time":8.291456653000001,"data":"|  GPU   GI   CI              PID   Type   Process name                        GPU Memory |\n"}
,{"stream_name":"stdout","time":8.291458836,"data":"|        ID   ID                                                               Usage      |\n"}
,{"stream_name":"stdout","time":8.291461457,"data":"|=========================================================================================|\n"}
,{"stream_name":"stdout","time":8.293180921,"data":"|  No running processes found                                                             |\n"}
,{"stream_name":"stdout","time":8.293200691,"data":"+-----------------------------------------------------------------------------------------+\n"}
,{"stream_name":"stdout","time":8.619211005,"data":"+ pip install -q 'timm\u003e=1.0.9'\n"}
,{"stream_name":"stdout","time":16.632015712,"data":"VRAM 2026/10/04 08:48:00.080, 0, 0 MiB, 15360 MiB, 0 %\n"}
,{"stream_name":"stdout","time":16.635512132,"data":"VRAM 2026/10/04 08:48:00.084, 1, 0 MiB, 15360 MiB, 0 %\n"}
,{"stream_name":"stdout","time":76.644691793,"data":"VRAM 2026/10/04 08:49:00.094, 0, 0 MiB, 15360 MiB, 0 %\n"}
,{"stream_name":"stdout","time":76.646669778,"data":"VRAM 2026/10/04 08:49:00.096, 1, 0 MiB, 15360 MiB, 0 %\n"}
,{"stream_name":"stdout","time":136.656190644,"data":"VRAM 2026/10/04 08:50:00.105, 0, 0 MiB, 15360 MiB, 0 %\n"}
,{"stream_name":"stdout","time":136.658420859,"data":"VRAM 2026/10/04 08:50:00.108, 1, 0 MiB, 15360 MiB, 0 %\n"}
,{"stream_name":"stdout","time":196.66716592,"data":"VRAM 2026/10/04 08:51:00.117, 0, 0 MiB, 15360 MiB, 0 %\n"}
,{"stream_name":"stdout","time":196.669251707,"data":"VRAM 2026/10/04 08:51:00.119, 1, 0 MiB, 15360 MiB, 0 %\n"}
,{"stream_name":"stdout","time":256.677424414,"data":"VRAM 2026/10/04 08:52:00.127, 0, 0 MiB, 15360 MiB, 0 %\n"}
,{"stream_name":"stdout","time":256.679227727,"data":"VRAM 2026/10/04 08:52:00.129, 1, 0 MiB, 15360 MiB, 0 %\n"}
,{"stream_name":"stdout","time":316.687551532,"data":"VRAM 2026/10/04 08:53:00.137, 0, 0 MiB, 15360 MiB, 0 %\n"}
,{"stream_name":"stdout","time":316.689175662,"data":"VRAM 2026/10/04 08:53:00.139, 1, 0 MiB, 15360 MiB, 0 %\n"}
,{"stream_name":"stdout","time":376.697710092,"data":"VRAM 2026/10/04 08:54:00.147, 0, 0 MiB, 15360 MiB, 0 %\n"}
,{"stream_name":"stdout","time":376.699876356,"data":"VRAM 2026/10/04 08:54:00.149, 1, 0 MiB, 15360 MiB, 0 %\n"}
,{"stream_name":"stdout","time":436.708649346,"data":"VRAM 2026/10/04 08:55:00.158, 0, 0 MiB, 15360 MiB, 0 %\n"}
,{"stream_name":"stdout","time":436.710496615,"data":"VRAM 2026/10/04 08:55:00.160, 1, 0 MiB, 15360 MiB, 0 %\n"}
,{"stream_name":"stdout","time":496.718599535,"data":"VRAM 2026/10/04 08:56:00.168, 0, 0 MiB, 15360 MiB, 0 %\n"}
,{"stream_name":"stdout","time":496.720406039,"data":"VRAM 2026/10/04 08:56:00.170, 1, 0 MiB, 15360 MiB, 0 %\n"}
,{"stream_name":"stdout","time":556.728919048,"data":"VRAM 2026/10/04 08:57:00.179, 0, 0 MiB, 15360 MiB, 0 %\n"}
,{"stream_name":"stdout","time":556.731048686,"data":"VRAM 2026/10/04 08:57:00.181, 1, 0 MiB, 15360 MiB, 0 %\n"}
,{"stream_name":"stdout","time":616.739686814,"data":"VRAM 2026/10/04 08:58:00.189, 0, 0 MiB, 15360 MiB, 0 %\n"}
,{"stream_name":"stdout","time":616.741597862,"data":"VRAM 2026/10/04 08:58:00.191, 1, 0 MiB, 15360 MiB, 0 %\n"}
,{"stream_name":"stdout","time":676.749903375,"data":"VRAM 2026/10/04 08:59:00.200, 0, 0 MiB, 15360 MiB, 0 %\n"}
,{"stream_name":"stdout","time":676.751866429,"data":"VRAM 2026/10/04 08:59:00.202, 1, 0 MiB, 15360 MiB, 0 %\n"}
,{"stream_name":"stdout","time":736.760033799,"data":"VRAM 2026/10/04 09:00:00.210, 0, 0 MiB, 15360 MiB, 0 %\n"}
,{"stream_name":"stdout","time":736.761517914,"data":"VRAM 2026/10/04 09:00:00.212, 1, 0 MiB, 15360 MiB, 0 %\n"}
,{"stream_name":"stdout","time":796.770781354,"data":"VRAM 2026/10/04 09:01:00.220, 0, 0 MiB, 15360 MiB, 0 %\n"}
,{"stream_name":"stdout","time":796.772813409,"data":"VRAM 2026/10/04 09:01:00.222, 1, 0 MiB, 15360 MiB, 0 %\n"}
,{"stream_name":"stdout","time":856.781704386,"data":"VRAM 2026/10/04 09:02:00.231, 0, 0 MiB, 15360 MiB, 0 %\n"}
,{"stream_name":"stdout","time":856.783525904,"data":"VRAM 2026/10/04 09:02:00.233, 1, 0 MiB, 15360 MiB, 0 %\n"}
,{"stream_name":"stdout","time":916.792124953,"data":"VRAM 2026/10/04 09:03:00.242, 0, 0 MiB, 15360 MiB, 0 %\n"}
,{"stream_name":"stdout","time":916.793839262,"data":"VRAM 2026/10/04 09:03:00.244, 1, 0 MiB, 15360 MiB, 0 %\n"}
,{"stream_name":"stdout","time":976.80323729,"data":"VRAM 2026/10/04 09:04:00.253, 0, 0 MiB, 15360 MiB, 0 %\n"}
,{"stream_name":"stdout","time":976.805613033,"data":"VRAM 2026/10/04 09:04:00.255, 1, 0 MiB, 15360 MiB, 0 %\n"}
,{"stream_name":"stdout","time":1036.814164646,"data":"VRAM 2026/10/04 09:05:00.264, 0, 0 MiB, 15360 MiB, 0 %\n"}
,{"stream_name":"stdout","time":1036.81617961,"data":"VRAM 2026/10/04 09:05:00.266, 1, 0 MiB, 15360 MiB, 0 %\n"}
,{"stream_name":"stdout","time":1096.825183072,"data":"VRAM 2026/10/04 09:06:00.275, 0, 0 MiB, 15360 MiB, 0 %\n"}
,{"stream_name":"stdout","time":1096.827098251,"data":"VRAM 2026/10/04 09:06:00.277, 1, 0 MiB, 15360 MiB, 0 %\n"}
,{"stream_name":"stdout","time":1156.83641999,"data":"VRAM 2026/10/04 09:07:00.286, 0, 0 MiB, 15360 MiB, 0 %\n"}
,{"stream_name":"stdout","time":1156.838600159,"data":"VRAM 2026/10/04 09:07:00.288, 1, 0 MiB, 15360 MiB, 0 %\n"}
,{"stream_name":"stdout","time":1210.217209042,"data":"data_root: /kaggle/input/competitions/state-farm-distracted-driver-detection | previous runs: []\n"}
,{"stream_name":"stdout","time":1216.847384973,"data":"VRAM 2026/10/04 09:08:00.297, 0, 0 MiB, 15360 MiB, 0 %\n"}
,{"stream_name":"stdout","time":1216.849393487,"data":"VRAM 2026/10/04 09:08:00.299, 1, 0 MiB, 15360 MiB, 0 %\n"}
,{"stream_name":"stdout","time":1276.857928304,"data":"VRAM 2026/10/04 09:09:00.307, 0, 0 MiB, 15360 MiB, 0 %\n"}
,{"stream_name":"stdout","time":1276.859881836,"data":"VRAM 2026/10/04 09:09:00.310, 1, 0 MiB, 15360 MiB, 0 %\n"}
,{"stream_name":"stdout","time":1336.868999931,"data":"VRAM 2026/10/04 09:10:00.318, 0, 0 MiB, 15360 MiB, 0 %\n"}
,{"stream_name":"stdout","time":1336.871231613,"data":"VRAM 2026/10/04 09:10:00.321, 1, 0 MiB, 15360 MiB, 0 %\n"}
,{"stream_name":"stdout","time":1396.880303589,"data":"VRAM 2026/10/04 09:11:00.330, 0, 0 MiB, 15360 MiB, 0 %\n"}
,{"stream_name":"stdout","time":1396.882373114,"data":"VRAM 2026/10/04 09:11:00.332, 1, 0 MiB, 15360 MiB, 0 %\n"}
,{"stream_name":"stdout","time":1451.280811996,"data":"split=driver: 21 clients, train sizes: [725, 823, 876, 875, 1078, 1237, 1233, 1226, 1196, 848, 651, 605, 591, 724, 835, 1011, 790, 920, 740, 794, 809], held-out drivers p064,p066,p072,p075,p081 (3837 images)\n"}
,{"stream_name":"stderr","time":1452.935500054,"data":"Warning: You are sending unauthenticated requests to the HF Hub. Please set a HF_TOKEN to enable higher rate limits and faster downloads.\n"}
,{"stream_name":"stdout","time":1456.890621612,"data":"VRAM 2026/10/04 09:12:00.340, 0, 0 MiB, 15360 MiB, 0 %\n"}
,{"stream_name":"stdout","time":1456.892600773,"data":"VRAM 2026/10/04 09:12:00.342, 1, 0 MiB, 15360 MiB, 0 %\n"}
,{"stream_name":"stdout","time":1464.311085078,"data":"devices: [device(type='cuda', index=0), device(type='cuda', index=1)]\n"}
,{"stream_name":"stderr","time":1491.546130196,"data":"/tmp/repo/fedkd_gia/fedkd.py:51: UserWarning: Converting a tensor with requires_grad=True to a scalar may lead to unexpected behavior.\n"}
,{"stream_name":"stderr","time":1491.546179073,"data":"Consider using tensor.detach() first. (Triggered internally at /pytorch/torch/csrc/autograd/generated/python_variable_methods.cpp:836.)\n"}
,{"stream_name":"stderr","time":1491.54618556,"data":"  \"hid\": float(hid), \"loss\": total.item()}\n"}
,{"stream_name":"stdout","time":1516.901150808,"data":"VRAM 2026/10/04 09:13:00.351, 0, 3875 MiB, 15360 MiB, 87 %\n"}
,{"stream_name":"stdout","time":1516.902944041,"data":"VRAM 2026/10/04 09:13:00.353, 1, 3795 MiB, 15360 MiB, 84 %\n"}
,{"stream_name":"stdout","time":1576.912735005,"data":"VRAM 2026/10/04 09:14:00.362, 0, 3875 MiB, 15360 MiB, 0 %\n"}
,{"stream_name":"stdout","time":1576.913149079,"data":"VRAM 2026/10/04 09:14:00.363, 1, 3797 MiB, 15360 MiB, 96 %\n"}
,{"stream_name":"stdout","time":1590.375891617,"data":"  round 1 client p002: {\"ce_t\": 0.326, \"ce_s\": 0.3778, \"kl_t\": 0.2689, \"kl_s\": 0.2322, \"hid\": 3.5694, \"loss\": 9.5618, \"train_acc_t\": 0.9443, \"train_acc_s\": 0.9368, \"steps\": 455, \"teacher_test_acc\": 0.136, \"teacher_test_loss\": 3.1357, \"teacher_test_macro_f1\": 0.048, \"gpu\": 0, \"peak_alloc_gb\": 3.3365, \"peak_reserved_gb\": 4.0508}\n"}
,{"stream_name":"stdout","time":1591.066741948,"data":"  round 1 client p012: {\"ce_t\": 0.3366, \"ce_s\": 0.4027, \"kl_t\": 0.2829, \"kl_s\": 0.2493, \"hid\": 3.3779, \"loss\": 8.759, \"train_acc_t\": 0.9378, \"train_acc_s\": 0.9235, \"steps\": 515, \"teacher_test_acc\": 0.099, \"teacher_test_loss\": 4.2117, \"teacher_test_macro_f1\": 0.0281, \"gpu\": 1, \"peak_alloc_gb\": 3.3343, \"peak_reserved_gb\": 3.9746}\n"}
,{"stream_name":"stdout","time":1636.925643011,"data":"VRAM 2026/10/04 09:15:00.372, 0, 4291 MiB, 15360 MiB, 84 %\n"}
,{"stream_name":"stdout","time":1636.925717197,"data":"VRAM 2026/10/04 09:15:00.374, 1, 4355 MiB, 15360 MiB, 86 %\n"}
,{"stream_name":"stdout","time":1695.948083073,"data":"  round 1 client p014: {\"ce_t\": 0.3092, \"ce_s\": 0.3671, \"kl_t\": 0.2269, \"kl_s\": 0.1963, \"hid\": 3.1685, \"loss\": 9.1176, \"train_acc_t\": 0.9436, \"train_acc_s\": 0.9331, \"steps\": 550, \"teacher_test_acc\": 0.088, \"teacher_test_loss\": 3.2154, \"teacher_test_macro_f1\": 0.0629, \"gpu\": 0, \"peak_alloc_gb\": 3.3174, \"peak_reserved_gb\": 4.0508}\n"}
,{"stream_name":"stdout","time":1696.375289642,"data":"  round 1 client p015: {\"ce_t\": 0.2988, \"ce_s\": 0.3314, \"kl_t\": 0.224, \"kl_s\": 0.1997, \"hid\": 3.0893, \"loss\": 9.0882, \"train_acc_t\": 0.9474, \"train_acc_s\": 0.9458, \"steps\": 550, \"teacher_test_acc\": 0.14, \"teacher_test_loss\": 3.1889, \"teacher_test_macro_f1\": 0.0597, \"gpu\": 1, \"peak_alloc_gb\": 3.3186, \"peak_reserved_gb\": 4.1133}\n"}
,{"stream_name":"stdout","time":1696.934124219,"data":"VRAM 2026/10/04 09:16:00.384, 0, 4291 MiB, 15360 MiB, 79 %\n"}
,{"stream_name":"stdout","time":1696.934220918,"data":"VRAM 2026/10/04 09:16:00.385, 1, 4355 MiB, 15360 MiB, 0 %\n"}
,{"stream_name":"stdout","time":1756.942751423,"data":"VRAM 2026/10/04 09:17:00.393, 0, 4291 MiB, 15360 MiB, 86 %\n"}
,{"stream_name":"stdout","time":1756.944461278,"data":"VRAM 2026/10/04 09:17:00.395, 1, 4355 MiB, 15360 MiB, 87 %\n"}
,{"stream_name":"stdout","time":1816.95479046,"data":"VRAM 2026/10/04 09:18:00.403, 0, 4293 MiB, 15360 MiB, 86 %\n"}
,{"stream_name":"stdout","time":1816.954833153,"data":"VRAM 2026/10/04 09:18:00.405, 1, 4355 MiB, 15360 MiB, 89 %\n"}
,{"stream_name":"stdout","time":1827.639716839,"data":"  round 1 client p016: {\"ce_t\": 0.2393, \"ce_s\": 0.2831, \"kl_t\": 0.2117, \"kl_s\": 0.1875, \"hid\": 2.5639, \"loss\": 8.2708, \"train_acc_t\": 0.9701, \"train_acc_s\": 0.967, \"steps\": 675, \"teacher_test_acc\": 0.127, \"teacher_test_loss\": 3.0489, \"teacher_test_macro_f1\": 0.0806, \"gpu\": 0, \"peak_alloc_gb\": 3.3225, \"peak_reserved_gb\": 4.0527}\n"}
,{"stream_name":"stdout","time":1846.99965931,"data":"  round 1 client p021: {\"ce_t\": 0.2635, \"ce_s\": 0.3356, \"kl_t\": 0.2308, \"kl_s\": 0.2019, \"hid\": 2.4314, \"loss\": 7.267, \"train_acc_t\": 0.9605, \"train_acc_s\": 0.9392, \"steps\": 775, \"teacher_test_acc\": 0.161, \"teacher_test_loss\": 2.9349, \"teacher_test_macro_f1\": 0.1244, \"gpu\": 1, \"peak_alloc_gb\": 3.326, \"peak_reserved_gb\": 4.1133}\n"}
,{"stream_name":"stdout","time":1876.962592659,"data":"VRAM 2026/10/04 09:19:00.413, 0, 4339 MiB, 15360 MiB, 90 %\n"}
,{"stream_name":"stdout","time":1876.964149259,"data":"VRAM 2026/10/04 09:19:00.414, 1, 4355 MiB, 15360 MiB, 94 %\n"}
,{"stream_name":"stdout","time":1936.973903722,"data":"VRAM 2026/10/04 09:20:00.422, 0, 4339 MiB, 15360 MiB, 83 %\n"}
,{"stream_name":"stdout","time":1936.978976766,"data":"VRAM 2026/10/04 09:20:00.426, 1, 4355 MiB, 15360 MiB, 82 %\n"}
,{"stream_name":"stdout","time":1976.709029766,"data":"  round 1 client p022: {\"ce_t\": 0.2578, \"ce_s\": 0.3084, \"kl_t\": 0.2092, \"kl_s\": 0.1886, \"hid\": 2.4129, \"loss\": 7.2491, \"train_acc_t\": 0.9616, \"train_acc_s\": 0.9536, \"steps\": 775, \"teacher_test_acc\": 0.073, \"teacher_test_loss\": 3.0062, \"teacher_test_macro_f1\": 0.0351, \"gpu\": 0, \"peak_alloc_gb\": 3.3092, \"peak_reserved_gb\": 4.0977}\n"}
,{"stream_name":"stdout","time":1994.347799829,"data":"  round 1 client p024: {\"ce_t\": 0.241, \"ce_s\": 0.288, \"kl_t\": 0.2183, \"kl_s\": 0.1968, \"hid\": 2.3626, \"loss\": 7.8977, \"train_acc_t\": 0.968, \"train_acc_s\": 0.9607, \"steps\": 770, \"teacher_test_acc\": 0.099, \"teacher_test_loss\": 3.2384, \"teacher_test_macro_f1\": 0.0311, \"gpu\": 1, \"peak_alloc_gb\": 3.3168, \"peak_reserved_gb\": 4.1133}\n"}
,{"stream_name":"stdout","time":1996.986789853,"data":"VRAM 2026/10/04 09:21:00.437, 0, 4341 MiB, 15360 MiB, 94 %\n"}
,{"stream_name":"stdout","time":1996.988228765,"data":"VRAM 2026/10/04 09:21:00.439, 1, 4355 MiB, 15360 MiB, 95 %\n"}
,{"stream_name":"stdout","time":2056.996332328,"data":"VRAM 2026/10/04 09:22:00.446, 0, 4341 MiB, 15360 MiB, 92 %\n"}
,{"stream_name":"stdout","time":2056.998016366,"data":"VRAM 2026/10/04 09:22:00.448, 1, 4355 MiB, 15360 MiB, 82 %\n"}
,{"stream_name":"stdout","time":2096.536748227,"data":"  round 1 client p035: {\"ce_t\": 0.3111, \"ce_s\": 0.3547, \"kl_t\": 0.2124, \"kl_s\": 0.1875, \"hid\": 3.2214, \"loss\": 8.9196, \"train_acc_t\": 0.9486, \"train_acc_s\": 0.9436, \"steps\": 530, \"teacher_test_acc\": 0.159, \"teacher_test_loss\": 2.819, \"teacher_test_macro_f1\": 0.0847, \"gpu\": 1, \"peak_alloc_gb\": 3.3111, \"peak_reserved_gb\": 4.1133}\n"}
,{"stream_name":"stdout","time":2117.006403756,"data":"VRAM 2026/10/04 09:23:00.457, 0, 4341 MiB, 15360 MiB, 100 %\n"}
,{"stream_name":"stdout","time":2117.009887806,"data":"VRAM 2026/10/04 09:23:00.458, 1, 4355 MiB, 15360 MiB, 84 %\n"}
,{"stream_name":"stdout","time":2119.843546096,"data":"  round 1 client p026: {\"ce_t\": 0.3006, \"ce_s\": 0.3501, \"kl_t\": 0.2774, \"kl_s\": 0.2453, \"hid\": 2.6013, \"loss\": 7.3827, \"train_acc_t\": 0.9527, \"train_acc_s\": 0.9458, \"steps\": 750, \"teacher_test_acc\": 0.096, \"teacher_test_loss\": 3.7431, \"teacher_test_macro_f1\": 0.023, \"gpu\": 0, \"peak_alloc_gb\": 3.3104, \"peak_reserved_gb\": 4.0977}\n"}
,{"stream_name":"stdout","time":2177.019554208,"data":"VRAM 2026/10/04 09:24:00.468, 0, 4341 MiB, 15360 MiB, 78 %\n"}
,{"stream_name":"stdout","time":2177.020553419,"data":"VRAM 2026/10/04 09:24:00.471, 1, 4355 MiB, 15360 MiB, 4 %\n"}
,{"stream_name":"stdout","time":2177.549899852,"data":"  round 1 client p039: {\"ce_t\": 0.38, \"ce_s\": 0.4729, \"kl_t\": 0.3044, \"kl_s\": 0.2698, \"hid\": 4.2271, \"loss\": 9.82, \"train_acc_t\": 0.9333, \"train_acc_s\": 0.9057, \"steps\": 410, \"teacher_test_acc\": 0.18, \"teacher_test_loss\": 2.889, \"teacher_test_macro_f1\": 0.0844, \"gpu\": 1, \"peak_alloc_gb\": 3.3161, \"peak_reserved_gb\": 4.1133}\n"}
,{"stream_name":"stdout","time":2195.898947099,"data":"  round 1 client p041: {\"ce_t\": 0.3778, \"ce_s\": 0.4957, \"kl_t\": 0.3312, \"kl_s\": 0.283, \"hid\": 4.3413, \"loss\": 9.8051, \"train_acc_t\": 0.9339, \"train_acc_s\": 0.914, \"steps\": 380, \"teacher_test_acc\": 0.184, \"teacher_test_loss\": 2.348, \"teacher_test_macro_f1\": 0.1207, \"gpu\": 0, \"peak_alloc_gb\": 3.326, \"peak_reserved_gb\": 4.0977}\n"}
,{"stream_name":"stdout","time":2237.028587505,"data":"VRAM 2026/10/04 09:25:00.479, 0, 4341 MiB, 15360 MiB, 94 %\n"}
,{"stream_name":"stdout","time":2237.030604476,"data":"VRAM 2026/10/04 09:25:00.480, 1, 4355 MiB, 15360 MiB, 84 %\n"}
,{"stream_name":"stdout","time":2251.44198208,"data":"  round 1 client p042: {\"ce_t\": 0.3228, \"ce_s\": 0.3746, \"kl_t\": 0.2303, \"kl_s\": 0.2011, \"hid\": 4.288, \"loss\": 11.3892, \"train_acc_t\": 0.9459, \"train_acc_s\": 0.9364, \"steps\": 370, \"teacher_test_acc\": 0.218, \"teacher_test_loss\": 2.3442, \"teacher_test_macro_f1\": 0.1575, \"gpu\": 1, \"peak_alloc_gb\": 3.3371, \"peak_reserved_gb\": 4.1133}\n"}
,{"stream_name":"stdout","time":2284.96602539,"data":"  round 1 client p045: {\"ce_t\": 0.303, \"ce_s\": 0.4075, \"kl_t\": 0.2716, \"kl_s\": 0.234, \"hid\": 3.7429, \"loss\": 9.7658, \"train_acc_t\": 0.9552, \"train_acc_s\": 0.9326, \"steps\": 455, \"teacher_test_acc\": 0.133, \"teacher_test_loss\": 2.81, \"teacher_test_macro_f1\": 0.0491, \"gpu\": 0, \"peak_alloc_gb\": 3.3128, \"peak_reserved_gb\": 4.0977}\n"}
,{"stream_name":"stdout","time":2297.039771304,"data":"VRAM 2026/10/04 09:26:00.489, 0, 4341 MiB, 15360 MiB, 87 %\n"}
,{"stream_name":"stdout","time":2297.044508815,"data":"VRAM 2026/10/04 09:26:00.492, 1, 4355 MiB, 15360 MiB, 87 %\n"}
,{"stream_name":"stdout","time":2353.301326474,"data":"  round 1 client p047: {\"ce_t\": 0.324, \"ce_s\": 0.3947, \"kl_t\": 0.2666, \"kl_s\": 0.2403, \"hid\": 3.2969, \"loss\": 8.705, \"train_acc_t\": 0.9466, \"train_acc_s\": 0.9305, \"steps\": 525, \"teacher_test_acc\": 0.252, \"teacher_test_loss\": 2.3797, \"teacher_test_macro_f1\": 0.1733, \"gpu\": 1, \"peak_alloc_gb\": 3.3199, \"peak_reserved_gb\": 4.1133}\n"}
,{"stream_name":"stdout","time":2357.052661704,"data":"VRAM 2026/10/04 09:27:00.503, 0, 4349 MiB, 15360 MiB, 93 %\n"}
,{"stream_name":"stdout","time":2357.054383556,"data":"VRAM 2026/10/04 09:27:00.504, 1, 4355 MiB, 15360 MiB, 95 %\n"}
,{"stream_name":"stdout","time":2407.546182359,"data":"  round 1 client p049: {\"ce_t\": 0.2991, \"ce_s\": 0.3565, \"kl_t\": 0.2537, \"kl_s\": 0.2318, \"hid\": 2.9062, \"loss\": 8.4177, \"train_acc_t\": 0.9545, \"train_acc_s\": 0.9496, \"steps\": 635, \"teacher_test_acc\": 0.16, \"teacher_test_loss\": 2.8286, \"teacher_test_macro_f1\": 0.053, \"gpu\": 0, \"peak_alloc_gb\": 3.3224, \"peak_reserved_gb\": 4.1055}\n"}
,{"stream_name":"stdout","time":2417.067598714,"data":"VRAM 2026/10/04 09:28:00.512, 0, 4349 MiB, 15360 MiB, 91 %\n"}
,{"stream_name":"stdout","time":2417.067635056,"data":"VRAM 2026/10/04 09:28:00.514, 1, 4355 MiB, 15360 MiB, 89 %\n"}
,{"stream_name":"stdout","time":2449.767042699,"data":"  round 1 client p050: {\"ce_t\": 0.3437, \"ce_s\": 0.3974, \"kl_t\": 0.2573, \"kl_s\": 0.2336, \"hid\": 3.481, \"loss\": 8.8156, \"train_acc_t\": 0.9354, \"train_acc_s\": 0.9339, \"steps\": 495, \"teacher_test_acc\": 0.108, \"teacher_test_loss\": 3.7633, \"teacher_test_macro_f1\": 0.0258, \"gpu\": 1, \"peak_alloc_gb\": 3.3253, \"peak_reserved_gb\": 4.1133}\n"}
,{"stream_name":"stdout","time":2477.075894228,"data":"VRAM 2026/10/04 09:29:00.526, 0, 4349 MiB, 15360 MiB, 85 %\n"}
,{"stream_name":"stdout","time":2477.077959244,"data":"VRAM 2026/10/04 09:29:00.528, 1, 4357 MiB, 15360 MiB, 86 %\n"}
,{"stream_name":"stdout","time":2519.124958795,"data":"  round 1 client p051: {\"ce_t\": 0.3113, \"ce_s\": 0.3583, \"kl_t\": 0.2585, \"kl_s\": 0.2359, \"hid\": 2.8958, \"loss\": 8.3962, \"train_acc_t\": 0.9487, \"train_acc_s\": 0.9435, \"steps\": 575, \"teacher_test_acc\": 0.114, \"teacher_test_loss\": 2.8875, \"teacher_test_macro_f1\": 0.0386, \"gpu\": 0, \"peak_alloc_gb\": 3.3146, \"peak_reserved_gb\": 4.1055}\n"}
,{"stream_name":"stdout","time":2537.08715441,"data":"VRAM 2026/10/04 09:30:00.536, 0, 4349 MiB, 15360 MiB, 73 %\n"}
,{"stream_name":"stdout","time":2537.087205921,"data":"VRAM 2026/10/04 09:30:00.537, 1, 4357 MiB, 15360 MiB, 100 %\n"}
,{"stream_name":"stdout","time":2540.056462535,"data":"  round 1 client p052: {\"ce_t\": 0.3296, \"ce_s\": 0.3907, \"kl_t\": 0.2694, \"kl_s\": 0.2328, \"hid\": 3.6858, \"loss\": 9.6707, \"train_acc_t\": 0.9443, \"train_acc_s\": 0.9308, \"steps\": 465, \"teacher_test_acc\": 0.176, \"teacher_test_loss\": 2.5613, \"teacher_test_macro_f1\": 0.072, \"gpu\": 1, \"peak_alloc_gb\": 3.3175, \"peak_reserved_gb\": 4.1133}\n"}
,{"stream_name":"stdout","time":2597.095844264,"data":"VRAM 2026/10/04 09:31:00.546, 0, 4349 MiB, 15360 MiB, 80 %\n"}
,{"stream_name":"stdout","time":2597.097329746,"data":"VRAM 2026/10/04 09:31:00.548, 1, 4357 MiB, 15360 MiB, 81 %\n"}
,{"stream_name":"stdout","time":2616.032875928,"data":"  round 1 client p056: {\"ce_t\": 0.3216, \"ce_s\": 0.4097, \"kl_t\": 0.2894, \"kl_s\": 0.2532, \"hid\": 3.4514, \"loss\": 9.0212, \"train_acc_t\": 0.9537, \"train_acc_s\": 0.937, \"steps\": 500, \"teacher_test_acc\": 0.124, \"teacher_test_loss\": 2.6374, \"teacher_test_macro_f1\": 0.0702, \"gpu\": 0, \"peak_alloc_gb\": 3.3159, \"peak_reserved_gb\": 4.1055}\n"}
,{"stream_name":"stdout","time":2636.936458554,"data":"  round 1 client p061: {\"ce_t\": 0.4009, \"ce_s\": 0.4353, \"kl_t\": 0.2967, \"kl_s\": 0.267, \"hid\": 3.5741, \"loss\": 8.8134, \"train_acc_t\": 0.9226, \"train_acc_s\": 0.9244, \"steps\": 510, \"teacher_test_acc\": 0.239, \"teacher_test_loss\": 2.7365, \"teacher_test_macro_f1\": 0.2066, \"gpu\": 1, \"peak_alloc_gb\": 3.3124, \"peak_reserved_gb\": 4.1133}\n"}
,{"stream_name":"stdout","time":2643.655292729,"data":"ROUND 1/30: global student acc 0.0850 F1 0.0157 | mean teacher acc 0.1460 F1 0.0776 | 19.5 min\n"}
,{"stream_name":"stdout","time":2657.10644065,"data":"VRAM 2026/10/04 09:32:00.556, 0, 4359 MiB, 15360 MiB, 93 %\n"}
,{"stream_name":"stdout","time":2657.108267578,"data":"VRAM 2026/10/04 09:32:00.558, 1, 4357 MiB, 15360 MiB, 92 %\n"}
,{"stream_name":"stdout","time":2717.116950599,"data":"VRAM 2026/10/04 09:33:00.566, 0, 4359 MiB, 15360 MiB, 97 %\n"}
,{"stream_name":"stdout","time":2717.119294129,"data":"VRAM 2026/10/04 09:33:00.569, 1, 4357 MiB, 15360 MiB, 95 %\n"}
,{"stream_name":"stdout","time":2730.613798305,"data":"  round 2 client p002: {\"ce_t\": 0.1901, \"ce_s\": 0.3809, \"kl_t\": 0.2923, \"kl_s\": 0.2715, \"hid\": 0.5191, \"loss\": 4.0109, \"train_acc_t\": 0.9807, \"train_acc_s\": 0.9192, \"steps\": 455, \"teacher_test_acc\": 0.111, \"teacher_test_loss\": 3.1801, \"teacher_test_macro_f1\": 0.0351, \"gpu\": 0, \"peak_alloc_gb\": 3.3389, \"peak_reserved_gb\": 4.1055}\n"}
,{"stream_name":"stdout","time":2741.596423244,"data":"  round 2 client p012: {\"ce_t\": 0.1892, \"ce_s\": 0.4429, \"kl_t\": 0.3285, \"kl_s\": 0.3021, \"hid\": 0.5082, \"loss\": 3.9952, \"train_acc_t\": 0.983, \"train_acc_s\": 0.8848, \"steps\": 515, \"teacher_test_acc\": 0.15, \"teacher_test_loss\": 4.1173, \"teacher_test_macro_f1\": 0.0742, \"gpu\": 1, \"peak_alloc_gb\": 3.3394, \"peak_reserved_gb\": 4.1133}\n"}
,{"stream_name":"stdout","time":2777.128428145,"data":"VRAM 2026/10/04 09:34:00.577, 0, 4359 MiB, 15360 MiB, 88 %\n"}
,{"stream_name":"stdout","time":2777.128987541,"data":"VRAM 2026/10/04 09:34:00.579, 1, 4357 MiB, 15360 MiB, 90 %\n"}
,{"stream_name":"stdout","time":2836.70120583,"data":"  round 2 client p014: {\"ce_t\": 0.1667, \"ce_s\": 0.3315, \"kl_t\": 0.2432, \"kl_s\": 0.2113, \"hid\": 0.4276, \"loss\": 3.9262, \"train_acc_t\": 0.9826, \"train_acc_s\": 0.9189, \"steps\": 550, \"teacher_test_acc\": 0.079, \"teacher_test_loss\": 3.3058, \"teacher_test_macro_f1\": 0.0197, \"gpu\": 0, \"peak_alloc_gb\": 3.3269, \"peak_reserved_gb\": 4.1055}\n"}
,{"stream_name":"stdout","time":2837.136954446,"data":"VRAM 2026/10/04 09:35:00.588, 0, 4359 MiB, 15360 MiB, 0 %\n"}
,{"stream_name":"stdout","time":2837.138809927,"data":"VRAM 2026/10/04 09:35:00.589, 1, 4357 MiB, 15360 MiB, 91 %\n"}
,{"stream_name":"stdout","time":2848.285287818,"data":"  round 2 client p015: {\"ce_t\": 0.1595, \"ce_s\": 0.2998, \"kl_t\": 0.2199, \"kl_s\": 0.1978, \"hid\": 0.3938, \"loss\": 3.7724, \"train_acc_t\": 0.9824, \"train_acc_s\": 0.9321, \"steps\": 550, \"teacher_test_acc\": 0.13, \"teacher_test_loss\": 3.3307, \"teacher_test_macro_f1\": 0.0432, \"gpu\": 1, \"peak_alloc_gb\": 3.3187, \"peak_reserved_gb\": 4.1133}\n"}
,{"stream_name":"stdout","time":2897.148017124,"data":"VRAM 2026/10/04 09:36:00.597, 0, 4359 MiB, 15360 MiB, 94 %\n"}
,{"stream_name":"stdout","time":2897.149142773,"data":"VRAM 2026/10/04 09:36:00.599, 1, 4357 MiB, 15360 MiB, 84 %\n"}
,{"stream_name":"stdout","time":2957.157777573,"data":"VRAM 2026/10/04 09:37:00.607, 0, 4359 MiB, 15360 MiB, 87 %\n"}
,{"stream_name":"stdout","time":2957.159571241,"data":"VRAM 2026/10/04 09:37:00.610, 1, 4357 MiB, 15360 MiB, 87 %\n"}
,{"stream_name":"stdout","time":2966.848852094,"data":"  round 2 client p016: {\"ce_t\": 0.1214, \"ce_s\": 0.2124, \"kl_t\": 0.1683, \"kl_s\": 0.1566, \"hid\": 0.2851, \"loss\": 3.4602, \"train_acc_t\": 0.992, \"train_acc_s\": 0.9609, \"steps\": 675, \"teacher_test_acc\": 0.12, \"teacher_test_loss\": 3.6291, \"teacher_test_macro_f1\": 0.0618, \"gpu\": 0, \"peak_alloc_gb\": 3.3374, \"peak_reserved_gb\": 4.1055}\n"}
,{"stream_name":"stdout","time":2996.667740255,"data":"  round 2 client p021: {\"ce_t\": 0.1701, \"ce_s\": 0.2872, \"kl_t\": 0.2293, \"kl_s\": 0.2165, \"hid\": 0.3599, \"loss\": 3.3742, \"train_acc_t\": 0.9827, \"train_acc_s\": 0.9373, \"steps\": 775, \"teacher_test_acc\": 0.147, \"teacher_test_loss\": 2.5358, \"teacher_test_macro_f1\": 0.0818, \"gpu\": 1, \"peak_alloc_gb\": 3.3228, \"peak_reserved_gb\": 4.1133}\n"}
,{"stream_name":"stdout","time":3017.173369033,"data":"VRAM 2026/10/04 09:38:00.618, 0, 4359 MiB, 15360 MiB, 90 %\n"}
,{"stream_name":"stdout","time":3017.173686356,"data":"VRAM 2026/10/04 09:38:00.622, 1, 4357 MiB, 15360 MiB, 88 %\n"}
,{"stream_name":"stdout","time":3077.181829702,"data":"VRAM 2026/10/04 09:39:00.632, 0, 4359 MiB, 15360 MiB, 87 %\n"}
,{"stream_name":"stdout","time":3077.183384933,"data":"VRAM 2026/10/04 09:39:00.634, 1, 4357 MiB, 15360 MiB, 81 %\n"}
,{"stream_name":"stdout","time":3115.458534803,"data":"  round 2 client p022: {\"ce_t\": 0.1251, \"ce_s\": 0.255, \"kl_t\": 0.1896, \"kl_s\": 0.1685, \"hid\": 0.2777, \"loss\": 3.1565, \"train_acc_t\": 0.9945, \"train_acc_s\": 0.9483, \"steps\": 775, \"teacher_test_acc\": 0.142, \"teacher_test_loss\": 2.5592, \"teacher_test_macro_f1\": 0.079, \"gpu\": 0, \"peak_alloc_gb\": 3.3209, \"peak_reserved_gb\": 4.1055}\n"}
,{"stream_name":"stdout","time":3137.194178279,"data":"VRAM 2026/10/04 09:40:00.642, 0, 4359 MiB, 15360 MiB, 90 %\n"}
,{"stream_name":"stdout","time":3137.198738631,"data":"VRAM 2026/10/04 09:40:00.646, 1, 4357 MiB, 15360 MiB, 90 %\n"}
,{"stream_name":"stdout","time":3144.01792983,"data":"  round 2 client p024: {\"ce_t\": 0.1242, \"ce_s\": 0.2524, \"kl_t\": 0.1986, \"kl_s\": 0.181, \"hid\": 0.2944, \"loss\": 3.4114, \"train_acc_t\": 0.9912, \"train_acc_s\": 0.9515, \"steps\": 770, \"teacher_test_acc\": 0.104, \"teacher_test_loss\": 3.5947, \"teacher_test_macro_f1\": 0.0361, \"gpu\": 1, \"peak_alloc_gb\": 3.3154, \"peak_reserved_gb\": 4.1133}\n"}
,{"stream_name":"stdout","time":3197.206844814,"data":"VRAM 2026/10/04 09:41:00.657, 0, 4359 MiB, 15360 MiB, 89 %\n"}
,{"stream_name":"stdout","time":3197.20917273,"data":"VRAM 2026/10/04 09:41:00.659, 1, 4357 MiB, 15360 MiB, 91 %\n"}
,{"stream_name":"stdout","time":3247.547332236,"data":"  round 2 client p035: {\"ce_t\": 0.1485, \"ce_s\": 0.3338, \"kl_t\": 0.2345, \"kl_s\": 0.2151, \"hid\": 0.3891, \"loss\": 3.669, \"train_acc_t\": 0.9917, \"train_acc_s\": 0.9264, \"steps\": 530, \"teacher_test_acc\": 0.097, \"teacher_test_loss\": 2.8677, \"teacher_test_macro_f1\": 0.0455, \"gpu\": 1, \"peak_alloc_gb\": 3.3051, \"peak_reserved_gb\": 4.1133}\n"}
,{"stream_name":"stdout","time":3257.218572628,"data":"VRAM 2026/10/04 09:42:00.668, 0, 4359 MiB, 15360 MiB, 100 %\n"}
,{"stream_name":"stdout","time":3257.218856012,"data":"VRAM 2026/10/04 09:42:00.669, 1, 4357 MiB, 15360 MiB, 92 %\n"}
,{"stream_name":"stdout","time":3259.614437886,"data":"  round 2 client p026: {\"ce_t\": 0.1516, \"ce_s\": 0.3147, \"kl_t\": 0.224, \"kl_s\": 0.2122, \"hid\": 0.3195, \"loss\": 3.3268, \"train_acc_t\": 0.9861, \"train_acc_s\": 0.9249, \"steps\": 750, \"teacher_test_acc\": 0.094, \"teacher_test_loss\": 3.5044, \"teacher_test_macro_f1\": 0.021, \"gpu\": 0, \"peak_alloc_gb\": 3.3251, \"peak_reserved_gb\": 4.1055}\n"}
,{"stream_name":"stdout","time":3317.227276766,"data":"VRAM 2026/10/04 09:43:00.677, 0, 4359 MiB, 15360 MiB, 89 %\n"}
,{"stream_name":"stdout","time":3317.229118202,"data":"VRAM 2026/10/04 09:43:00.679, 1, 4357 MiB, 15360 MiB, 88 %\n"}
,{"stream_name":"stdout","time":3328.903911911,"data":"  round 2 client p039: {\"ce_t\": 0.2082, \"ce_s\": 0.4501, \"kl_t\": 0.3199, \"kl_s\": 0.2965, \"hid\": 0.5773, \"loss\": 4.1259, \"train_acc_t\": 0.9791, \"train_acc_s\": 0.8928, \"steps\": 410, \"teacher_test_acc\": 0.152, \"teacher_test_loss\": 4.8057, \"teacher_test_macro_f1\": 0.0983, \"gpu\": 1, \"peak_alloc_gb\": 3.3194, \"peak_reserved_gb\": 4.1133}\n"}
,{"stream_name":"stdout","time":3335.474104566,"data":"  round 2 client p041: {\"ce_t\": 0.2261, \"ce_s\": 0.5049, \"kl_t\": 0.3591, \"kl_s\": 0.3444, \"hid\": 0.6841, \"loss\": 4.3923, \"train_acc_t\": 0.9722, \"train_acc_s\": 0.8767, \"steps\": 380, \"teacher_test_acc\": 0.101, \"teacher_test_loss\": 3.0505, \"teacher_test_macro_f1\": 0.0393, \"gpu\": 0, \"peak_alloc_gb\": 3.3336, \"peak_reserved_gb\": 4.1055}\n"}
,{"stream_name":"stdout","time":3377.239026302,"data":"VRAM 2026/10/04 09:44:00.688, 0, 4359 MiB, 15360 MiB, 88 %\n"}
,{"stream_name":"stdout","time":3377.240467362,"data":"VRAM 2026/10/04 09:44:00.691, 1, 4357 MiB, 15360 MiB, 85 %\n"}
,{"stream_name":"stdout","time":3403.918647382,"data":"  round 2 client p042: {\"ce_t\": 0.1835, \"ce_s\": 0.4436, \"kl_t\": 0.308, \"kl_s\": 0.2996, \"hid\": 0.5785, \"loss\": 4.3444, \"train_acc_t\": 0.9854, \"train_acc_s\": 0.9046, \"steps\": 370, \"teacher_test_acc\": 0.213, \"teacher_test_loss\": 2.2841, \"teacher_test_macro_f1\": 0.1563, \"gpu\": 1, \"peak_alloc_gb\": 3.335, \"peak_reserved_gb\": 4.1133}\n"}
,{"stream_name":"stdout","time":3426.564465082,"data":"  round 2 client p045: {\"ce_t\": 0.1483, \"ce_s\": 0.3206, \"kl_t\": 0.2412, \"kl_s\": 0.2235, \"hid\": 0.454, \"loss\": 4.1237, \"train_acc_t\": 0.9906, \"train_acc_s\": 0.934, \"steps\": 455, \"teacher_test_acc\": 0.102, \"teacher_test_loss\": 3.2554, \"teacher_test_macro_f1\": 0.0455, \"gpu\": 0, \"peak_alloc_gb\": 3.3268, \"peak_reserved_gb\": 4.1055}\n"}
,{"stream_name":"stdout","time":3437.249388093,"data":"VRAM 2026/10/04 09:45:00.699, 0, 4359 MiB, 15360 MiB, 85 %\n"}
,{"stream_name":"stdout","time":3437.250961226,"data":"VRAM 2026/10/04 09:45:00.701, 1, 4357 MiB, 15360 MiB, 85 %\n"}
,{"stream_name":"stdout","time":3497.258843744,"data":"VRAM 2026/10/04 09:46:00.709, 0, 4363 MiB, 15360 MiB, 85 %\n"}
,{"stream_name":"stdout","time":3497.260354045,"data":"VRAM 2026/10/04 09:46:00.711, 1, 4357 MiB, 15360 MiB, 86 %\n"}
,{"stream_name":"stdout","time":3507.763904833,"data":"  round 2 client p047: {\"ce_t\": 0.1761, \"ce_s\": 0.3843, \"kl_t\": 0.279, \"kl_s\": 0.2623, \"hid\": 0.433, \"loss\": 3.7485, \"train_acc_t\": 0.9851, \"train_acc_s\": 0.9107, \"steps\": 525, \"teacher_test_acc\": 0.186, \"teacher_test_loss\": 2.6425, \"teacher_test_macro_f1\": 0.0819, \"gpu\": 1, \"peak_alloc_gb\": 3.3191, \"peak_reserved_gb\": 4.1133}\n"}
,{"stream_name":"stdout","time":3551.048457999,"data":"  round 2 client p049: {\"ce_t\": 0.1433, \"ce_s\": 0.2682, \"kl_t\": 0.2018, \"kl_s\": 0.1864, \"hid\": 0.3484, \"loss\": 3.655, \"train_acc_t\": 0.9899, \"train_acc_s\": 0.9472, \"steps\": 635, \"teacher_test_acc\": 0.123, \"teacher_test_loss\": 3.769, \"teacher_test_macro_f1\": 0.027, \"gpu\": 0, \"peak_alloc_gb\": 3.3373, \"peak_reserved_gb\": 4.1133}\n"}
,{"stream_name":"stdout","time":3557.268690118,"data":"VRAM 2026/10/04 09:47:00.718, 0, 4367 MiB, 15360 MiB, 86 %\n"}
,{"stream_name":"stdout","time":3557.270387183,"data":"VRAM 2026/10/04 09:47:00.720, 1, 4357 MiB, 15360 MiB, 84 %\n"}
,{"stream_name":"stdout","time":3606.27866206,"data":"  round 2 client p050: {\"ce_t\": 0.1852, \"ce_s\": 0.3947, \"kl_t\": 0.2802, \"kl_s\": 0.2693, \"hid\": 0.4764, \"loss\": 3.9545, \"train_acc_t\": 0.9828, \"train_acc_s\": 0.9066, \"steps\": 495, \"teacher_test_acc\": 0.106, \"teacher_test_loss\": 3.1972, \"teacher_test_macro_f1\": 0.0209, \"gpu\": 1, \"peak_alloc_gb\": 3.3225, \"peak_reserved_gb\": 4.1133}\n"}
,{"stream_name":"stdout","time":3617.28107064,"data":"VRAM 2026/10/04 09:48:00.729, 0, 4367 MiB, 15360 MiB, 87 %\n"}
,{"stream_name":"stdout","time":3617.283110569,"data":"VRAM 2026/10/04 09:48:00.733, 1, 4357 MiB, 15360 MiB, 89 %\n"}
,{"stream_name":"stdout","time":3664.549810868,"data":"  round 2 client p051: {\"ce_t\": 0.1736, \"ce_s\": 0.3417, \"kl_t\": 0.2465, \"kl_s\": 0.2369, \"hid\": 0.3709, \"loss\": 3.4446, \"train_acc_t\": 0.9822, \"train_acc_s\": 0.9224, \"steps\": 575, \"teacher_test_acc\": 0.164, \"teacher_test_loss\": 2.8998, \"teacher_test_macro_f1\": 0.0882, \"gpu\": 0, \"peak_alloc_gb\": 3.3257, \"peak_reserved_gb\": 4.1133}\n"}
,{"stream_name":"stdout","time":3677.290827192,"data":"VRAM 2026/10/04 09:49:00.741, 0, 4367 MiB, 15360 MiB, 92 %\n"}
,{"stream_name":"stdout","time":3677.294678258,"data":"VRAM 2026/10/04 09:49:00.743, 1, 4357 MiB, 15360 MiB, 91 %\n"}
,{"stream_name":"stdout","time":3698.716197296,"data":"  round 2 client p052: {\"ce_t\": 0.1817, \"ce_s\": 0.4746, \"kl_t\": 0.3363, \"kl_s\": 0.3106, \"hid\": 0.5052, \"loss\": 3.9487, \"train_acc_t\": 0.99, \"train_acc_s\": 0.8846, \"steps\": 465, \"teacher_test_acc\": 0.278, \"teacher_test_loss\": 2.1887, \"teacher_test_macro_f1\": 0.2166, \"gpu\": 1, \"peak_alloc_gb\": 3.3173, \"peak_reserved_gb\": 4.1133}\n"}
,{"stream_name":"stdout","time":3737.30346373,"data":"VRAM 2026/10/04 09:50:00.753, 0, 4367 MiB, 15360 MiB, 90 %\n"}
,{"stream_name":"stdout","time":3737.304788812,"data":"VRAM 2026/10/04 09:50:00.755, 1, 4357 MiB, 15360 MiB, 94 %\n"}
,{"stream_name":"stdout","time":3763.024650771,"data":"  round 2 client p056: {\"ce_t\": 0.1732, \"ce_s\": 0.3849, \"kl_t\": 0.2861, \"kl_s\": 0.2629, \"hid\": 0.461, \"loss\": 3.8895, \"train_acc_t\": 0.9884, \"train_acc_s\": 0.9086, \"steps\": 500, \"teacher_test_acc\": 0.158, \"teacher_test_loss\": 2.5649, \"teacher_test_macro_f1\": 0.0844, \"gpu\": 0, \"peak_alloc_gb\": 3.3265, \"peak_reserved_gb\": 4.1133}\n"}
,{"stream_name":"stdout","time":3796.90984642,"data":"  round 2 client p061: {\"ce_t\": 0.2016, \"ce_s\": 0.3853, \"kl_t\": 0.3081, \"kl_s\": 0.2803, \"hid\": 0.5024, \"loss\": 3.9221, \"train_acc_t\": 0.9807, \"train_acc_s\": 0.9192, \"steps\": 510, \"teacher_test_acc\": 0.257, \"teacher_test_loss\": 2.3896, \"teacher_test_macro_f1\": 0.2199, \"gpu\": 1, \"peak_alloc_gb\": 3.3131, \"peak_reserved_gb\": 4.1133}\n"}
,{"stream_name":"stdout","time":3797.313021253,"data":"VRAM 2026/10/04 09:51:00.763, 0, 4367 MiB, 15360 MiB, 0 %\n"}
,{"stream_name":"stdout","time":3797.314225561,"data":"VRAM 2026/10/04 09:51:00.765, 1, 4357 MiB, 15360 MiB, 0 %\n"}
,{"stream_name":"stdout","time":3803.666610112,"data":"ROUND 2/30: global student acc 0.1532 F1 0.1073 | mean teacher acc 0.1435 F1 0.0750 | 19.3 min\n"}
,{"stream_name":"stdout","time":3857.322918393,"data":"VRAM 2026/10/04 09:52:00.772, 0, 4367 MiB, 15360 MiB, 88 %\n"}
,{"stream_name":"stdout","time":3857.324805828,"data":"VRAM 2026/10/04 09:52:00.775, 1, 4357 MiB, 15360 MiB, 92 %\n"}
,{"stream_name":"stdout","time":3892.727971289,"data":"  round 3 client p002: {\"ce_t\": 0.1378, \"ce_s\": 0.3077, \"kl_t\": 0.2231, \"kl_s\": 0.2154, \"hid\": 0.2312, \"loss\": 3.0488, \"train_acc_t\": 0.9906, \"train_acc_s\": 0.9288, \"steps\": 455, \"teacher_test_acc\": 0.152, \"teacher_test_loss\": 2.8718, \"teacher_test_macro_f1\": 0.0674, \"gpu\": 0, \"peak_alloc_gb\": 3.3383, \"peak_reserved_gb\": 4.1133}\n"}
,{"stream_name":"stdout","time":3905.042999006,"data":"  round 3 client p012: {\"ce_t\": 0.1485, \"ce_s\": 0.3362, \"kl_t\": 0.2356, \"kl_s\": 0.2227, \"hid\": 0.225, \"loss\": 2.9341, \"train_acc_t\": 0.9871, \"train_acc_s\": 0.9169, \"steps\": 515, \"teacher_test_acc\": 0.113, \"teacher_test_loss\": 3.5155, \"teacher_test_macro_f1\": 0.0706, \"gpu\": 1, \"peak_alloc_gb\": 3.337, \"peak_reserved_gb\": 4.1133}\n"}
,{"stream_name":"stdout","time":3917.332536979,"data":"VRAM 2026/10/04 09:53:00.783, 0, 4367 MiB, 15360 MiB, 84 %\n"}
,{"stream_name":"stdout","time":3917.333830389,"data":"VRAM 2026/10/04 09:53:00.784, 1, 4357 MiB, 15360 MiB, 81 %\n"}
,{"stream_name":"stdout","time":3977.343968681,"data":"VRAM 2026/10/04 09:54:00.792, 0, 4367 MiB, 15360 MiB, 89 %\n"}
,{"stream_name":"stdout","time":3977.344014899,"data":"VRAM 2026/10/04 09:54:00.793, 1, 4357 MiB, 15360 MiB, 88 %\n"}
,{"stream_name":"stdout","time":3999.581093011,"data":"  round 3 client p014: {\"ce_t\": 0.1303, \"ce_s\": 0.2254, \"kl_t\": 0.1509, \"kl_s\": 0.1408, \"hid\": 0.1833, \"loss\": 2.7243, \"train_acc_t\": 0.9836, \"train_acc_s\": 0.95, \"steps\": 550, \"teacher_test_acc\": 0.128, \"teacher_test_loss\": 3.5122, \"teacher_test_macro_f1\": 0.0785, \"gpu\": 0, \"peak_alloc_gb\": 3.3262, \"peak_reserved_gb\": 4.1133}\n"}
,{"stream_name":"stdout","time":4011.887260432,"data":"  round 3 client p015: {\"ce_t\": 0.1213, \"ce_s\": 0.209, \"kl_t\": 0.1542, \"kl_s\": 0.14, \"hid\": 0.1729, \"loss\": 2.6816, \"train_acc_t\": 0.9879, \"train_acc_s\": 0.9575, \"steps\": 550, \"teacher_test_acc\": 0.117, \"teacher_test_loss\": 3.1014, \"teacher_test_macro_f1\": 0.0383, \"gpu\": 1, \"peak_alloc_gb\": 3.3268, \"peak_reserved_gb\": 4.1133}\n"}
,{"stream_name":"stdout","time":4037.353624834,"data":"VRAM 2026/10/04 09:55:00.803, 0, 4367 MiB, 15360 MiB, 91 %\n"}
,{"stream_name":"stdout","time":4037.35882822,"data":"VRAM 2026/10/04 09:55:00.806, 1, 4357 MiB, 15360 MiB, 91 %\n"}
,{"stream_name":"stdout","time":4097.369306381,"data":"VRAM 2026/10/04 09:56:00.817, 0, 4367 MiB, 15360 MiB, 96 %\n"}
,{"stream_name":"stdout","time":4097.370434653,"data":"VRAM 2026/10/04 09:56:00.819, 1, 4357 MiB, 15360 MiB, 95 %\n"}
,{"stream_name":"stdout","time":4129.067057542,"data":"  round 3 client p016: {\"ce_t\": 0.0864, \"ce_s\": 0.145, \"kl_t\": 0.1099, \"kl_s\": 0.0949, \"hid\": 0.119, \"loss\": 2.2885, \"train_acc_t\": 0.9955, \"train_acc_s\": 0.9777, \"steps\": 675, \"teacher_test_acc\": 0.122, \"teacher_test_loss\": 4.5535, \"teacher_test_macro_f1\": 0.0569, \"gpu\": 0, \"peak_alloc_gb\": 3.3303, \"peak_reserved_gb\": 4.1133}\n"}
,{"stream_name":"stdout","time":4157.377412156,"data":"VRAM 2026/10/04 09:57:00.827, 0, 4367 MiB, 15360 MiB, 97 %\n"}
,{"stream_name":"stdout","time":4157.379401141,"data":"VRAM 2026/10/04 09:57:00.829, 1, 4357 MiB, 15360 MiB, 100 %\n"}
,{"stream_name":"stdout","time":4159.426151336,"data":"  round 3 client p021: {\"ce_t\": 0.1172, \"ce_s\": 0.2028, \"kl_t\": 0.1441, \"kl_s\": 0.1299, \"hid\": 0.1399, \"loss\": 2.2493, \"train_acc_t\": 0.9911, \"train_acc_s\": 0.9538, \"steps\": 775, \"teacher_test_acc\": 0.171, \"teacher_test_loss\": 3.3511, \"teacher_test_macro_f1\": 0.105, \"gpu\": 1, \"peak_alloc_gb\": 3.3267, \"peak_reserved_gb\": 4.1133}\n"}
,{"stream_name":"stdout","time":4217.389618445,"data":"VRAM 2026/10/04 09:58:00.838, 0, 4367 MiB, 15360 MiB, 91 %\n"}
,{"stream_name":"stdout","time":4217.390038322,"data":"VRAM 2026/10/04 09:58:00.840, 1, 4357 MiB, 15360 MiB, 89 %\n"}
,{"stream_name":"stdout","time":4276.886915631,"data":"  round 3 client p022: {\"ce_t\": 0.0963, \"ce_s\": 0.1901, \"kl_t\": 0.1408, \"kl_s\": 0.1291, \"hid\": 0.1284, \"loss\": 2.3167, \"train_acc_t\": 0.9938, \"train_acc_s\": 0.9577, \"steps\": 775, \"teacher_test_acc\": 0.111, \"teacher_test_loss\": 2.8666, \"teacher_test_macro_f1\": 0.0643, \"gpu\": 0, \"peak_alloc_gb\": 3.3219, \"peak_reserved_gb\": 4.1133}\n"}
,{"stream_name":"stdout","time":4277.398148566,"data":"VRAM 2026/10/04 09:59:00.849, 0, 4367 MiB, 15360 MiB, 0 %\n"}
,{"stream_name":"stdout","time":4277.399916684,"data":"VRAM 2026/10/04 09:59:00.850, 1, 4357 MiB, 15360 MiB, 96 %\n"}
,{"stream_name":"stdout","time":4306.521900902,"data":"  round 3 client p024: {\"ce_t\": 0.0916, \"ce_s\": 0.1616, \"kl_t\": 0.1149, \"kl_s\": 0.1055, \"hid\": 0.1153, \"loss\": 2.2459, \"train_acc_t\": 0.9927, \"train_acc_s\": 0.968, \"steps\": 770, \"teacher_test_acc\": 0.096, \"teacher_test_loss\": 3.0964, \"teacher_test_macro_f1\": 0.0489, \"gpu\": 1, \"peak_alloc_gb\": 3.3196, \"peak_reserved_gb\": 4.1133}\n"}
,{"stream_name":"stdout","time":4337.409463054,"data":"VRAM 2026/10/04 10:00:00.858, 0, 4367 MiB, 15360 MiB, 83 %\n"}
,{"stream_name":"stdout","time":4337.410371293,"data":"VRAM 2026/10/04 10:00:00.860, 1, 4357 MiB, 15360 MiB, 86 %\n"}
,{"stream_name":"stdout","time":4397.418500168,"data":"VRAM 2026/10/04 10:01:00.868, 0, 4367 MiB, 15360 MiB, 89 %\n"}
,{"stream_name":"stdout","time":4397.420479784,"data":"VRAM 2026/10/04 10:01:00.870, 1, 4357 MiB, 15360 MiB, 86 %\n"}
,{"stream_name":"stdout","time":4409.361421424,"data":"  round 3 client p035: {\"ce_t\": 0.1211, \"ce_s\": 0.2622, \"kl_t\": 0.181, \"kl_s\": 0.1694, \"hid\": 0.182, \"loss\": 2.6261, \"train_acc_t\": 0.9927, \"train_acc_s\": 0.9394, \"steps\": 530, \"teacher_test_acc\": 0.144, \"teacher_test_loss\": 2.7969, \"teacher_test_macro_f1\": 0.0775, \"gpu\": 1, \"peak_alloc_gb\": 3.3034, \"peak_reserved_gb\": 4.1133}\n"}
,{"stream_name":"stdout","time":4421.087753608,"data":"  round 3 client p026: {\"ce_t\": 0.1118, \"ce_s\": 0.2126, \"kl_t\": 0.1399, \"kl_s\": 0.1313, \"hid\": 0.139, \"loss\": 2.3095, \"train_acc_t\": 0.9941, \"train_acc_s\": 0.9533, \"steps\": 750, \"teacher_test_acc\": 0.094, \"teacher_test_loss\": 3.6587, \"teacher_test_macro_f1\": 0.0208, \"gpu\": 0, \"peak_alloc_gb\": 3.3239, \"peak_reserved_gb\": 4.1133}\n"}
,{"stream_name":"stdout","time":4457.42832403,"data":"VRAM 2026/10/04 10:02:00.878, 0, 4367 MiB, 15360 MiB, 89 %\n"}
,{"stream_name":"stdout","time":4457.429953949,"data":"VRAM 2026/10/04 10:02:00.880, 1, 4357 MiB, 15360 MiB, 90 %\n"}
,{"stream_name":"stdout","time":4491.09350577,"data":"  round 3 client p039: {\"ce_t\": 0.1612, \"ce_s\": 0.3028, \"kl_t\": 0.234, \"kl_s\": 0.2197, \"hid\": 0.2676, \"loss\": 3.1349, \"train_acc_t\": 0.9862, \"train_acc_s\": 0.9349, \"steps\": 410, \"teacher_test_acc\": 0.128, \"teacher_test_loss\": 3.9794, \"teacher_test_macro_f1\": 0.06, \"gpu\": 1, \"peak_alloc_gb\": 3.3208, \"peak_reserved_gb\": 4.1133}\n"}
,{"stream_name":"stdout","time":4497.501389543,"data":"  round 3 client p041: {\"ce_t\": 0.1649, \"ce_s\": 0.3532, \"kl_t\": 0.2553, \"kl_s\": 0.234, \"hid\": 0.2959, \"loss\": 3.3557, \"train_acc_t\": 0.9808, \"train_acc_s\": 0.9124, \"steps\": 380, \"teacher_test_acc\": 0.159, \"teacher_test_loss\": 2.5866, \"teacher_test_macro_f1\": 0.1272, \"gpu\": 0, \"peak_alloc_gb\": 3.3351, \"peak_reserved_gb\": 4.1133}\n"}
,{"stream_name":"stdout","time":4517.439206231,"data":"VRAM 2026/10/04 10:03:00.888, 0, 4367 MiB, 15360 MiB, 87 %\n"}
,{"stream_name":"stdout","time":4517.441095883,"data":"VRAM 2026/10/04 10:03:00.891, 1, 4357 MiB, 15360 MiB, 87 %\n"}
,{"stream_name":"stdout","time":4566.039451821,"data":"  round 3 client p042: {\"ce_t\": 0.1284, \"ce_s\": 0.3051, \"kl_t\": 0.2147, \"kl_s\": 0.1952, \"hid\": 0.2422, \"loss\": 3.0732, \"train_acc_t\": 0.9929, \"train_acc_s\": 0.9279, \"steps\": 370, \"teacher_test_acc\": 0.185, \"teacher_test_loss\": 2.5266, \"teacher_test_macro_f1\": 0.136, \"gpu\": 1, \"peak_alloc_gb\": 3.3309, \"peak_reserved_gb\": 4.1133}\n"}
,{"stream_name":"stdout","time":4577.449156182,"data":"VRAM 2026/10/04 10:04:00.899, 0, 4367 MiB, 15360 MiB, 83 %\n"}
,{"stream_name":"stdout","time":4577.450614608,"data":"VRAM 2026/10/04 10:04:00.901, 1, 4357 MiB, 15360 MiB, 88 %\n"}
,{"stream_name":"stdout","time":4587.770603472,"data":"  round 3 client p045: {\"ce_t\": 0.1309, \"ce_s\": 0.2529, \"kl_t\": 0.1873, \"kl_s\": 0.1785, \"hid\": 0.2034, \"loss\": 2.8948, \"train_acc_t\": 0.9903, \"train_acc_s\": 0.95, \"steps\": 455, \"teacher_test_acc\": 0.126, \"teacher_test_loss\": 2.6858, \"teacher_test_macro_f1\": 0.0613, \"gpu\": 0, \"peak_alloc_gb\": 3.3235, \"peak_reserved_gb\": 4.1133}\n"}
,{"stream_name":"stdout","time":4637.458284361,"data":"VRAM 2026/10/04 10:05:00.908, 0, 4367 MiB, 15360 MiB, 83 %\n"}
,{"stream_name":"stdout","time":4637.459821917,"data":"VRAM 2026/10/04 10:05:00.910, 1, 4357 MiB, 15360 MiB, 82 %\n"}
,{"stream_name":"stdout","time":4669.451857744,"data":"  round 3 client p047: {\"ce_t\": 0.142, \"ce_s\": 0.2741, \"kl_t\": 0.1854, \"kl_s\": 0.1737, \"hid\": 0.1929, \"loss\": 2.6746, \"train_acc_t\": 0.9875, \"train_acc_s\": 0.9305, \"steps\": 525, \"teacher_test_acc\": 0.145, \"teacher_test_loss\": 2.6458, \"teacher_test_macro_f1\": 0.0573, \"gpu\": 1, \"peak_alloc_gb\": 3.314, \"peak_reserved_gb\": 4.1133}\n"}
,{"stream_name":"stdout","time":4697.467187207,"data":"VRAM 2026/10/04 10:06:00.918, 0, 4367 MiB, 15360 MiB, 92 %\n"}
,{"stream_name":"stdout","time":4697.46905401,"data":"VRAM 2026/10/04 10:06:00.919, 1, 4357 MiB, 15360 MiB, 90 %\n"}
,{"stream_name":"stdout","time":4711.480761617,"data":"  round 3 client p049: {\"ce_t\": 0.1213, \"ce_s\": 0.2216, \"kl_t\": 0.1539, \"kl_s\": 0.1424, \"hid\": 0.148, \"loss\": 2.4516, \"train_acc_t\": 0.9854, \"train_acc_s\": 0.9509, \"steps\": 635, \"teacher_test_acc\": 0.128, \"teacher_test_loss\": 3.584, \"teacher_test_macro_f1\": 0.0333, \"gpu\": 0, \"peak_alloc_gb\": 3.3281, \"peak_reserved_gb\": 4.1133}\n"}
,{"stream_name":"stdout","time":4757.478135969,"data":"VRAM 2026/10/04 10:07:00.927, 0, 4367 MiB, 15360 MiB, 88 %\n"}
,{"stream_name":"stdout","time":4757.48082585,"data":"VRAM 2026/10/04 10:07:00.930, 1, 4357 MiB, 15360 MiB, 88 %\n"}
,{"stream_name":"stdout","time":4767.555109174,"data":"  round 3 client p050: {\"ce_t\": 0.1527, \"ce_s\": 0.342, \"kl_t\": 0.2345, \"kl_s\": 0.2194, \"hid\": 0.2325, \"loss\": 2.8308, \"train_acc_t\": 0.9838, \"train_acc_s\": 0.9142, \"steps\": 495, \"teacher_test_acc\": 0.105, \"teacher_test_loss\": 3.5944, \"teacher_test_macro_f1\": 0.019, \"gpu\": 1, \"peak_alloc_gb\": 3.3263, \"peak_reserved_gb\": 4.1133}\n"}
,{"stream_name":"stdout","time":4817.488593279,"data":"VRAM 2026/10/04 10:08:00.939, 0, 4367 MiB, 15360 MiB, 90 %\n"}
,{"stream_name":"stdout","time":4817.490323002,"data":"VRAM 2026/10/04 10:08:00.940, 1, 4357 MiB, 15360 MiB, 90 %\n"}
,{"stream_name":"stdout","time":4824.405968672,"data":"  round 3 client p051: {\"ce_t\": 0.12, \"ce_s\": 0.2356, \"kl_t\": 0.1595, \"kl_s\": 0.1476, \"hid\": 0.1632, \"loss\": 2.5074, \"train_acc_t\": 0.9909, \"train_acc_s\": 0.9465, \"steps\": 575, \"teacher_test_acc\": 0.084, \"teacher_test_loss\": 3.3954, \"teacher_test_macro_f1\": 0.0307, \"gpu\": 0, \"peak_alloc_gb\": 3.3226, \"peak_reserved_gb\": 4.1133}\n"}
,{"stream_name":"stdout","time":4858.70478617,"data":"  round 3 client p052: {\"ce_t\": 0.1517, \"ce_s\": 0.353, \"kl_t\": 0.2274, \"kl_s\": 0.214, \"hid\": 0.2187, \"loss\": 2.7969, \"train_acc_t\": 0.9903, \"train_acc_s\": 0.9014, \"steps\": 465, \"teacher_test_acc\": 0.286, \"teacher_test_loss\": 2.1651, \"teacher_test_macro_f1\": 0.1985, \"gpu\": 1, \"peak_alloc_gb\": 3.3133, \"peak_reserved_gb\": 4.1133}\n"}
,{"stream_name":"stdout","time":4877.499377661,"data":"VRAM 2026/10/04 10:09:00.949, 0, 4367 MiB, 15360 MiB, 88 %\n"}
,{"stream_name":"stdout","time":4877.501721993,"data":"VRAM 2026/10/04 10:09:00.951, 1, 4357 MiB, 15360 MiB, 85 %\n"}
,{"stream_name":"stdout","time":4922.46942159,"data":"  round 3 client p056: {\"ce_t\": 0.1286, \"ce_s\": 0.3134, \"kl_t\": 0.2169, \"kl_s\": 0.2019, \"hid\": 0.2187, \"loss\": 2.8732, \"train_acc_t\": 0.9937, \"train_acc_s\": 0.9224, \"steps\": 500, \"teacher_test_acc\": 0.188, \"teacher_test_loss\": 2.7194, \"teacher_test_macro_f1\": 0.099, \"gpu\": 0, \"peak_alloc_gb\": 3.3279, \"peak_reserved_gb\": 4.1133}\n"}
,{"stream_name":"stdout","time":4937.509654792,"data":"VRAM 2026/10/04 10:10:00.960, 0, 4367 MiB, 15360 MiB, 0 %\n"}
,{"stream_name":"stdout","time":4937.512219017,"data":"VRAM 2026/10/04 10:10:00.961, 1, 4357 MiB, 15360 MiB, 96 %\n"}
,{"stream_name":"stdout","time":4956.80713879,"data":"  round 3 client p061: {\"ce_t\": 0.1381, \"ce_s\": 0.2752, \"kl_t\": 0.2032, \"kl_s\": 0.187, \"hid\": 0.2174, \"loss\": 2.8529, \"train_acc_t\": 0.9906, \"train_acc_s\": 0.9414, \"steps\": 510, \"teacher_test_acc\": 0.234, \"teacher_test_loss\": 2.5893, \"teacher_test_macro_f1\": 0.1633, \"gpu\": 1, \"peak_alloc_gb\": 3.3061, \"peak_reserved_gb\": 4.1133}\n"}
,{"stream_name":"stdout","time":4963.524972514,"data":"ROUND 3/30: global student acc 0.1676 F1 0.1194 | mean teacher acc 0.1436 F1 0.0769 | 19.3 min\n"}
,{"stream_name":"stdout","time":4997.520703662,"data":"VRAM 2026/10/04 10:11:00.971, 0, 4367 MiB, 15360 MiB, 88 %\n"}
,{"stream_name":"stdout","time":4997.522881896,"data":"VRAM 2026/10/04 10:11:00.972, 1, 4357 MiB, 15360 MiB, 95 %\n"}
,{"stream_name":"stdout","time":5053.165402136,"data":"  round 4 client p002: {\"ce_t\": 0.0977, \"ce_s\": 0.1803, \"kl_t\": 0.1465, \"kl_s\": 0.1265, \"hid\": 0.1215, \"loss\": 2.4742, \"train_acc_t\": 0.9939, \"train_acc_s\": 0.9666, \"steps\": 455, \"teacher_test_acc\": 0.104, \"teacher_test_loss\": 3.2951, \"teacher_test_macro_f1\": 0.0312, \"gpu\": 0, \"peak_alloc_gb\": 3.3315, \"peak_reserved_gb\": 4.1133}\n"}
,{"stream_name":"stdout","time":5057.530985201,"data":"VRAM 2026/10/04 10:12:00.981, 0, 4367 MiB, 15360 MiB, 87 %\n"}
,{"stream_name":"stdout","time":5057.533061591,"data":"VRAM 2026/10/04 10:12:00.983, 1, 4357 MiB, 15360 MiB, 94 %\n"}
,{"stream_name":"stdout","time":5065.842469195,"data":"  round 4 client p012: {\"ce_t\": 0.1182, \"ce_s\": 0.2429, \"kl_t\": 0.1805, \"kl_s\": 0.1616, \"hid\": 0.1229, \"loss\": 2.2639, \"train_acc_t\": 0.9944, \"train_acc_s\": 0.9422, \"steps\": 515, \"teacher_test_acc\": 0.086, \"teacher_test_loss\": 4.8297, \"teacher_test_macro_f1\": 0.0351, \"gpu\": 1, \"peak_alloc_gb\": 3.3288, \"peak_reserved_gb\": 4.1133}\n"}
,{"stream_name":"stdout","time":5117.544451417,"data":"VRAM 2026/10/04 10:13:00.992, 0, 4367 MiB, 15360 MiB, 86 %\n"}
,{"stream_name":"stdout","time":5117.544496487,"data":"VRAM 2026/10/04 10:13:00.994, 1, 4357 MiB, 15360 MiB, 91 %\n"}
,{"stream_name":"stdout","time":5159.657027066,"data":"  round 4 client p014: {\"ce_t\": 0.1035, \"ce_s\": 0.1685, \"kl_t\": 0.1139, \"kl_s\": 0.1005, \"hid\": 0.1002, \"loss\": 2.1309, \"train_acc_t\": 0.9911, \"train_acc_s\": 0.9605, \"steps\": 550, \"teacher_test_acc\": 0.089, \"teacher_test_loss\": 3.4334, \"teacher_test_macro_f1\": 0.0235, \"gpu\": 0, \"peak_alloc_gb\": 3.3259, \"peak_reserved_gb\": 4.1133}\n"}
,{"stream_name":"stdout","time":5172.260033709,"data":"  round 4 client p015: {\"ce_t\": 0.0868, \"ce_s\": 0.1355, \"kl_t\": 0.1025, \"kl_s\": 0.0865, \"hid\": 0.0914, \"loss\": 2.0549, \"train_acc_t\": 0.9927, \"train_acc_s\": 0.9762, \"steps\": 550, \"teacher_test_acc\": 0.09, \"teacher_test_loss\": 3.7852, \"teacher_test_macro_f1\": 0.0328, \"gpu\": 1, \"peak_alloc_gb\": 3.3237, \"peak_reserved_gb\": 4.1133}\n"}
,{"stream_name":"stdout","time":5177.553776259,"data":"VRAM 2026/10/04 10:14:01.002, 0, 4367 MiB, 15360 MiB, 88 %\n"}
,{"stream_name":"stdout","time":5177.553824625,"data":"VRAM 2026/10/04 10:14:01.004, 1, 4357 MiB, 15360 MiB, 94 %\n"}
,{"stream_name":"stdout","time":5237.562639672,"data":"VRAM 2026/10/04 10:15:01.012, 0, 4367 MiB, 15360 MiB, 85 %\n"}
,{"stream_name":"stdout","time":5237.564426749,"data":"VRAM 2026/10/04 10:15:01.014, 1, 4357 MiB, 15360 MiB, 92 %\n"}
,{"stream_name":"stdout","time":5290.019410313,"data":"  round 4 client p016: {\"ce_t\": 0.0778, \"ce_s\": 0.1083, \"kl_t\": 0.0739, \"kl_s\": 0.069, \"hid\": 0.0668, \"loss\": 1.7925, \"train_acc_t\": 0.9937, \"train_acc_s\": 0.984, \"steps\": 675, \"teacher_test_acc\": 0.104, \"teacher_test_loss\": 5.123, \"teacher_test_macro_f1\": 0.0298, \"gpu\": 0, \"peak_alloc_gb\": 3.3384, \"peak_reserved_gb\": 4.1133}\n"}
,{"stream_name":"stdout","time":5297.573236665,"data":"VRAM 2026/10/04 10:16:01.023, 0, 4367 MiB, 15360 MiB, 85 %\n"}
,{"stream_name":"stdout","time":5297.574708986,"data":"VRAM 2026/10/04 10:16:01.025, 1, 4357 MiB, 15360 MiB, 82 %\n"}
,{"stream_name":"stdout","time":5320.623130632,"data":"  round 4 client p021: {\"ce_t\": 0.0955, \"ce_s\": 0.1574, \"kl_t\": 0.109, \"kl_s\": 0.0989, \"hid\": 0.0768, \"loss\": 1.7815, \"train_acc_t\": 0.993, \"train_acc_s\": 0.9641, \"steps\": 775, \"teacher_test_acc\": 0.175, \"teacher_test_loss\": 3.684, \"teacher_test_macro_f1\": 0.1087, \"gpu\": 1, \"peak_alloc_gb\": 3.3264, \"peak_reserved_gb\": 4.1133}\n"}
,{"stream_name":"stdout","time":5357.582289762,"data":"VRAM 2026/10/04 10:17:01.032, 0, 4367 MiB, 15360 MiB, 86 %\n"}
,{"stream_name":"stdout","time":5357.584178372,"data":"VRAM 2026/10/04 10:17:01.034, 1, 4357 MiB, 15360 MiB, 88 %\n"}
,{"stream_name":"stdout","time":5417.592386305,"data":"VRAM 2026/10/04 10:18:01.042, 0, 4367 MiB, 15360 MiB, 92 %\n"}
,{"stream_name":"stdout","time":5417.593741995,"data":"VRAM 2026/10/04 10:18:01.044, 1, 4357 MiB, 15360 MiB, 90 %\n"}
,{"stream_name":"stdout","time":5438.71327117,"data":"  round 4 client p022: {\"ce_t\": 0.0776, \"ce_s\": 0.1329, \"kl_t\": 0.0883, \"kl_s\": 0.0756, \"hid\": 0.0639, \"loss\": 1.7051, \"train_acc_t\": 0.9959, \"train_acc_s\": 0.968, \"steps\": 775, \"teacher_test_acc\": 0.148, \"teacher_test_loss\": 3.4999, \"teacher_test_macro_f1\": 0.0936, \"gpu\": 0, \"peak_alloc_gb\": 3.3152, \"peak_reserved_gb\": 4.1133}\n"}
,{"stream_name":"stdout","time":5468.563019835,"data":"  round 4 client p024: {\"ce_t\": 0.0727, \"ce_s\": 0.1321, \"kl_t\": 0.0937, \"kl_s\": 0.0788, \"hid\": 0.0631, \"loss\": 1.7554, \"train_acc_t\": 0.9964, \"train_acc_s\": 0.9718, \"steps\": 770, \"teacher_test_acc\": 0.119, \"teacher_test_loss\": 3.0521, \"teacher_test_macro_f1\": 0.0538, \"gpu\": 1, \"peak_alloc_gb\": 3.3226, \"peak_reserved_gb\": 4.1133}\n"}
,{"stream_name":"stdout","time":5477.601275578,"data":"VRAM 2026/10/04 10:19:01.052, 0, 4367 MiB, 15360 MiB, 84 %\n"}
,{"stream_name":"stdout","time":5477.602667094,"data":"VRAM 2026/10/04 10:19:01.053, 1, 4357 MiB, 15360 MiB, 87 %\n"}
,{"stream_name":"stdout","time":5537.611315977,"data":"VRAM 2026/10/04 10:20:01.061, 0, 4367 MiB, 15360 MiB, 90 %\n"}
,{"stream_name":"stdout","time":5537.613159822,"data":"VRAM 2026/10/04 10:20:01.063, 1, 4357 MiB, 15360 MiB, 86 %\n"}
,{"stream_name":"stdout","time":5572.270222806,"data":"  round 4 client p035: {\"ce_t\": 0.1042, \"ce_s\": 0.1844, \"kl_t\": 0.1328, \"kl_s\": 0.1214, \"hid\": 0.106, \"loss\": 2.1395, \"train_acc_t\": 0.9906, \"train_acc_s\": 0.9578, \"steps\": 530, \"teacher_test_acc\": 0.112, \"teacher_test_loss\": 2.5609, \"teacher_test_macro_f1\": 0.0582, \"gpu\": 1, \"peak_alloc_gb\": 3.3156, \"peak_reserved_gb\": 4.1133}\n"}
,{"stream_name":"stdout","time":5583.306414538,"data":"  round 4 client p026: {\"ce_t\": 0.0968, \"ce_s\": 0.1645, \"kl_t\": 0.1081, \"kl_s\": 0.1, \"hid\": 0.0829, \"loss\": 1.8523, \"train_acc_t\": 0.9946, \"train_acc_s\": 0.9677, \"steps\": 750, \"teacher_test_acc\": 0.096, \"teacher_test_loss\": 3.5366, \"teacher_test_macro_f1\": 0.0246, \"gpu\": 0, \"peak_alloc_gb\": 3.3257, \"peak_reserved_gb\": 4.1133}\n"}
,{"stream_name":"stdout","time":5597.621099034,"data":"VRAM 2026/10/04 10:21:01.071, 0, 4367 MiB, 15360 MiB, 90 %\n"}
,{"stream_name":"stdout","time":5597.623013236,"data":"VRAM 2026/10/04 10:21:01.073, 1, 4357 MiB, 15360 MiB, 89 %\n"}
,{"stream_name":"stdout","time":5654.261654688,"data":"  round 4 client p039: {\"ce_t\": 0.1456, \"ce_s\": 0.2287, \"kl_t\": 0.1914, \"kl_s\": 0.1734, \"hid\": 0.1577, \"loss\": 2.6284, \"train_acc_t\": 0.9837, \"train_acc_s\": 0.9472, \"steps\": 410, \"teacher_test_acc\": 0.128, \"teacher_test_loss\": 3.9788, \"teacher_test_macro_f1\": 0.0566, \"gpu\": 1, \"peak_alloc_gb\": 3.3228, \"peak_reserved_gb\": 4.1133}\n"}
,{"stream_name":"stdout","time":5657.634965586,"data":"VRAM 2026/10/04 10:22:01.082, 0, 4367 MiB, 15360 MiB, 100 %\n"}
,{"stream_name":"stdout","time":5657.635006094,"data":"VRAM 2026/10/04 10:22:01.083, 1, 4357 MiB, 15360 MiB, 82 %\n"}
,{"stream_name":"stdout","time":5660.125987558,"data":"  round 4 client p041: {\"ce_t\": 0.1235, \"ce_s\": 0.2177, \"kl_t\": 0.1562, \"kl_s\": 0.1444, \"hid\": 0.156, \"loss\": 2.6164, \"train_acc_t\": 0.9884, \"train_acc_s\": 0.9464, \"steps\": 380, \"teacher_test_acc\": 0.144, \"teacher_test_loss\": 2.4519, \"teacher_test_macro_f1\": 0.117, \"gpu\": 0, \"peak_alloc_gb\": 3.3391, \"peak_reserved_gb\": 4.1133}\n"}
,{"stream_name":"stdout","time":5717.643255416,"data":"VRAM 2026/10/04 10:23:01.093, 0, 4367 MiB, 15360 MiB, 86 %\n"}
,{"stream_name":"stdout","time":5717.644776551,"data":"VRAM 2026/10/04 10:23:01.095, 1, 4357 MiB, 15360 MiB, 92 %\n"}
,{"stream_name":"stdout","time":5729.168545888,"data":"  round 4 client p042: {\"ce_t\": 0.0988, \"ce_s\": 0.1782, \"kl_t\": 0.1277, \"kl_s\": 0.1142, \"hid\": 0.1233, \"loss\": 2.3498, \"train_acc_t\": 0.9929, \"train_acc_s\": 0.9601, \"steps\": 370, \"teacher_test_acc\": 0.136, \"teacher_test_loss\": 2.3255, \"teacher_test_macro_f1\": 0.074, \"gpu\": 1, \"peak_alloc_gb\": 3.3251, \"peak_reserved_gb\": 4.1133}\n"}
,{"stream_name":"stdout","time":5750.467847098,"data":"  round 4 client p045: {\"ce_t\": 0.0927, \"ce_s\": 0.1611, \"kl_t\": 0.127, \"kl_s\": 0.1084, \"hid\": 0.1036, \"loss\": 2.2248, \"train_acc_t\": 0.9936, \"train_acc_s\": 0.9646, \"steps\": 455, \"teacher_test_acc\": 0.113, \"teacher_test_loss\": 2.7924, \"teacher_test_macro_f1\": 0.0325, \"gpu\": 0, \"peak_alloc_gb\": 3.3201, \"peak_reserved_gb\": 4.1133}\n"}
,{"stream_name":"stdout","time":5777.65295975,"data":"VRAM 2026/10/04 10:24:01.103, 0, 4367 MiB, 15360 MiB, 88 %\n"}
,{"stream_name":"stdout","time":5777.654849356,"data":"VRAM 2026/10/04 10:24:01.105, 1, 4357 MiB, 15360 MiB, 83 %\n"}
,{"stream_name":"stdout","time":5832.222922615,"data":"  round 4 client p047: {\"ce_t\": 0.119, \"ce_s\": 0.2254, \"kl_t\": 0.1523, \"kl_s\": 0.1387, \"hid\": 0.1093, \"loss\": 2.1442, \"train_acc_t\": 0.9902, \"train_acc_s\": 0.9375, \"steps\": 525, \"teacher_test_acc\": 0.155, \"teacher_test_loss\": 2.6824, \"teacher_test_macro_f1\": 0.0541, \"gpu\": 1, \"peak_alloc_gb\": 3.3242, \"peak_reserved_gb\": 4.1133}\n"}
,{"stream_name":"stdout","time":5837.663865601,"data":"VRAM 2026/10/04 10:25:01.113, 0, 4367 MiB, 15360 MiB, 96 %\n"}
,{"stream_name":"stdout","time":5837.665796621,"data":"VRAM 2026/10/04 10:25:01.116, 1, 4357 MiB, 15360 MiB, 92 %\n"}
,{"stream_name":"stdout","time":5874.959698193,"data":"  round 4 client p049: {\"ce_t\": 0.0879, \"ce_s\": 0.1325, \"kl_t\": 0.1092, \"kl_s\": 0.0919, \"hid\": 0.0776, \"loss\": 1.9153, \"train_acc_t\": 0.9941, \"train_acc_s\": 0.9753, \"steps\": 635, \"teacher_test_acc\": 0.123, \"teacher_test_loss\": 4.0912, \"teacher_test_macro_f1\": 0.0236, \"gpu\": 0, \"peak_alloc_gb\": 3.3378, \"peak_reserved_gb\": 4.1133}\n"}
,{"stream_name":"stdout","time":5897.676117588,"data":"VRAM 2026/10/04 10:26:01.124, 0, 4367 MiB, 15360 MiB, 96 %\n"}
,{"stream_name":"stdout","time":5897.679410039,"data":"VRAM 2026/10/04 10:26:01.128, 1, 4357 MiB, 15360 MiB, 91 %\n"}
,{"stream_name":"stdout","time":5931.173903873,"data":"  round 4 client p050: {\"ce_t\": 0.1172, \"ce_s\": 0.2469, \"kl_t\": 0.1757, \"kl_s\": 0.1589, \"hid\": 0.1231, \"loss\": 2.2428, \"train_acc_t\": 0.9906, \"train_acc_s\": 0.94, \"steps\": 495, \"teacher_test_acc\": 0.105, \"teacher_test_loss\": 3.3537, \"teacher_test_macro_f1\": 0.0191, \"gpu\": 1, \"peak_alloc_gb\": 3.3295, \"peak_reserved_gb\": 4.1133}\n"}
,{"stream_name":"stdout","time":5957.689445007,"data":"VRAM 2026/10/04 10:27:01.138, 0, 4367 MiB, 15360 MiB, 92 %\n"}
,{"stream_name":"stdout","time":5957.693036831,"data":"VRAM 2026/10/04 10:27:01.141, 1, 4357 MiB, 15360 MiB, 89 %\n"}
,{"stream_name":"stdout","time":5988.942147659,"data":"  round 4 client p051: {\"ce_t\": 0.1132, \"ce_s\": 0.2106, \"kl_t\": 0.1426, \"kl_s\": 0.1264, \"hid\": 0.101, \"loss\": 2.0613, \"train_acc_t\": 0.9887, \"train_acc_s\": 0.9504, \"steps\": 575, \"teacher_test_acc\": 0.122, \"teacher_test_loss\": 2.8362, \"teacher_test_macro_f1\": 0.0691, \"gpu\": 0, \"peak_alloc_gb\": 3.3226, \"peak_reserved_gb\": 4.1133}\n"}
,{"stream_name":"stdout","time":6017.701266117,"data":"VRAM 2026/10/04 10:28:01.151, 0, 4367 MiB, 15360 MiB, 88 %\n"}
,{"stream_name":"stdout","time":6017.703161466,"data":"VRAM 2026/10/04 10:28:01.153, 1, 4357 MiB, 15360 MiB, 82 %\n"}
,{"stream_name":"stdout","time":6024.932018867,"data":"  round 4 client p052: {\"ce_t\": 0.1042, \"ce_s\": 0.2121, \"kl_t\": 0.1476, \"kl_s\": 0.1295, \"hid\": 0.1094, \"loss\": 2.1875, \"train_acc_t\": 0.9941, \"train_acc_s\": 0.9473, \"steps\": 465, \"teacher_test_acc\": 0.255, \"teacher_test_loss\": 2.3847, \"teacher_test_macro_f1\": 0.169, \"gpu\": 1, \"peak_alloc_gb\": 3.3104, \"peak_reserved_gb\": 4.1133}\n"}
,{"stream_name":"stdout","time":6077.714230014,"data":"VRAM 2026/10/04 10:29:01.162, 0, 4367 MiB, 15360 MiB, 90 %\n"}
,{"stream_name":"stdout","time":6077.719423418,"data":"VRAM 2026/10/04 10:29:01.166, 1, 4357 MiB, 15360 MiB, 75 %\n"}
,{"stream_name":"stdout","time":6090.297723543,"data":"  round 4 client p056: {\"ce_t\": 0.1173, \"ce_s\": 0.2425, \"kl_t\": 0.1752, \"kl_s\": 0.1556, \"hid\": 0.1221, \"loss\": 2.2077, \"train_acc_t\": 0.9929, \"train_acc_s\": 0.9353, \"steps\": 500, \"teacher_test_acc\": 0.171, \"teacher_test_loss\": 2.5246, \"teacher_test_macro_f1\": 0.0736, \"gpu\": 0, \"peak_alloc_gb\": 3.3245, \"peak_reserved_gb\": 4.1133}\n"}
,{"stream_name":"stdout","time":6124.690219568,"data":"  round 4 client p061: {\"ce_t\": 0.1222, \"ce_s\": 0.2019, \"kl_t\": 0.1551, \"kl_s\": 0.1385, \"hid\": 0.1201, \"loss\": 2.222, \"train_acc_t\": 0.9916, \"train_acc_s\": 0.9513, \"steps\": 510, \"teacher_test_acc\": 0.313, \"teacher_test_loss\": 2.4669, \"teacher_test_macro_f1\": 0.2122, \"gpu\": 1, \"peak_alloc_gb\": 3.3185, \"peak_reserved_gb\": 4.1133}\n"}
,{"stream_name":"stdout","time":6131.541933922,"data":"ROUND 4/30: global student acc 0.2791 F1 0.2625 | mean teacher acc 0.1375 F1 0.0663 | 19.5 min\n"}
,{"stream_name":"stdout","time":6137.728000142,"data":"VRAM 2026/10/04 10:30:01.177, 0, 4367 MiB, 15360 MiB, 87 %\n"}
,{"stream_name":"stdout","time":6137.729251915,"data":"VRAM 2026/10/04 10:30:01.180, 1, 4357 MiB, 15360 MiB, 89 %\n"}
,{"stream_name":"stdout","time":6197.739644317,"data":"VRAM 2026/10/04 10:31:01.188, 0, 4367 MiB, 15360 MiB, 89 %\n"}
,{"stream_name":"stdout","time":6197.741056082,"data":"VRAM 2026/10/04 10:31:01.190, 1, 4357 MiB, 15360 MiB, 90 %\n"}
,{"stream_name":"stdout","time":6222.181436129,"data":"  round 5 client p002: {\"ce_t\": 0.0759, \"ce_s\": 0.1365, \"kl_t\": 0.0984, \"kl_s\": 0.087, \"hid\": 0.0789, \"loss\": 1.9881, \"train_acc_t\": 0.9964, \"train_acc_s\": 0.9752, \"steps\": 455, \"teacher_test_acc\": 0.15, \"teacher_test_loss\": 2.9659, \"teacher_test_macro_f1\": 0.0847, \"gpu\": 0, \"peak_alloc_gb\": 3.3392, \"peak_reserved_gb\": 4.1133}\n"}
,{"stream_name":"stdout","time":6233.215062484,"data":"  round 5 client p012: {\"ce_t\": 0.1234, \"ce_s\": 0.2111, \"kl_t\": 0.1672, \"kl_s\": 0.1425, \"hid\": 0.0842, \"loss\": 1.8503, \"train_acc_t\": 0.99, \"train_acc_s\": 0.9461, \"steps\": 515, \"teacher_test_acc\": 0.116, \"teacher_test_loss\": 4.7678, \"teacher_test_macro_f1\": 0.0695, \"gpu\": 1, \"peak_alloc_gb\": 3.3268, \"peak_reserved_gb\": 4.1133}\n"}
,{"stream_name":"stdout","time":6257.749652054,"data":"VRAM 2026/10/04 10:32:01.200, 0, 4367 MiB, 15360 MiB, 88 %\n"}
,{"stream_name":"stdout","time":6257.751380418,"data":"VRAM 2026/10/04 10:32:01.201, 1, 4357 MiB, 15360 MiB, 89 %\n"}
,{"stream_name":"stdout","time":6317.759393623,"data":"VRAM 2026/10/04 10:33:01.210, 0, 4367 MiB, 15360 MiB, 84 %\n"}
,{"stream_name":"stdout","time":6317.761099639,"data":"VRAM 2026/10/04 10:33:01.211, 1, 4357 MiB, 15360 MiB, 83 %\n"}
,{"stream_name":"stdout","time":6330.351369171,"data":"  round 5 client p014: {\"ce_t\": 0.0891, \"ce_s\": 0.1455, \"kl_t\": 0.1135, \"kl_s\": 0.0885, \"hid\": 0.0665, \"loss\": 1.7653, \"train_acc_t\": 0.9932, \"train_acc_s\": 0.9653, \"steps\": 550, \"teacher_test_acc\": 0.106, \"teacher_test_loss\": 3.6262, \"teacher_test_macro_f1\": 0.0494, \"gpu\": 0, \"peak_alloc_gb\": 3.3293, \"peak_reserved_gb\": 4.1133}\n"}
,{"stream_name":"stdout","time":6341.508367329,"data":"  round 5 client p015: {\"ce_t\": 0.071, \"ce_s\": 0.0993, \"kl_t\": 0.0749, \"kl_s\": 0.0642, \"hid\": 0.0582, \"loss\": 1.7094, \"train_acc_t\": 0.9941, \"train_acc_s\": 0.9831, \"steps\": 550, \"teacher_test_acc\": 0.121, \"teacher_test_loss\": 3.4247, \"teacher_test_macro_f1\": 0.0294, \"gpu\": 1, \"peak_alloc_gb\": 3.3209, \"peak_reserved_gb\": 4.1133}\n"}
,{"stream_name":"stdout","time":6377.769143727,"data":"VRAM 2026/10/04 10:34:01.219, 0, 4367 MiB, 15360 MiB, 94 %\n"}
,{"stream_name":"stdout","time":6377.770641222,"data":"VRAM 2026/10/04 10:34:01.221, 1, 4357 MiB, 15360 MiB, 94 %\n"}
,{"stream_name":"stdout","time":6437.779462347,"data":"VRAM 2026/10/04 10:35:01.229, 0, 4367 MiB, 15360 MiB, 89 %\n"}
,{"stream_name":"stdout","time":6437.781063468,"data":"VRAM 2026/10/04 10:35:01.231, 1, 4357 MiB, 15360 MiB, 88 %\n"}
,{"stream_name":"stdout","time":6461.406607581,"data":"  round 5 client p016: {\"ce_t\": 0.061, \"ce_s\": 0.086, \"kl_t\": 0.0671, \"kl_s\": 0.0538, \"hid\": 0.0416, \"loss\": 1.4657, \"train_acc_t\": 0.9944, \"train_acc_s\": 0.9844, \"steps\": 675, \"teacher_test_acc\": 0.134, \"teacher_test_loss\": 4.3802, \"teacher_test_macro_f1\": 0.0611, \"gpu\": 0, \"peak_alloc_gb\": 3.3321, \"peak_reserved_gb\": 4.1133}\n"}
,{"stream_name":"stdout","time":6490.187312034,"data":"  round 5 client p021: {\"ce_t\": 0.0753, \"ce_s\": 0.1255, \"kl_t\": 0.0854, \"kl_s\": 0.0749, \"hid\": 0.0526, \"loss\": 1.5189, \"train_acc_t\": 0.9966, \"train_acc_s\": 0.977, \"steps\": 775, \"teacher_test_acc\": 0.165, \"teacher_test_loss\": 3.8791, \"teacher_test_macro_f1\": 0.1072, \"gpu\": 1, \"peak_alloc_gb\": 3.3257, \"peak_reserved_gb\": 4.1133}\n"}
,{"stream_name":"stdout","time":6497.791643365,"data":"VRAM 2026/10/04 10:36:01.240, 0, 4367 MiB, 15360 MiB, 90 %\n"}
,{"stream_name":"stdout","time":6497.794207874,"data":"VRAM 2026/10/04 10:36:01.243, 1, 4357 MiB, 15360 MiB, 90 %\n"}
,{"stream_name":"stdout","time":6557.804657848,"data":"VRAM 2026/10/04 10:37:01.253, 0, 4367 MiB, 15360 MiB, 83 %\n"}
,{"stream_name":"stdout","time":6557.808321977,"data":"VRAM 2026/10/04 10:37:01.256, 1, 4357 MiB, 15360 MiB, 84 %\n"}
,{"stream_name":"stdout","time":6612.359236324,"data":"  round 5 client p022: {\"ce_t\": 0.0611, \"ce_s\": 0.0923, \"kl_t\": 0.0661, \"kl_s\": 0.0554, \"hid\": 0.0438, \"loss\": 1.4854, \"train_acc_t\": 0.9968, \"train_acc_s\": 0.9817, \"steps\": 775, \"teacher_test_acc\": 0.131, \"teacher_test_loss\": 3.4908, \"teacher_test_macro_f1\": 0.0587, \"gpu\": 0, \"peak_alloc_gb\": 3.3196, \"peak_reserved_gb\": 4.1133}\n"}
,{"stream_name":"stdout","time":6617.816685554,"data":"VRAM 2026/10/04 10:38:01.267, 0, 4367 MiB, 15360 MiB, 80 %\n"}
,{"stream_name":"stdout","time":6617.820425957,"data":"VRAM 2026/10/04 10:38:01.268, 1, 4357 MiB, 15360 MiB, 85 %\n"}
,{"stream_name":"stdout","time":6640.199882232,"data":"  round 5 client p024: {\"ce_t\": 0.0675, \"ce_s\": 0.0979, \"kl_t\": 0.0824, \"kl_s\": 0.0778, \"hid\": 0.0467, \"loss\": 1.5886, \"train_acc_t\": 0.9946, \"train_acc_s\": 0.9822, \"steps\": 770, \"teacher_test_acc\": 0.131, \"teacher_test_loss\": 3.5908, \"teacher_test_macro_f1\": 0.051, \"gpu\": 1, \"peak_alloc_gb\": 3.3164, \"peak_reserved_gb\": 4.1133}\n"}
,{"stream_name":"stdout","time":6677.830089326,"data":"VRAM 2026/10/04 10:39:01.278, 0, 4367 MiB, 15360 MiB, 83 %\n"}
,{"stream_name":"stdout","time":6677.83307564,"data":"VRAM 2026/10/04 10:39:01.282, 1, 4357 MiB, 15360 MiB, 83 %\n"}
,{"stream_name":"stdout","time":6737.843622332,"data":"VRAM 2026/10/04 10:40:01.292, 0, 4367 MiB, 15360 MiB, 86 %\n"}
,{"stream_name":"stdout","time":6737.846647574,"data":"VRAM 2026/10/04 10:40:01.294, 1, 4357 MiB, 15360 MiB, 85 %\n"}
,{"stream_name":"stdout","time":6745.656863097,"data":"  round 5 client p035: {\"ce_t\": 0.079, \"ce_s\": 0.1295, \"kl_t\": 0.0938, \"kl_s\": 0.0797, \"hid\": 0.0611, \"loss\": 1.6997, \"train_acc_t\": 0.996, \"train_acc_s\": 0.9743, \"steps\": 530, \"teacher_test_acc\": 0.088, \"teacher_test_loss\": 2.7637, \"teacher_test_macro_f1\": 0.0482, \"gpu\": 1, \"peak_alloc_gb\": 3.3086, \"peak_reserved_gb\": 4.1133}\n"}
,{"stream_name":"stdout","time":6760.058951284,"data":"  round 5 client p026: {\"ce_t\": 0.0875, \"ce_s\": 0.1505, \"kl_t\": 0.1009, \"kl_s\": 0.0912, \"hid\": 0.0588, \"loss\": 1.6157, \"train_acc_t\": 0.9945, \"train_acc_s\": 0.9677, \"steps\": 750, \"teacher_test_acc\": 0.096, \"teacher_test_loss\": 4.3979, \"teacher_test_macro_f1\": 0.0231, \"gpu\": 0, \"peak_alloc_gb\": 3.3226, \"peak_reserved_gb\": 4.1133}\n"}
,{"stream_name":"stdout","time":6797.855070069,"data":"VRAM 2026/10/04 10:41:01.305, 0, 4367 MiB, 15360 MiB, 90 %\n"}
,{"stream_name":"stdout","time":6797.857729237,"data":"VRAM 2026/10/04 10:41:01.307, 1, 4357 MiB, 15360 MiB, 86 %\n"}
,{"stream_name":"stdout","time":6829.177303948,"data":"  round 5 client p039: {\"ce_t\": 0.1246, \"ce_s\": 0.1729, \"kl_t\": 0.1389, \"kl_s\": 0.1286, \"hid\": 0.102, \"loss\": 2.102, \"train_acc_t\": 0.9856, \"train_acc_s\": 0.9637, \"steps\": 410, \"teacher_test_acc\": 0.101, \"teacher_test_loss\": 2.8414, \"teacher_test_macro_f1\": 0.0613, \"gpu\": 1, \"peak_alloc_gb\": 3.3188, \"peak_reserved_gb\": 4.1133}\n"}
,{"stream_name":"stdout","time":6837.953299629,"data":"  round 5 client p041: {\"ce_t\": 0.1002, \"ce_s\": 0.1609, \"kl_t\": 0.1244, \"kl_s\": 0.1102, \"hid\": 0.0975, \"loss\": 2.0945, \"train_acc_t\": 0.9921, \"train_acc_s\": 0.9633, \"steps\": 380, \"teacher_test_acc\": 0.163, \"teacher_test_loss\": 2.4572, \"teacher_test_macro_f1\": 0.1075, \"gpu\": 0, \"peak_alloc_gb\": 3.3362, \"peak_reserved_gb\": 4.1133}\n"}
,{"stream_name":"stdout","time":6857.866528114,"data":"VRAM 2026/10/04 10:42:01.316, 0, 4367 MiB, 15360 MiB, 86 %\n"}
,{"stream_name":"stdout","time":6857.868140576,"data":"VRAM 2026/10/04 10:42:01.318, 1, 4357 MiB, 15360 MiB, 89 %\n"}
,{"stream_name":"stdout","time":6904.787840797,"data":"  round 5 client p042: {\"ce_t\": 0.0834, \"ce_s\": 0.1314, \"kl_t\": 0.1077, \"kl_s\": 0.0899, \"hid\": 0.0762, \"loss\": 1.8327, \"train_acc_t\": 0.9939, \"train_acc_s\": 0.9716, \"steps\": 370, \"teacher_test_acc\": 0.21, \"teacher_test_loss\": 2.3836, \"teacher_test_macro_f1\": 0.1403, \"gpu\": 1, \"peak_alloc_gb\": 3.3297, \"peak_reserved_gb\": 4.1133}\n"}
,{"stream_name":"stdout","time":6917.876566501,"data":"VRAM 2026/10/04 10:43:01.326, 0, 4367 MiB, 15360 MiB, 89 %\n"}
,{"stream_name":"stdout","time":6917.881233775,"data":"VRAM 2026/10/04 10:43:01.328, 1, 4357 MiB, 15360 MiB, 89 %\n"}
,{"stream_name":"stdout","time":6929.55927935,"data":"  round 5 client p045: {\"ce_t\": 0.0749, \"ce_s\": 0.1204, \"kl_t\": 0.0966, \"kl_s\": 0.0797, \"hid\": 0.0658, \"loss\": 1.8074, \"train_acc_t\": 0.9961, \"train_acc_s\": 0.9793, \"steps\": 455, \"teacher_test_acc\": 0.113, \"teacher_test_loss\": 3.1835, \"teacher_test_macro_f1\": 0.0332, \"gpu\": 0, \"peak_alloc_gb\": 3.3226, \"peak_reserved_gb\": 4.1133}\n"}
,{"stream_name":"stdout","time":6977.889983345,"data":"VRAM 2026/10/04 10:44:01.339, 0, 4367 MiB, 15360 MiB, 91 %\n"}
,{"stream_name":"stdout","time":6977.89183112,"data":"VRAM 2026/10/04 10:44:01.342, 1, 4357 MiB, 15360 MiB, 94 %\n"}
,{"stream_name":"stdout","time":7009.549780082,"data":"  round 5 client p047: {\"ce_t\": 0.1064, \"ce_s\": 0.1823, \"kl_t\": 0.1293, \"kl_s\": 0.1202, \"hid\": 0.0716, \"loss\": 1.7825, \"train_acc_t\": 0.9899, \"train_acc_s\": 0.9543, \"steps\": 525, \"teacher_test_acc\": 0.162, \"teacher_test_loss\": 2.7443, \"teacher_test_macro_f1\": 0.0741, \"gpu\": 1, \"peak_alloc_gb\": 3.3201, \"peak_reserved_gb\": 4.1133}\n"}
,{"stream_name":"stdout","time":7037.899218185,"data":"VRAM 2026/10/04 10:45:01.350, 0, 4367 MiB, 15360 MiB, 80 %\n"}
,{"stream_name":"stdout","time":7037.901289061,"data":"VRAM 2026/10/04 10:45:01.351, 1, 4357 MiB, 15360 MiB, 83 %\n"}
,{"stream_name":"stdout","time":7055.485508523,"data":"  round 5 client p049: {\"ce_t\": 0.0767, \"ce_s\": 0.109, \"kl_t\": 0.0919, \"kl_s\": 0.0767, \"hid\": 0.0557, \"loss\": 1.6676, \"train_acc_t\": 0.9962, \"train_acc_s\": 0.982, \"steps\": 635, \"teacher_test_acc\": 0.126, \"teacher_test_loss\": 4.0917, \"teacher_test_macro_f1\": 0.0311, \"gpu\": 0, \"peak_alloc_gb\": 3.3291, \"peak_reserved_gb\": 4.1133}\n"}
,{"stream_name":"stdout","time":7097.909769683,"data":"VRAM 2026/10/04 10:46:01.360, 0, 4367 MiB, 15360 MiB, 85 %\n"}
,{"stream_name":"stdout","time":7097.911404613,"data":"VRAM 2026/10/04 10:46:01.361, 1, 4357 MiB, 15360 MiB, 88 %\n"}
,{"stream_name":"stdout","time":7108.971318737,"data":"  round 5 client p050: {\"ce_t\": 0.1032, \"ce_s\": 0.2124, \"kl_t\": 0.1478, \"kl_s\": 0.1327, \"hid\": 0.0836, \"loss\": 1.8804, \"train_acc_t\": 0.9927, \"train_acc_s\": 0.9532, \"steps\": 495, \"teacher_test_acc\": 0.105, \"teacher_test_loss\": 3.6779, \"teacher_test_macro_f1\": 0.019, \"gpu\": 1, \"peak_alloc_gb\": 3.3261, \"peak_reserved_gb\": 4.1133}\n"}
,{"stream_name":"stdout","time":7157.920258117,"data":"VRAM 2026/10/04 10:47:01.370, 0, 4367 MiB, 15360 MiB, 87 %\n"}
,{"stream_name":"stdout","time":7157.921755313,"data":"VRAM 2026/10/04 10:47:01.372, 1, 4357 MiB, 15360 MiB, 83 %\n"}
,{"stream_name":"stdout","time":7170.026610361,"data":"  round 5 client p051: {\"ce_t\": 0.0904, \"ce_s\": 0.1533, \"kl_t\": 0.1141, \"kl_s\": 0.0973, \"hid\": 0.0638, \"loss\": 1.7133, \"train_acc_t\": 0.9924, \"train_acc_s\": 0.9659, \"steps\": 575, \"teacher_test_acc\": 0.137, \"teacher_test_loss\": 2.6638, \"teacher_test_macro_f1\": 0.0674, \"gpu\": 0, \"peak_alloc_gb\": 3.3131, \"peak_reserved_gb\": 4.1133}\n"}
,{"stream_name":"stdout","time":7203.140415146,"data":"  round 5 client p052: {\"ce_t\": 0.0908, \"ce_s\": 0.1558, \"kl_t\": 0.1123, \"kl_s\": 0.0994, \"hid\": 0.0728, \"loss\": 1.7982, \"train_acc_t\": 0.993, \"train_acc_s\": 0.9659, \"steps\": 465, \"teacher_test_acc\": 0.296, \"teacher_test_loss\": 2.145, \"teacher_test_macro_f1\": 0.203, \"gpu\": 1, \"peak_alloc_gb\": 3.3137, \"peak_reserved_gb\": 4.1133}\n"}
,{"stream_name":"stdout","time":7217.92960244,"data":"VRAM 2026/10/04 10:48:01.379, 0, 4367 MiB, 15360 MiB, 88 %\n"}
,{"stream_name":"stdout","time":7217.931829017,"data":"VRAM 2026/10/04 10:48:01.381, 1, 4357 MiB, 15360 MiB, 78 %\n"}
,{"stream_name":"stdout","time":7271.210930827,"data":"  round 5 client p056: {\"ce_t\": 0.0978, \"ce_s\": 0.1774, \"kl_t\": 0.1265, \"kl_s\": 0.1079, \"hid\": 0.0745, \"loss\": 1.7508, \"train_acc_t\": 0.994, \"train_acc_s\": 0.9516, \"steps\": 500, \"teacher_test_acc\": 0.199, \"teacher_test_loss\": 2.7453, \"teacher_test_macro_f1\": 0.1273, \"gpu\": 0, \"peak_alloc_gb\": 3.3298, \"peak_reserved_gb\": 4.1133}\n"}
,{"stream_name":"stdout","time":7277.94024863,"data":"VRAM 2026/10/04 10:49:01.391, 0, 4367 MiB, 15360 MiB, 0 %\n"}
,{"stream_name":"stdout","time":7277.942553296,"data":"VRAM 2026/10/04 10:49:01.392, 1, 4357 MiB, 15360 MiB, 94 %\n"}
,{"stream_name":"stdout","time":7303.375042693,"data":"  round 5 client p061: {\"ce_t\": 0.1007, \"ce_s\": 0.1667, \"kl_t\": 0.1272, \"kl_s\": 0.114, \"hid\": 0.0813, \"loss\": 1.89, \"train_acc_t\": 0.9933, \"train_acc_s\": 0.9644, \"steps\": 510, \"teacher_test_acc\": 0.271, \"teacher_test_loss\": 2.7297, \"teacher_test_macro_f1\": 0.1932, \"gpu\": 1, \"peak_alloc_gb\": 3.3112, \"peak_reserved_gb\": 4.1133}\n"}
,{"stream_name":"stdout","time":7310.381731829,"data":"ROUND 5/30: global student acc 0.3146 F1 0.2987 | mean teacher acc 0.1486 F1 0.0781 | 19.6 min\n"}
,{"stream_name":"stdout","time":7337.951198184,"data":"VRAM 2026/10/04 10:50:01.400, 0, 4367 MiB, 15360 MiB, 91 %\n"}
,{"stream_name":"stdout","time":7337.953272951,"data":"VRAM 2026/10/04 10:50:01.403, 1, 4357 MiB, 15360 MiB, 90 %\n"}
,{"stream_name":"stdout","time":7397.961798041,"data":"VRAM 2026/10/04 10:51:01.412, 0, 4367 MiB, 15360 MiB, 100 %\n"}
,{"stream_name":"stdout","time":7397.963484777,"data":"VRAM 2026/10/04 10:51:01.414, 1, 4357 MiB, 15360 MiB, 93 %\n"}
,{"stream_name":"stdout","time":7399.632301974,"data":"  round 6 client p002: {\"ce_t\": 0.0806, \"ce_s\": 0.1204, \"kl_t\": 0.1011, \"kl_s\": 0.0891, \"hid\": 0.0604, \"loss\": 1.7634, \"train_acc_t\": 0.9945, \"train_acc_s\": 0.9763, \"steps\": 455, \"teacher_test_acc\": 0.109, \"teacher_test_loss\": 3.3339, \"teacher_test_macro_f1\": 0.0673, \"gpu\": 0, \"peak_alloc_gb\": 3.3315, \"peak_reserved_gb\": 4.1133}\n"}
,{"stream_name":"stdout","time":7412.796465785,"data":"  round 6 client p012: {\"ce_t\": 0.111, \"ce_s\": 0.2064, \"kl_t\": 0.1618, \"kl_s\": 0.1413, \"hid\": 0.0721, \"loss\": 1.7385, \"train_acc_t\": 0.991, \"train_acc_s\": 0.9541, \"steps\": 515, \"teacher_test_acc\": 0.134, \"teacher_test_loss\": 3.354, \"teacher_test_macro_f1\": 0.0823, \"gpu\": 1, \"peak_alloc_gb\": 3.3355, \"peak_reserved_gb\": 4.1133}\n"}
,{"stream_name":"stdout","time":7457.971333936,"data":"VRAM 2026/10/04 10:52:01.422, 0, 4367 MiB, 15360 MiB, 88 %\n"}
,{"stream_name":"stdout","time":7457.973275519,"data":"VRAM 2026/10/04 10:52:01.423, 1, 4357 MiB, 15360 MiB, 84 %\n"}
,{"stream_name":"stdout","time":7507.332852965,"data":"  round 6 client p014: {\"ce_t\": 0.0791, \"ce_s\": 0.1148, \"kl_t\": 0.0806, \"kl_s\": 0.0713, \"hid\": 0.0502, \"loss\": 1.5836, \"train_acc_t\": 0.9952, \"train_acc_s\": 0.9737, \"steps\": 550, \"teacher_test_acc\": 0.092, \"teacher_test_loss\": 3.8472, \"teacher_test_macro_f1\": 0.032, \"gpu\": 0, \"peak_alloc_gb\": 3.3211, \"peak_reserved_gb\": 4.1133}\n"}
,{"stream_name":"stdout","time":7517.981384303,"data":"VRAM 2026/10/04 10:53:01.431, 0, 4367 MiB, 15360 MiB, 95 %\n"}
,{"stream_name":"stdout","time":7517.983876749,"data":"VRAM 2026/10/04 10:53:01.433, 1, 4357 MiB, 15360 MiB, 100 %\n"}
,{"stream_name":"stdout","time":7519.897628805,"data":"  round 6 client p015: {\"ce_t\": 0.0651, \"ce_s\": 0.0934, \"kl_t\": 0.071, \"kl_s\": 0.0584, \"hid\": 0.0442, \"loss\": 1.5281, \"train_acc_t\": 0.9952, \"train_acc_s\": 0.9817, \"steps\": 550, \"teacher_test_acc\": 0.124, \"teacher_test_loss\": 3.8999, \"teacher_test_macro_f1\": 0.0361, \"gpu\": 1, \"peak_alloc_gb\": 3.3167, \"peak_reserved_gb\": 4.1133}\n"}
,{"stream_name":"stdout","time":7577.994325963,"data":"VRAM 2026/10/04 10:54:01.442, 0, 4367 MiB, 15360 MiB, 81 %\n"}
,{"stream_name":"stdout","time":7577.994774573,"data":"VRAM 2026/10/04 10:54:01.444, 1, 4357 MiB, 15360 MiB, 82 %\n"}
,{"stream_name":"stdout","time":7637.361790997,"data":"  round 6 client p016: {\"ce_t\": 0.0552, \"ce_s\": 0.074, \"kl_t\": 0.0567, \"kl_s\": 0.0498, \"hid\": 0.0342, \"loss\": 1.3776, \"train_acc_t\": 0.9968, \"train_acc_s\": 0.9885, \"steps\": 675, \"teacher_test_acc\": 0.127, \"teacher_test_loss\": 4.2657, \"teacher_test_macro_f1\": 0.0618, \"gpu\": 0, \"peak_alloc_gb\": 3.3366, \"peak_reserved_gb\": 4.1133}\n"}
,{"stream_name":"stdout","time":7638.002545963,"data":"VRAM 2026/10/04 10:55:01.453, 0, 4367 MiB, 15360 MiB, 0 %\n"}
,{"stream_name":"stdout","time":7638.004144541,"data":"VRAM 2026/10/04 10:55:01.454, 1, 4357 MiB, 15360 MiB, 96 %\n"}
,{"stream_name":"stdout","time":7667.774896986,"data":"  round 6 client p021: {\"ce_t\": 0.0717, \"ce_s\": 0.1092, \"kl_t\": 0.0786, \"kl_s\": 0.0702, \"hid\": 0.0402, \"loss\": 1.3712, \"train_acc_t\": 0.9958, \"train_acc_s\": 0.9772, \"steps\": 775, \"teacher_test_acc\": 0.167, \"teacher_test_loss\": 3.9878, \"teacher_test_macro_f1\": 0.1201, \"gpu\": 1, \"peak_alloc_gb\": 3.3235, \"peak_reserved_gb\": 4.1133}\n"}
,{"stream_name":"stdout","time":7698.011772664,"data":"VRAM 2026/10/04 10:56:01.462, 0, 4367 MiB, 15360 MiB, 93 %\n"}
,{"stream_name":"stdout","time":7698.013153873,"data":"VRAM 2026/10/04 10:56:01.463, 1, 4357 MiB, 15360 MiB, 92 %\n"}
,{"stream_name":"stdout","time":7758.022316956,"data":"VRAM 2026/10/04 10:57:01.471, 0, 4367 MiB, 15360 MiB, 91 %\n"}
,{"stream_name":"stdout","time":7758.024522902,"data":"VRAM 2026/10/04 10:57:01.474, 1, 4357 MiB, 15360 MiB, 90 %\n"}
,{"stream_name":"stdout","time":7786.25323605,"data":"  round 6 client p022: {\"ce_t\": 0.0484, \"ce_s\": 0.0685, \"kl_t\": 0.0541, \"kl_s\": 0.0433, \"hid\": 0.0324, \"loss\": 1.3426, \"train_acc_t\": 0.9982, \"train_acc_s\": 0.9882, \"steps\": 775, \"teacher_test_acc\": 0.154, \"teacher_test_loss\": 3.1748, \"teacher_test_macro_f1\": 0.0782, \"gpu\": 0, \"peak_alloc_gb\": 3.321, \"peak_reserved_gb\": 4.1133}\n"}
,{"stream_name":"stdout","time":7816.022212411,"data":"  round 6 client p024: {\"ce_t\": 0.0552, \"ce_s\": 0.0703, \"kl_t\": 0.0572, \"kl_s\": 0.0512, \"hid\": 0.0339, \"loss\": 1.3975, \"train_acc_t\": 0.9964, \"train_acc_s\": 0.9879, \"steps\": 770, \"teacher_test_acc\": 0.128, \"teacher_test_loss\": 4.117, \"teacher_test_macro_f1\": 0.0634, \"gpu\": 1, \"peak_alloc_gb\": 3.3165, \"peak_reserved_gb\": 4.1133}\n"}
,{"stream_name":"stdout","time":7818.035501044,"data":"VRAM 2026/10/04 10:58:01.483, 0, 4367 MiB, 15360 MiB, 59 %\n"}
,{"stream_name":"stdout","time":7818.03559955,"data":"VRAM 2026/10/04 10:58:01.484, 1, 4357 MiB, 15360 MiB, 68 %\n"}
,{"stream_name":"stdout","time":7878.043933054,"data":"VRAM 2026/10/04 10:59:01.494, 0, 4367 MiB, 15360 MiB, 87 %\n"}
,{"stream_name":"stdout","time":7878.045576089,"data":"VRAM 2026/10/04 10:59:01.496, 1, 4357 MiB, 15360 MiB, 89 %\n"}
,{"stream_name":"stdout","time":7921.588053399,"data":"  round 6 client p035: {\"ce_t\": 0.0729, \"ce_s\": 0.0981, \"kl_t\": 0.072, \"kl_s\": 0.0639, \"hid\": 0.0469, \"loss\": 1.5091, \"train_acc_t\": 0.9943, \"train_acc_s\": 0.9821, \"steps\": 530, \"teacher_test_acc\": 0.108, \"teacher_test_loss\": 2.8128, \"teacher_test_macro_f1\": 0.0545, \"gpu\": 1, \"peak_alloc_gb\": 3.3054, \"peak_reserved_gb\": 4.1133}\n"}
,{"stream_name":"stdout","time":7933.214706459,"data":"  round 6 client p026: {\"ce_t\": 0.0747, \"ce_s\": 0.122, \"kl_t\": 0.0814, \"kl_s\": 0.0715, \"hid\": 0.042, \"loss\": 1.4106, \"train_acc_t\": 0.996, \"train_acc_s\": 0.9758, \"steps\": 750, \"teacher_test_acc\": 0.093, \"teacher_test_loss\": 3.5771, \"teacher_test_macro_f1\": 0.0189, \"gpu\": 0, \"peak_alloc_gb\": 3.3231, \"peak_reserved_gb\": 4.1133}\n"}
,{"stream_name":"stdout","time":7938.055805446,"data":"VRAM 2026/10/04 11:00:01.503, 0, 4367 MiB, 15360 MiB, 84 %\n"}
,{"stream_name":"stdout","time":7938.05862897,"data":"VRAM 2026/10/04 11:00:01.508, 1, 4357 MiB, 15360 MiB, 84 %\n"}
,{"stream_name":"stdout","time":7998.067632065,"data":"VRAM 2026/10/04 11:01:01.517, 0, 4367 MiB, 15360 MiB, 87 %\n"}
,{"stream_name":"stdout","time":7998.070461655,"data":"VRAM 2026/10/04 11:01:01.519, 1, 4357 MiB, 15360 MiB, 83 %\n"}
,{"stream_name":"stdout","time":8006.679302178,"data":"  round 6 client p039: {\"ce_t\": 0.0939, \"ce_s\": 0.152, \"kl_t\": 0.1121, \"kl_s\": 0.1021, \"hid\": 0.0762, \"loss\": 1.9054, \"train_acc_t\": 0.9905, \"train_acc_s\": 0.9631, \"steps\": 410, \"teacher_test_acc\": 0.123, \"teacher_test_loss\": 4.2967, \"teacher_test_macro_f1\": 0.0689, \"gpu\": 1, \"peak_alloc_gb\": 3.3249, \"peak_reserved_gb\": 4.1133}\n"}
,{"stream_name":"stdout","time":8012.819671225,"data":"  round 6 client p041: {\"ce_t\": 0.0829, \"ce_s\": 0.1257, \"kl_t\": 0.0956, \"kl_s\": 0.094, \"hid\": 0.0685, \"loss\": 1.7963, \"train_acc_t\": 0.9937, \"train_acc_s\": 0.9788, \"steps\": 380, \"teacher_test_acc\": 0.121, \"teacher_test_loss\": 2.548, \"teacher_test_macro_f1\": 0.0694, \"gpu\": 0, \"peak_alloc_gb\": 3.3358, \"peak_reserved_gb\": 4.1133}\n"}
,{"stream_name":"stdout","time":8058.079584631,"data":"VRAM 2026/10/04 11:02:01.528, 0, 4367 MiB, 15360 MiB, 84 %\n"}
,{"stream_name":"stdout","time":8058.083366602,"data":"VRAM 2026/10/04 11:02:01.531, 1, 4357 MiB, 15360 MiB, 85 %\n"}
,{"stream_name":"stdout","time":8084.614978248,"data":"  round 6 client p042: {\"ce_t\": 0.0705, \"ce_s\": 0.1047, \"kl_t\": 0.0844, \"kl_s\": 0.0676, \"hid\": 0.0587, \"loss\": 1.6181, \"train_acc_t\": 0.9976, \"train_acc_s\": 0.978, \"steps\": 370, \"teacher_test_acc\": 0.243, \"teacher_test_loss\": 2.211, \"teacher_test_macro_f1\": 0.1891, \"gpu\": 1, \"peak_alloc_gb\": 3.3376, \"peak_reserved_gb\": 4.1133}\n"}
,{"stream_name":"stdout","time":8106.543008852,"data":"  round 6 client p045: {\"ce_t\": 0.0625, \"ce_s\": 0.1074, \"kl_t\": 0.0867, \"kl_s\": 0.0706, \"hid\": 0.0498, \"loss\": 1.636, \"train_acc_t\": 0.9961, \"train_acc_s\": 0.9793, \"steps\": 455, \"teacher_test_acc\": 0.122, \"teacher_test_loss\": 3.6176, \"teacher_test_macro_f1\": 0.0218, \"gpu\": 0, \"peak_alloc_gb\": 3.3242, \"peak_reserved_gb\": 4.1133}\n"}
,{"stream_name":"stdout","time":8118.092049428,"data":"VRAM 2026/10/04 11:03:01.542, 0, 4367 MiB, 15360 MiB, 91 %\n"}
,{"stream_name":"stdout","time":8118.093583457,"data":"VRAM 2026/10/04 11:03:01.544, 1, 4357 MiB, 15360 MiB, 87 %\n"}
,{"stream_name":"stdout","time":8178.103080472,"data":"VRAM 2026/10/04 11:04:01.552, 0, 4367 MiB, 15360 MiB, 91 %\n"}
,{"stream_name":"stdout","time":8178.10332854,"data":"VRAM 2026/10/04 11:04:01.553, 1, 4357 MiB, 15360 MiB, 89 %\n"}
,{"stream_name":"stdout","time":8189.276464156,"data":"  round 6 client p047: {\"ce_t\": 0.0882, \"ce_s\": 0.1325, \"kl_t\": 0.0835, \"kl_s\": 0.0794, \"hid\": 0.0517, \"loss\": 1.528, \"train_acc_t\": 0.9931, \"train_acc_s\": 0.9703, \"steps\": 525, \"teacher_test_acc\": 0.191, \"teacher_test_loss\": 2.7303, \"teacher_test_macro_f1\": 0.0807, \"gpu\": 1, \"peak_alloc_gb\": 3.3234, \"peak_reserved_gb\": 4.1133}\n"}
,{"stream_name":"stdout","time":8232.019861183,"data":"  round 6 client p049: {\"ce_t\": 0.0627, \"ce_s\": 0.083, \"kl_t\": 0.0676, \"kl_s\": 0.0598, \"hid\": 0.0401, \"loss\": 1.4639, \"train_acc_t\": 0.997, \"train_acc_s\": 0.9869, \"steps\": 635, \"teacher_test_acc\": 0.122, \"teacher_test_loss\": 4.2722, \"teacher_test_macro_f1\": 0.0223, \"gpu\": 0, \"peak_alloc_gb\": 3.3403, \"peak_reserved_gb\": 4.1133}\n"}
,{"stream_name":"stdout","time":8238.111850837,"data":"VRAM 2026/10/04 11:05:01.562, 0, 4367 MiB, 15360 MiB, 96 %\n"}
,{"stream_name":"stdout","time":8238.11520109,"data":"VRAM 2026/10/04 11:05:01.564, 1, 4357 MiB, 15360 MiB, 96 %\n"}
,{"stream_name":"stdout","time":8288.783106722,"data":"  round 6 client p050: {\"ce_t\": 0.0937, \"ce_s\": 0.1681, \"kl_t\": 0.1254, \"kl_s\": 0.1049, \"hid\": 0.0593, \"loss\": 1.6552, \"train_acc_t\": 0.9914, \"train_acc_s\": 0.9592, \"steps\": 495, \"teacher_test_acc\": 0.105, \"teacher_test_loss\": 3.6784, \"teacher_test_macro_f1\": 0.019, \"gpu\": 1, \"peak_alloc_gb\": 3.3244, \"peak_reserved_gb\": 4.1133}\n"}
,{"stream_name":"stdout","time":8298.12354972,"data":"VRAM 2026/10/04 11:06:01.574, 0, 4367 MiB, 15360 MiB, 70 %\n"}
,{"stream_name":"stdout","time":8298.125478522,"data":"VRAM 2026/10/04 11:06:01.575, 1, 4357 MiB, 15360 MiB, 77 %\n"}
,{"stream_name":"stdout","time":8346.874190808,"data":"  round 6 client p051: {\"ce_t\": 0.0793, \"ce_s\": 0.1228, \"kl_t\": 0.089, \"kl_s\": 0.0749, \"hid\": 0.0456, \"loss\": 1.5118, \"train_acc_t\": 0.9922, \"train_acc_s\": 0.9735, \"steps\": 575, \"teacher_test_acc\": 0.153, \"teacher_test_loss\": 3.0761, \"teacher_test_macro_f1\": 0.0735, \"gpu\": 0, \"peak_alloc_gb\": 3.3227, \"peak_reserved_gb\": 4.1133}\n"}
,{"stream_name":"stdout","time":8358.133614281,"data":"VRAM 2026/10/04 11:07:01.583, 0, 4367 MiB, 15360 MiB, 87 %\n"}
,{"stream_name":"stdout","time":8358.13580425,"data":"VRAM 2026/10/04 11:07:01.585, 1, 4357 MiB, 15360 MiB, 89 %\n"}
,{"stream_name":"stdout","time":8383.142082518,"data":"  round 6 client p052: {\"ce_t\": 0.0718, \"ce_s\": 0.1139, \"kl_t\": 0.0868, \"kl_s\": 0.0746, \"hid\": 0.0493, \"loss\": 1.5568, \"train_acc_t\": 0.9951, \"train_acc_s\": 0.9773, \"steps\": 465, \"teacher_test_acc\": 0.35, \"teacher_test_loss\": 2.0713, \"teacher_test_macro_f1\": 0.2802, \"gpu\": 1, \"peak_alloc_gb\": 3.3222, \"peak_reserved_gb\": 4.1133}\n"}
,{"stream_name":"stdout","time":8418.145788659,"data":"VRAM 2026/10/04 11:08:01.594, 0, 4367 MiB, 15360 MiB, 89 %\n"}
,{"stream_name":"stdout","time":8418.146230786,"data":"VRAM 2026/10/04 11:08:01.596, 1, 4357 MiB, 15360 MiB, 87 %\n"}
,{"stream_name":"stdout","time":8447.491562959,"data":"  round 6 client p056: {\"ce_t\": 0.0805, \"ce_s\": 0.1589, \"kl_t\": 0.1059, \"kl_s\": 0.0904, \"hid\": 0.0537, \"loss\": 1.4988, \"train_acc_t\": 0.9967, \"train_acc_s\": 0.964, \"steps\": 500, \"teacher_test_acc\": 0.173, \"teacher_test_loss\": 2.5732, \"teacher_test_macro_f1\": 0.0934, \"gpu\": 0, \"peak_alloc_gb\": 3.3227, \"peak_reserved_gb\": 4.1133}\n"}
,{"stream_name":"stdout","time":8478.156335022,"data":"VRAM 2026/10/04 11:09:01.605, 0, 4367 MiB, 15360 MiB, 0 %\n"}
,{"stream_name":"stdout","time":8478.156619324,"data":"VRAM 2026/10/04 11:09:01.607, 1, 4357 MiB, 15360 MiB, 2 %\n"}
,{"stream_name":"stdout","time":8482.220503315,"data":"  round 6 client p061: {\"ce_t\": 0.0781, \"ce_s\": 0.1246, \"kl_t\": 0.0915, \"kl_s\": 0.0863, \"hid\": 0.0576, \"loss\": 1.663, \"train_acc_t\": 0.998, \"train_acc_s\": 0.9765, \"steps\": 510, \"teacher_test_acc\": 0.295, \"teacher_test_loss\": 3.1836, \"teacher_test_macro_f1\": 0.2661, \"gpu\": 1, \"peak_alloc_gb\": 3.3198, \"peak_reserved_gb\": 4.1133}\n"}
,{"stream_name":"stdout","time":8489.242023535,"data":"ROUND 6/30: global student acc 0.3576 F1 0.3469 | mean teacher acc 0.1540 F1 0.0857 | 19.6 min\n"}
,{"stream_name":"stdout","time":8538.164962874,"data":"VRAM 2026/10/04 11:10:01.615, 0, 4367 MiB, 15360 MiB, 93 %\n"}
,{"stream_name":"stdout","time":8538.166454371,"data":"VRAM 2026/10/04 11:10:01.617, 1, 4357 MiB, 15360 MiB, 89 %\n"}
,{"stream_name":"stdout","time":8580.633818882,"data":"  round 7 client p002: {\"ce_t\": 0.0599, \"ce_s\": 0.0944, \"kl_t\": 0.0761, \"kl_s\": 0.0644, \"hid\": 0.0461, \"loss\": 1.5822, \"train_acc_t\": 0.9967, \"train_acc_s\": 0.9812, \"steps\": 455, \"teacher_test_acc\": 0.12, \"teacher_test_loss\": 3.1112, \"teacher_test_macro_f1\": 0.0215, \"gpu\": 0, \"peak_alloc_gb\": 3.3406, \"peak_reserved_gb\": 4.1133}\n"}
,{"stream_name":"stdout","time":8592.736899269,"data":"  round 7 client p012: {\"ce_t\": 0.0969, \"ce_s\": 0.1525, \"kl_t\": 0.1261, \"kl_s\": 0.1076, \"hid\": 0.0535, \"loss\": 1.5513, \"train_acc_t\": 0.9934, \"train_acc_s\": 0.9662, \"steps\": 515, \"teacher_test_acc\": 0.097, \"teacher_test_loss\": 4.6653, \"teacher_test_macro_f1\": 0.0511, \"gpu\": 1, \"peak_alloc_gb\": 3.3318, \"peak_reserved_gb\": 4.1133}\n"}
,{"stream_name":"stdout","time":8598.175450176,"data":"VRAM 2026/10/04 11:11:01.624, 0, 4367 MiB, 15360 MiB, 79 %\n"}
,{"stream_name":"stdout","time":8598.175774867,"data":"VRAM 2026/10/04 11:11:01.626, 1, 4357 MiB, 15360 MiB, 80 %\n"}
,{"stream_name":"stdout","time":8658.184764328,"data":"VRAM 2026/10/04 11:12:01.634, 0, 4367 MiB, 15360 MiB, 85 %\n"}
,{"stream_name":"stdout","time":8658.186718817,"data":"VRAM 2026/10/04 11:12:01.637, 1, 4357 MiB, 15360 MiB, 84 %\n"}
,{"stream_name":"stdout","time":8691.581118929,"data":"  round 7 client p014: {\"ce_t\": 0.0758, \"ce_s\": 0.1156, \"kl_t\": 0.0844, \"kl_s\": 0.0731, \"hid\": 0.0433, \"loss\": 1.51, \"train_acc_t\": 0.9945, \"train_acc_s\": 0.9735, \"steps\": 550, \"teacher_test_acc\": 0.125, \"teacher_test_loss\": 3.6054, \"teacher_test_macro_f1\": 0.078, \"gpu\": 0, \"peak_alloc_gb\": 3.3254, \"peak_reserved_gb\": 4.1133}\n"}
,{"stream_name":"stdout","time":8703.947062838,"data":"  round 7 client p015: {\"ce_t\": 0.0624, \"ce_s\": 0.0854, \"kl_t\": 0.0677, \"kl_s\": 0.0545, \"hid\": 0.0377, \"loss\": 1.4093, \"train_acc_t\": 0.9945, \"train_acc_s\": 0.9847, \"steps\": 550, \"teacher_test_acc\": 0.074, \"teacher_test_loss\": 3.576, \"teacher_test_macro_f1\": 0.0338, \"gpu\": 1, \"peak_alloc_gb\": 3.3186, \"peak_reserved_gb\": 4.1133}\n"}
,{"stream_name":"stdout","time":8718.195102646,"data":"VRAM 2026/10/04 11:13:01.645, 0, 4367 MiB, 15360 MiB, 80 %\n"}
,{"stream_name":"stdout","time":8718.196844473,"data":"VRAM 2026/10/04 11:13:01.647, 1, 4357 MiB, 15360 MiB, 80 %\n"}
,{"stream_name":"stdout","time":8778.205095505,"data":"VRAM 2026/10/04 11:14:01.655, 0, 4367 MiB, 15360 MiB, 85 %\n"}
,{"stream_name":"stdout","time":8778.206431929,"data":"VRAM 2026/10/04 11:14:01.657, 1, 4357 MiB, 15360 MiB, 84 %\n"}
,{"stream_name":"stdout","time":8826.64596214,"data":"  round 7 client p016: {\"ce_t\": 0.0406, \"ce_s\": 0.056, \"kl_t\": 0.037, \"kl_s\": 0.0327, \"hid\": 0.0257, \"loss\": 1.2333, \"train_acc_t\": 0.9981, \"train_acc_s\": 0.9929, \"steps\": 675, \"teacher_test_acc\": 0.11, \"teacher_test_loss\": 5.1909, \"teacher_test_macro_f1\": 0.0396, \"gpu\": 0, \"peak_alloc_gb\": 3.334, \"peak_reserved_gb\": 4.1133}\n"}
,{"stream_name":"stdout","time":8838.219253707,"data":"VRAM 2026/10/04 11:15:01.665, 0, 4367 MiB, 15360 MiB, 82 %\n"}
,{"stream_name":"stdout","time":8838.223512546,"data":"VRAM 2026/10/04 11:15:01.671, 1, 4357 MiB, 15360 MiB, 83 %\n"}
,{"stream_name":"stdout","time":8857.676374691,"data":"  round 7 client p021: {\"ce_t\": 0.0609, \"ce_s\": 0.0959, \"kl_t\": 0.0689, \"kl_s\": 0.0601, \"hid\": 0.0309, \"loss\": 1.254, \"train_acc_t\": 0.9964, \"train_acc_s\": 0.9796, \"steps\": 775, \"teacher_test_acc\": 0.171, \"teacher_test_loss\": 3.9985, \"teacher_test_macro_f1\": 0.1048, \"gpu\": 1, \"peak_alloc_gb\": 3.3253, \"peak_reserved_gb\": 4.1133}\n"}
,{"stream_name":"stdout","time":8898.233634948,"data":"VRAM 2026/10/04 11:16:01.682, 0, 4367 MiB, 15360 MiB, 85 %\n"}
,{"stream_name":"stdout","time":8898.23390199,"data":"VRAM 2026/10/04 11:16:01.683, 1, 4357 MiB, 15360 MiB, 87 %\n"}
,{"stream_name":"stdout","time":8958.243516677,"data":"VRAM 2026/10/04 11:17:01.692, 0, 4367 MiB, 15360 MiB, 89 %\n"}
,{"stream_name":"stdout","time":8958.244733933,"data":"VRAM 2026/10/04 11:17:01.695, 1, 4357 MiB, 15360 MiB, 88 %\n"}
,{"stream_name":"stdout","time":8979.816202847,"data":"  round 7 client p022: {\"ce_t\": 0.0403, \"ce_s\": 0.0572, \"kl_t\": 0.0479, \"kl_s\": 0.0398, \"hid\": 0.0256, \"loss\": 1.2239, \"train_acc_t\": 0.9984, \"train_acc_s\": 0.9904, \"steps\": 775, \"teacher_test_acc\": 0.116, \"teacher_test_loss\": 4.0158, \"teacher_test_macro_f1\": 0.071, \"gpu\": 0, \"peak_alloc_gb\": 3.324, \"peak_reserved_gb\": 4.1133}\n"}
,{"stream_name":"stdout","time":9009.481467666,"data":"  round 7 client p024: {\"ce_t\": 0.0467, \"ce_s\": 0.0626, \"kl_t\": 0.0445, \"kl_s\": 0.0418, \"hid\": 0.0301, \"loss\": 1.2919, \"train_acc_t\": 0.9979, \"train_acc_s\": 0.9914, \"steps\": 770, \"teacher_test_acc\": 0.128, \"teacher_test_loss\": 3.339, \"teacher_test_macro_f1\": 0.0582, \"gpu\": 1, \"peak_alloc_gb\": 3.3209, \"peak_reserved_gb\": 4.1133}\n"}
,{"stream_name":"stdout","time":9018.256143704,"data":"VRAM 2026/10/04 11:18:01.703, 0, 4367 MiB, 15360 MiB, 86 %\n"}
,{"stream_name":"stdout","time":9018.258390495,"data":"VRAM 2026/10/04 11:18:01.706, 1, 4357 MiB, 15360 MiB, 85 %\n"}
,{"stream_name":"stdout","time":9078.266915781,"data":"VRAM 2026/10/04 11:19:01.716, 0, 4367 MiB, 15360 MiB, 85 %\n"}
,{"stream_name":"stdout","time":9078.268992808,"data":"VRAM 2026/10/04 11:19:01.719, 1, 4357 MiB, 15360 MiB, 87 %\n"}
,{"stream_name":"stdout","time":9115.486217875,"data":"  round 7 client p035: {\"ce_t\": 0.057, \"ce_s\": 0.0853, \"kl_t\": 0.0643, \"kl_s\": 0.0535, \"hid\": 0.0353, \"loss\": 1.3915, \"train_acc_t\": 0.9967, \"train_acc_s\": 0.9844, \"steps\": 530, \"teacher_test_acc\": 0.107, \"teacher_test_loss\": 2.9091, \"teacher_test_macro_f1\": 0.0863, \"gpu\": 1, \"peak_alloc_gb\": 3.3082, \"peak_reserved_gb\": 4.1133}\n"}
,{"stream_name":"stdout","time":9128.335520945,"data":"  round 7 client p026: {\"ce_t\": 0.0689, \"ce_s\": 0.1079, \"kl_t\": 0.0734, \"kl_s\": 0.0641, \"hid\": 0.035, \"loss\": 1.3087, \"train_acc_t\": 0.9968, \"train_acc_s\": 0.9796, \"steps\": 750, \"teacher_test_acc\": 0.093, \"teacher_test_loss\": 3.7257, \"teacher_test_macro_f1\": 0.0171, \"gpu\": 0, \"peak_alloc_gb\": 3.3234, \"peak_reserved_gb\": 4.1133}\n"}
,{"stream_name":"stdout","time":9138.277536492,"data":"VRAM 2026/10/04 11:20:01.727, 0, 4367 MiB, 15360 MiB, 80 %\n"}
,{"stream_name":"stdout","time":9138.279312326,"data":"VRAM 2026/10/04 11:20:01.729, 1, 4357 MiB, 15360 MiB, 82 %\n"}
,{"stream_name":"stdout","time":9198.288704982,"data":"VRAM 2026/10/04 11:21:01.738, 0, 4367 MiB, 15360 MiB, 89 %\n"}
,{"stream_name":"stdout","time":9198.289774889,"data":"VRAM 2026/10/04 11:21:01.740, 1, 4357 MiB, 15360 MiB, 2 %\n"}
,{"stream_name":"stdout","time":9198.50628331,"data":"  round 7 client p039: {\"ce_t\": 0.0917, \"ce_s\": 0.1236, \"kl_t\": 0.1048, \"kl_s\": 0.0952, \"hid\": 0.0594, \"loss\": 1.6658, \"train_acc_t\": 0.9889, \"train_acc_s\": 0.9745, \"steps\": 410, \"teacher_test_acc\": 0.137, \"teacher_test_loss\": 3.2305, \"teacher_test_macro_f1\": 0.0949, \"gpu\": 1, \"peak_alloc_gb\": 3.3249, \"peak_reserved_gb\": 4.1133}\n"}
,{"stream_name":"stdout","time":9206.983622239,"data":"  round 7 client p041: {\"ce_t\": 0.0714, \"ce_s\": 0.1174, \"kl_t\": 0.0878, \"kl_s\": 0.0832, \"hid\": 0.0555, \"loss\": 1.6626, \"train_acc_t\": 0.9964, \"train_acc_s\": 0.9762, \"steps\": 380, \"teacher_test_acc\": 0.15, \"teacher_test_loss\": 2.6456, \"teacher_test_macro_f1\": 0.0764, \"gpu\": 0, \"peak_alloc_gb\": 3.3372, \"peak_reserved_gb\": 4.1133}\n"}
,{"stream_name":"stdout","time":9258.297995606,"data":"VRAM 2026/10/04 11:22:01.748, 0, 4367 MiB, 15360 MiB, 61 %\n"}
,{"stream_name":"stdout","time":9258.299436456,"data":"VRAM 2026/10/04 11:22:01.750, 1, 4357 MiB, 15360 MiB, 88 %\n"}
,{"stream_name":"stdout","time":9274.188237738,"data":"  round 7 client p042: {\"ce_t\": 0.0545, \"ce_s\": 0.0801, \"kl_t\": 0.0687, \"kl_s\": 0.0515, \"hid\": 0.0396, \"loss\": 1.4446, \"train_acc_t\": 0.997, \"train_acc_s\": 0.9875, \"steps\": 370, \"teacher_test_acc\": 0.212, \"teacher_test_loss\": 2.1279, \"teacher_test_macro_f1\": 0.1695, \"gpu\": 1, \"peak_alloc_gb\": 3.3383, \"peak_reserved_gb\": 4.1133}\n"}
,{"stream_name":"stdout","time":9298.192460437,"data":"  round 7 client p045: {\"ce_t\": 0.0489, \"ce_s\": 0.0748, \"kl_t\": 0.0561, \"kl_s\": 0.0476, \"hid\": 0.0361, \"loss\": 1.4998, \"train_acc_t\": 0.9981, \"train_acc_s\": 0.9887, \"steps\": 455, \"teacher_test_acc\": 0.141, \"teacher_test_loss\": 3.1139, \"teacher_test_macro_f1\": 0.0519, \"gpu\": 0, \"peak_alloc_gb\": 3.3251, \"peak_reserved_gb\": 4.1133}\n"}
,{"stream_name":"stdout","time":9318.311364904,"data":"VRAM 2026/10/04 11:23:01.758, 0, 4367 MiB, 15360 MiB, 87 %\n"}
,{"stream_name":"stdout","time":9318.313672981,"data":"VRAM 2026/10/04 11:23:01.763, 1, 4357 MiB, 15360 MiB, 83 %\n"}
,{"stream_name":"stdout","time":9378.321672367,"data":"VRAM 2026/10/04 11:24:01.772, 0, 4367 MiB, 15360 MiB, 76 %\n"}
,{"stream_name":"stdout","time":9378.322894073,"data":"VRAM 2026/10/04 11:24:01.773, 1, 4357 MiB, 15360 MiB, 0 %\n"}
,{"stream_name":"stdout","time":9379.357798376,"data":"  round 7 client p047: {\"ce_t\": 0.0804, \"ce_s\": 0.1203, \"kl_t\": 0.0807, \"kl_s\": 0.0759, \"hid\": 0.0419, \"loss\": 1.3957, \"train_acc_t\": 0.9933, \"train_acc_s\": 0.9732, \"steps\": 525, \"teacher_test_acc\": 0.159, \"teacher_test_loss\": 3.3738, \"teacher_test_macro_f1\": 0.0657, \"gpu\": 1, \"peak_alloc_gb\": 3.3278, \"peak_reserved_gb\": 4.1133}\n"}
,{"stream_name":"stdout","time":9423.966451577,"data":"  round 7 client p049: {\"ce_t\": 0.056, \"ce_s\": 0.0749, \"kl_t\": 0.0591, \"kl_s\": 0.0509, \"hid\": 0.0327, \"loss\": 1.3242, \"train_acc_t\": 0.997, \"train_acc_s\": 0.9901, \"steps\": 635, \"teacher_test_acc\": 0.117, \"teacher_test_loss\": 3.2088, \"teacher_test_macro_f1\": 0.042, \"gpu\": 0, \"peak_alloc_gb\": 3.3302, \"peak_reserved_gb\": 4.1133}\n"}
,{"stream_name":"stdout","time":9438.331977482,"data":"VRAM 2026/10/04 11:25:01.781, 0, 4367 MiB, 15360 MiB, 77 %\n"}
,{"stream_name":"stdout","time":9438.33523252,"data":"VRAM 2026/10/04 11:25:01.784, 1, 4357 MiB, 15360 MiB, 76 %\n"}
,{"stream_name":"stdout","time":9479.505073401,"data":"  round 7 client p050: {\"ce_t\": 0.0975, \"ce_s\": 0.1466, \"kl_t\": 0.1118, \"kl_s\": 0.0975, \"hid\": 0.0493, \"loss\": 1.5562, \"train_acc_t\": 0.9884, \"train_acc_s\": 0.9686, \"steps\": 495, \"teacher_test_acc\": 0.105, \"teacher_test_loss\": 2.9728, \"teacher_test_macro_f1\": 0.0191, \"gpu\": 1, \"peak_alloc_gb\": 3.3233, \"peak_reserved_gb\": 4.1133}\n"}
,{"stream_name":"stdout","time":9498.344139608,"data":"VRAM 2026/10/04 11:26:01.794, 0, 4367 MiB, 15360 MiB, 90 %\n"}
,{"stream_name":"stdout","time":9498.346187854,"data":"VRAM 2026/10/04 11:26:01.795, 1, 4357 MiB, 15360 MiB, 88 %\n"}
,{"stream_name":"stdout","time":9539.224806278,"data":"  round 7 client p051: {\"ce_t\": 0.0665, \"ce_s\": 0.105, \"kl_t\": 0.0714, \"kl_s\": 0.065, \"hid\": 0.0359, \"loss\": 1.3668, \"train_acc_t\": 0.9948, \"train_acc_s\": 0.9807, \"steps\": 575, \"teacher_test_acc\": 0.128, \"teacher_test_loss\": 2.9478, \"teacher_test_macro_f1\": 0.0777, \"gpu\": 0, \"peak_alloc_gb\": 3.3196, \"peak_reserved_gb\": 4.1133}\n"}
,{"stream_name":"stdout","time":9558.35403942,"data":"VRAM 2026/10/04 11:27:01.804, 0, 4367 MiB, 15360 MiB, 89 %\n"}
,{"stream_name":"stdout","time":9558.35561066,"data":"VRAM 2026/10/04 11:27:01.806, 1, 4357 MiB, 15360 MiB, 88 %\n"}
,{"stream_name":"stdout","time":9574.297652823,"data":"  round 7 client p052: {\"ce_t\": 0.0629, \"ce_s\": 0.0955, \"kl_t\": 0.0666, \"kl_s\": 0.0604, \"hid\": 0.0385, \"loss\": 1.451, \"train_acc_t\": 0.9957, \"train_acc_s\": 0.9811, \"steps\": 465, \"teacher_test_acc\": 0.308, \"teacher_test_loss\": 2.4024, \"teacher_test_macro_f1\": 0.2277, \"gpu\": 1, \"peak_alloc_gb\": 3.3107, \"peak_reserved_gb\": 4.1133}\n"}
,{"stream_name":"stdout","time":9618.36385451,"data":"VRAM 2026/10/04 11:28:01.814, 0, 4367 MiB, 15360 MiB, 94 %\n"}
,{"stream_name":"stdout","time":9618.365563806,"data":"VRAM 2026/10/04 11:28:01.816, 1, 4357 MiB, 15360 MiB, 95 %\n"}
,{"stream_name":"stdout","time":9640.662994649,"data":"  round 7 client p056: {\"ce_t\": 0.0634, \"ce_s\": 0.109, \"kl_t\": 0.0826, \"kl_s\": 0.0676, \"hid\": 0.0391, \"loss\": 1.3967, \"train_acc_t\": 0.9982, \"train_acc_s\": 0.9778, \"steps\": 500, \"teacher_test_acc\": 0.192, \"teacher_test_loss\": 2.6283, \"teacher_test_macro_f1\": 0.1207, \"gpu\": 0, \"peak_alloc_gb\": 3.3262, \"peak_reserved_gb\": 4.1133}\n"}
,{"stream_name":"stdout","time":9674.061101408,"data":"  round 7 client p061: {\"ce_t\": 0.0678, \"ce_s\": 0.0919, \"kl_t\": 0.0717, \"kl_s\": 0.0668, \"hid\": 0.0455, \"loss\": 1.5474, \"train_acc_t\": 0.9965, \"train_acc_s\": 0.9842, \"steps\": 510, \"teacher_test_acc\": 0.318, \"teacher_test_loss\": 2.4029, \"teacher_test_macro_f1\": 0.2418, \"gpu\": 1, \"peak_alloc_gb\": 3.3162, \"peak_reserved_gb\": 4.1133}\n"}
,{"stream_name":"stdout","time":9678.37317244,"data":"VRAM 2026/10/04 11:29:01.823, 0, 4367 MiB, 15360 MiB, 99 %\n"}
,{"stream_name":"stdout","time":9678.374664489,"data":"VRAM 2026/10/04 11:29:01.825, 1, 4357 MiB, 15360 MiB, 0 %\n"}
,{"stream_name":"stdout","time":9680.982763782,"data":"ROUND 7/30: global student acc 0.3589 F1 0.3623 | mean teacher acc 0.1480 F1 0.0833 | 19.9 min\n"}
,{"stream_name":"stdout","time":9738.38565636,"data":"VRAM 2026/10/04 11:30:01.833, 0, 4367 MiB, 15360 MiB, 83 %\n"}
,{"stream_name":"stdout","time":9738.385830431,"data":"VRAM 2026/10/04 11:30:01.835, 1, 4357 MiB, 15360 MiB, 91 %\n"}
,{"stream_name":"stdout","time":9771.727695601,"data":"  round 8 client p002: {\"ce_t\": 0.0647, \"ce_s\": 0.0798, \"kl_t\": 0.0693, \"kl_s\": 0.0609, \"hid\": 0.042, \"loss\": 1.4968, \"train_acc_t\": 0.9934, \"train_acc_s\": 0.989, \"steps\": 455, \"teacher_test_acc\": 0.116, \"teacher_test_loss\": 3.691, \"teacher_test_macro_f1\": 0.0212, \"gpu\": 0, \"peak_alloc_gb\": 3.3396, \"peak_reserved_gb\": 4.1133}\n"}
,{"stream_name":"stdout","time":9783.914125049,"data":"  round 8 client p012: {\"ce_t\": 0.0955, \"ce_s\": 0.1322, \"kl_t\": 0.1007, \"kl_s\": 0.0912, \"hid\": 0.046, \"loss\": 1.4508, \"train_acc_t\": 0.9908, \"train_acc_s\": 0.9757, \"steps\": 515, \"teacher_test_acc\": 0.106, \"teacher_test_loss\": 4.4341, \"teacher_test_macro_f1\": 0.0433, \"gpu\": 1, \"peak_alloc_gb\": 3.3331, \"peak_reserved_gb\": 4.1133}\n"}
,{"stream_name":"stdout","time":9798.394023747,"data":"VRAM 2026/10/04 11:31:01.844, 0, 4367 MiB, 15360 MiB, 82 %\n"}
,{"stream_name":"stdout","time":9798.395082707,"data":"VRAM 2026/10/04 11:31:01.846, 1, 4357 MiB, 15360 MiB, 86 %\n"}
,{"stream_name":"stdout","time":9858.403256738,"data":"VRAM 2026/10/04 11:32:01.853, 0, 4367 MiB, 15360 MiB, 87 %\n"}
,{"stream_name":"stdout","time":9858.404664123,"data":"VRAM 2026/10/04 11:32:01.855, 1, 4357 MiB, 15360 MiB, 88 %\n"}
,{"stream_name":"stdout","time":9880.657626154,"data":"  round 8 client p014: {\"ce_t\": 0.0684, \"ce_s\": 0.1038, \"kl_t\": 0.0695, \"kl_s\": 0.0605, \"hid\": 0.0343, \"loss\": 1.3241, \"train_acc_t\": 0.9945, \"train_acc_s\": 0.9785, \"steps\": 550, \"teacher_test_acc\": 0.1, \"teacher_test_loss\": 3.7247, \"teacher_test_macro_f1\": 0.0396, \"gpu\": 0, \"peak_alloc_gb\": 3.3242, \"peak_reserved_gb\": 4.1133}\n"}
,{"stream_name":"stdout","time":9892.942071991,"data":"  round 8 client p015: {\"ce_t\": 0.0584, \"ce_s\": 0.0739, \"kl_t\": 0.0544, \"kl_s\": 0.0481, \"hid\": 0.0325, \"loss\": 1.3586, \"train_acc_t\": 0.9945, \"train_acc_s\": 0.9883, \"steps\": 550, \"teacher_test_acc\": 0.127, \"teacher_test_loss\": 3.5979, \"teacher_test_macro_f1\": 0.0395, \"gpu\": 1, \"peak_alloc_gb\": 3.3158, \"peak_reserved_gb\": 4.1133}\n"}
,{"stream_name":"stdout","time":9918.415587594,"data":"VRAM 2026/10/04 11:33:01.863, 0, 4367 MiB, 15360 MiB, 85 %\n"}
,{"stream_name":"stdout","time":9918.41847725,"data":"VRAM 2026/10/04 11:33:01.867, 1, 4357 MiB, 15360 MiB, 80 %\n"}
,{"stream_name":"stdout","time":9978.42771726,"data":"VRAM 2026/10/04 11:34:01.877, 0, 4367 MiB, 15360 MiB, 85 %\n"}
,{"stream_name":"stdout","time":9978.431177039,"data":"VRAM 2026/10/04 11:34:01.879, 1, 4357 MiB, 15360 MiB, 85 %\n"}
,{"stream_name":"stdout","time":10012.383735524,"data":"  round 8 client p016: {\"ce_t\": 0.0374, \"ce_s\": 0.0502, \"kl_t\": 0.0348, \"kl_s\": 0.0302, \"hid\": 0.0212, \"loss\": 1.1425, \"train_acc_t\": 0.9981, \"train_acc_s\": 0.9935, \"steps\": 675, \"teacher_test_acc\": 0.141, \"teacher_test_loss\": 4.2547, \"teacher_test_macro_f1\": 0.0765, \"gpu\": 0, \"peak_alloc_gb\": 3.3409, \"peak_reserved_gb\": 4.1133}\n"}
,{"stream_name":"stdout","time":10038.441899584,"data":"VRAM 2026/10/04 11:35:01.890, 0, 4367 MiB, 15360 MiB, 78 %\n"}
,{"stream_name":"stdout","time":10038.44225726,"data":"VRAM 2026/10/04 11:35:01.892, 1, 4357 MiB, 15360 MiB, 100 %\n"}
,{"stream_name":"stdout","time":10042.716828722,"data":"  round 8 client p021: {\"ce_t\": 0.0529, \"ce_s\": 0.0785, \"kl_t\": 0.0502, \"kl_s\": 0.0455, \"hid\": 0.025, \"loss\": 1.1118, \"train_acc_t\": 0.9971, \"train_acc_s\": 0.9869, \"steps\": 775, \"teacher_test_acc\": 0.155, \"teacher_test_loss\": 3.7517, \"teacher_test_macro_f1\": 0.0971, \"gpu\": 1, \"peak_alloc_gb\": 3.3251, \"peak_reserved_gb\": 4.1133}\n"}
,{"stream_name":"stdout","time":10098.451657817,"data":"VRAM 2026/10/04 11:36:01.900, 0, 4367 MiB, 15360 MiB, 89 %\n"}
,{"stream_name":"stdout","time":10098.454138866,"data":"VRAM 2026/10/04 11:36:01.903, 1, 4357 MiB, 15360 MiB, 88 %\n"}
,{"stream_name":"stdout","time":10158.462278582,"data":"VRAM 2026/10/04 11:37:01.912, 0, 4367 MiB, 15360 MiB, 100 %\n"}
,{"stream_name":"stdout","time":10158.463665682,"data":"VRAM 2026/10/04 11:37:01.914, 1, 4357 MiB, 15360 MiB, 93 %\n"}
,{"stream_name":"stdout","time":10162.422139722,"data":"  round 8 client p022: {\"ce_t\": 0.0364, \"ce_s\": 0.0465, \"kl_t\": 0.0347, \"kl_s\": 0.0298, \"hid\": 0.0216, \"loss\": 1.1495, \"train_acc_t\": 0.9987, \"train_acc_s\": 0.9946, \"steps\": 775, \"teacher_test_acc\": 0.125, \"teacher_test_loss\": 3.4796, \"teacher_test_macro_f1\": 0.0475, \"gpu\": 0, \"peak_alloc_gb\": 3.3244, \"peak_reserved_gb\": 4.1133}\n"}
,{"stream_name":"stdout","time":10191.494539671,"data":"  round 8 client p024: {\"ce_t\": 0.0428, \"ce_s\": 0.059, \"kl_t\": 0.0536, \"kl_s\": 0.0454, \"hid\": 0.0225, \"loss\": 1.1512, \"train_acc_t\": 0.9972, \"train_acc_s\": 0.991, \"steps\": 770, \"teacher_test_acc\": 0.118, \"teacher_test_loss\": 3.64, \"teacher_test_macro_f1\": 0.056, \"gpu\": 1, \"peak_alloc_gb\": 3.3176, \"peak_reserved_gb\": 4.1133}\n"}
,{"stream_name":"stdout","time":10218.471119227,"data":"VRAM 2026/10/04 11:38:01.921, 0, 4367 MiB, 15360 MiB, 89 %\n"}
,{"stream_name":"stdout","time":10218.473853682,"data":"VRAM 2026/10/04 11:38:01.923, 1, 4357 MiB, 15360 MiB, 86 %\n"}
,{"stream_name":"stdout","time":10278.482420557,"data":"VRAM 2026/10/04 11:39:01.932, 0, 4367 MiB, 15360 MiB, 87 %\n"}
,{"stream_name":"stdout","time":10278.484221546,"data":"VRAM 2026/10/04 11:39:01.934, 1, 4357 MiB, 15360 MiB, 88 %\n"}
,{"stream_name":"stdout","time":10296.766476759,"data":"  round 8 client p035: {\"ce_t\": 0.0496, \"ce_s\": 0.0671, \"kl_t\": 0.0505, \"kl_s\": 0.044, \"hid\": 0.0291, \"loss\": 1.2943, \"train_acc_t\": 0.9967, \"train_acc_s\": 0.9882, \"steps\": 530, \"teacher_test_acc\": 0.07, \"teacher_test_loss\": 3.0377, \"teacher_test_macro_f1\": 0.0337, \"gpu\": 1, \"peak_alloc_gb\": 3.3089, \"peak_reserved_gb\": 4.1133}\n"}
,{"stream_name":"stdout","time":10309.159113917,"data":"  round 8 client p026: {\"ce_t\": 0.0611, \"ce_s\": 0.0969, \"kl_t\": 0.0669, \"kl_s\": 0.0578, \"hid\": 0.0302, \"loss\": 1.2461, \"train_acc_t\": 0.998, \"train_acc_s\": 0.9813, \"steps\": 750, \"teacher_test_acc\": 0.109, \"teacher_test_loss\": 3.2915, \"teacher_test_macro_f1\": 0.0468, \"gpu\": 0, \"peak_alloc_gb\": 3.32, \"peak_reserved_gb\": 4.1133}\n"}
,{"stream_name":"stdout","time":10338.492376109,"data":"VRAM 2026/10/04 11:40:01.942, 0, 4367 MiB, 15360 MiB, 89 %\n"}
,{"stream_name":"stdout","time":10338.493675995,"data":"VRAM 2026/10/04 11:40:01.944, 1, 4357 MiB, 15360 MiB, 87 %\n"}
,{"stream_name":"stdout","time":10380.804582079,"data":"  round 8 client p039: {\"ce_t\": 0.0754, \"ce_s\": 0.0908, \"kl_t\": 0.0801, \"kl_s\": 0.0728, \"hid\": 0.049, \"loss\": 1.5683, \"train_acc_t\": 0.9935, \"train_acc_s\": 0.9819, \"steps\": 410, \"teacher_test_acc\": 0.143, \"teacher_test_loss\": 3.3618, \"teacher_test_macro_f1\": 0.0879, \"gpu\": 1, \"peak_alloc_gb\": 3.3205, \"peak_reserved_gb\": 4.1133}\n"}
,{"stream_name":"stdout","time":10387.723024775,"data":"  round 8 client p041: {\"ce_t\": 0.063, \"ce_s\": 0.0911, \"kl_t\": 0.0697, \"kl_s\": 0.0581, \"hid\": 0.0436, \"loss\": 1.5302, \"train_acc_t\": 0.9983, \"train_acc_s\": 0.9841, \"steps\": 380, \"teacher_test_acc\": 0.198, \"teacher_test_loss\": 2.8318, \"teacher_test_macro_f1\": 0.1401, \"gpu\": 0, \"peak_alloc_gb\": 3.329, \"peak_reserved_gb\": 4.1133}\n"}
,{"stream_name":"stdout","time":10398.505529711,"data":"VRAM 2026/10/04 11:41:01.952, 0, 4367 MiB, 15360 MiB, 94 %\n"}
,{"stream_name":"stdout","time":10398.507421909,"data":"VRAM 2026/10/04 11:41:01.957, 1, 4357 MiB, 15360 MiB, 93 %\n"}
,{"stream_name":"stdout","time":10456.910924858,"data":"  round 8 client p042: {\"ce_t\": 0.0565, \"ce_s\": 0.0773, \"kl_t\": 0.0723, \"kl_s\": 0.0587, \"hid\": 0.0381, \"loss\": 1.4379, \"train_acc_t\": 0.9956, \"train_acc_s\": 0.9882, \"steps\": 370, \"teacher_test_acc\": 0.209, \"teacher_test_loss\": 2.1484, \"teacher_test_macro_f1\": 0.2142, \"gpu\": 1, \"peak_alloc_gb\": 3.3337, \"peak_reserved_gb\": 4.1133}\n"}
,{"stream_name":"stdout","time":10458.514386412,"data":"VRAM 2026/10/04 11:42:01.965, 0, 4367 MiB, 15360 MiB, 59 %\n"}
,{"stream_name":"stdout","time":10458.515793248,"data":"VRAM 2026/10/04 11:42:01.966, 1, 4357 MiB, 15360 MiB, 9 %\n"}
,{"stream_name":"stdout","time":10479.901482622,"data":"  round 8 client p045: {\"ce_t\": 0.0522, \"ce_s\": 0.0734, \"kl_t\": 0.0582, \"kl_s\": 0.0474, \"hid\": 0.0319, \"loss\": 1.3855, \"train_acc_t\": 0.9956, \"train_acc_s\": 0.9845, \"steps\": 455, \"teacher_test_acc\": 0.122, \"teacher_test_loss\": 3.045, \"teacher_test_macro_f1\": 0.033, \"gpu\": 0, \"peak_alloc_gb\": 3.319, \"peak_reserved_gb\": 4.1133}\n"}
,{"stream_name":"stdout","time":10518.524647809,"data":"VRAM 2026/10/04 11:43:01.974, 0, 4367 MiB, 15360 MiB, 94 %\n"}
,{"stream_name":"stdout","time":10518.525584148,"data":"VRAM 2026/10/04 11:43:01.976, 1, 4357 MiB, 15360 MiB, 76 %\n"}
,{"stream_name":"stdout","time":10563.117400754,"data":"  round 8 client p047: {\"ce_t\": 0.0604, \"ce_s\": 0.0985, \"kl_t\": 0.0649, \"kl_s\": 0.0558, \"hid\": 0.0312, \"loss\": 1.2632, \"train_acc_t\": 0.9964, \"train_acc_s\": 0.9816, \"steps\": 525, \"teacher_test_acc\": 0.175, \"teacher_test_loss\": 2.737, \"teacher_test_macro_f1\": 0.066, \"gpu\": 1, \"peak_alloc_gb\": 3.3214, \"peak_reserved_gb\": 4.1133}\n"}
,{"stream_name":"stdout","time":10578.533733644,"data":"VRAM 2026/10/04 11:44:01.984, 0, 4367 MiB, 15360 MiB, 90 %\n"}
,{"stream_name":"stdout","time":10578.535425495,"data":"VRAM 2026/10/04 11:44:01.986, 1, 4357 MiB, 15360 MiB, 85 %\n"}
,{"stream_name":"stdout","time":10606.155083842,"data":"  round 8 client p049: {\"ce_t\": 0.0446, \"ce_s\": 0.0597, \"kl_t\": 0.0463, \"kl_s\": 0.0367, \"hid\": 0.025, \"loss\": 1.1949, \"train_acc_t\": 0.9986, \"train_acc_s\": 0.9911, \"steps\": 635, \"teacher_test_acc\": 0.122, \"teacher_test_loss\": 4.5957, \"teacher_test_macro_f1\": 0.0218, \"gpu\": 0, \"peak_alloc_gb\": 3.332, \"peak_reserved_gb\": 4.1133}\n"}
,{"stream_name":"stdout","time":10638.546640614,"data":"VRAM 2026/10/04 11:45:01.994, 0, 4367 MiB, 15360 MiB, 77 %\n"}
,{"stream_name":"stdout","time":10638.550210424,"data":"VRAM 2026/10/04 11:45:01.998, 1, 4357 MiB, 15360 MiB, 93 %\n"}
,{"stream_name":"stdout","time":10662.218240646,"data":"  round 8 client p050: {\"ce_t\": 0.0744, \"ce_s\": 0.1266, \"kl_t\": 0.0908, \"kl_s\": 0.0783, \"hid\": 0.0417, \"loss\": 1.4508, \"train_acc_t\": 0.9965, \"train_acc_s\": 0.9739, \"steps\": 495, \"teacher_test_acc\": 0.105, \"teacher_test_loss\": 3.2606, \"teacher_test_macro_f1\": 0.0358, \"gpu\": 1, \"peak_alloc_gb\": 3.3255, \"peak_reserved_gb\": 4.1133}\n"}
,{"stream_name":"stdout","time":10698.558303718,"data":"VRAM 2026/10/04 11:46:02.008, 0, 4367 MiB, 15360 MiB, 93 %\n"}
,{"stream_name":"stdout","time":10698.559661864,"data":"VRAM 2026/10/04 11:46:02.010, 1, 4357 MiB, 15360 MiB, 81 %\n"}
,{"stream_name":"stdout","time":10720.32150717,"data":"  round 8 client p051: {\"ce_t\": 0.0631, \"ce_s\": 0.1062, \"kl_t\": 0.0762, \"kl_s\": 0.0692, \"hid\": 0.0346, \"loss\": 1.3354, \"train_acc_t\": 0.9946, \"train_acc_s\": 0.9798, \"steps\": 575, \"teacher_test_acc\": 0.134, \"teacher_test_loss\": 2.6576, \"teacher_test_macro_f1\": 0.0964, \"gpu\": 0, \"peak_alloc_gb\": 3.3135, \"peak_reserved_gb\": 4.1133}\n"}
,{"stream_name":"stdout","time":10755.426627622,"data":"  round 8 client p052: {\"ce_t\": 0.0598, \"ce_s\": 0.0812, \"kl_t\": 0.0593, \"kl_s\": 0.0542, \"hid\": 0.0331, \"loss\": 1.3337, \"train_acc_t\": 0.9959, \"train_acc_s\": 0.9862, \"steps\": 465, \"teacher_test_acc\": 0.261, \"teacher_test_loss\": 2.3847, \"teacher_test_macro_f1\": 0.1789, \"gpu\": 1, \"peak_alloc_gb\": 3.3199, \"peak_reserved_gb\": 4.1133}\n"}
,{"stream_name":"stdout","time":10758.568588712,"data":"VRAM 2026/10/04 11:47:02.018, 0, 4367 MiB, 15360 MiB, 96 %\n"}
,{"stream_name":"stdout","time":10758.569122135,"data":"VRAM 2026/10/04 11:47:02.020, 1, 4357 MiB, 15360 MiB, 92 %\n"}
,{"stream_name":"stdout","time":10818.579379932,"data":"VRAM 2026/10/04 11:48:02.028, 0, 4367 MiB, 15360 MiB, 0 %\n"}
,{"stream_name":"stdout","time":10818.579533369,"data":"VRAM 2026/10/04 11:48:02.029, 1, 4357 MiB, 15360 MiB, 75 %\n"}
,{"stream_name":"stdout","time":10819.727823893,"data":"  round 8 client p056: {\"ce_t\": 0.0697, \"ce_s\": 0.1146, \"kl_t\": 0.0858, \"kl_s\": 0.0737, \"hid\": 0.0375, \"loss\": 1.3261, \"train_acc_t\": 0.9977, \"train_acc_s\": 0.9748, \"steps\": 500, \"teacher_test_acc\": 0.147, \"teacher_test_loss\": 4.9263, \"teacher_test_macro_f1\": 0.0686, \"gpu\": 0, \"peak_alloc_gb\": 3.324, \"peak_reserved_gb\": 4.1133}\n"}
,{"stream_name":"stdout","time":10854.233078495,"data":"  round 8 client p061: {\"ce_t\": 0.0668, \"ce_s\": 0.0859, \"kl_t\": 0.0672, \"kl_s\": 0.062, \"hid\": 0.0393, \"loss\": 1.4305, \"train_acc_t\": 0.996, \"train_acc_s\": 0.9876, \"steps\": 510, \"teacher_test_acc\": 0.3, \"teacher_test_loss\": 2.6637, \"teacher_test_macro_f1\": 0.2418, \"gpu\": 1, \"peak_alloc_gb\": 3.3117, \"peak_reserved_gb\": 4.1133}\n"}
,{"stream_name":"stdout","time":10861.200330723,"data":"ROUND 8/30: global student acc 0.3818 F1 0.3796 | mean teacher acc 0.1468 F1 0.0803 | 19.7 min\n"}
,{"stream_name":"stdout","time":10878.593636919,"data":"VRAM 2026/10/04 11:49:02.037, 0, 4367 MiB, 15360 MiB, 86 %\n"}
,{"stream_name":"stdout","time":10878.593698952,"data":"VRAM 2026/10/04 11:49:02.043, 1, 4357 MiB, 15360 MiB, 85 %\n"}
,{"stream_name":"stdout","time":10938.602161239,"data":"VRAM 2026/10/04 11:50:02.052, 0, 4367 MiB, 15360 MiB, 94 %\n"}
,{"stream_name":"stdout","time":10938.603759438,"data":"VRAM 2026/10/04 11:50:02.054, 1, 4357 MiB, 15360 MiB, 96 %\n"}
,{"stream_name":"stdout","time":10952.105943388,"data":"  round 9 client p002: {\"ce_t\": 0.0506, \"ce_s\": 0.0727, \"kl_t\": 0.0586, \"kl_s\": 0.0473, \"hid\": 0.0336, \"loss\": 1.3633, \"train_acc_t\": 0.9983, \"train_acc_s\": 0.9873, \"steps\": 455, \"teacher_test_acc\": 0.12, \"teacher_test_loss\": 3.3223, \"teacher_test_macro_f1\": 0.0393, \"gpu\": 0, \"peak_alloc_gb\": 3.3338, \"peak_reserved_gb\": 4.1133}\n"}
,{"stream_name":"stdout","time":10963.749886612,"data":"  round 9 client p012: {\"ce_t\": 0.0761, \"ce_s\": 0.1234, \"kl_t\": 0.0961, \"kl_s\": 0.0831, \"hid\": 0.0384, \"loss\": 1.3515, \"train_acc_t\": 0.9973, \"train_acc_s\": 0.9755, \"steps\": 515, \"teacher_test_acc\": 0.071, \"teacher_test_loss\": 4.7102, \"teacher_test_macro_f1\": 0.039, \"gpu\": 1, \"peak_alloc_gb\": 3.3317, \"peak_reserved_gb\": 4.1133}\n"}
,{"stream_name":"stdout","time":10998.612170504,"data":"VRAM 2026/10/04 11:51:02.062, 0, 4367 MiB, 15360 MiB, 87 %\n"}
,{"stream_name":"stdout","time":10998.615324712,"data":"VRAM 2026/10/04 11:51:02.064, 1, 4357 MiB, 15360 MiB, 83 %\n"}
,{"stream_name":"stdout","time":11058.626110087,"data":"VRAM 2026/10/04 11:52:02.073, 0, 4367 MiB, 15360 MiB, 100 %\n"}
,{"stream_name":"stdout","time":11058.626200466,"data":"VRAM 2026/10/04 11:52:02.076, 1, 4357 MiB, 15360 MiB, 85 %\n"}
,{"stream_name":"stdout","time":11061.701788556,"data":"  round 9 client p014: {\"ce_t\": 0.0565, \"ce_s\": 0.0891, \"kl_t\": 0.0613, \"kl_s\": 0.0508, \"hid\": 0.0282, \"loss\": 1.2682, \"train_acc_t\": 0.997, \"train_acc_s\": 0.9804, \"steps\": 550, \"teacher_test_acc\": 0.13, \"teacher_test_loss\": 4.1438, \"teacher_test_macro_f1\": 0.0675, \"gpu\": 0, \"peak_alloc_gb\": 3.3191, \"peak_reserved_gb\": 4.1133}\n"}
,{"stream_name":"stdout","time":11073.338490806,"data":"  round 9 client p015: {\"ce_t\": 0.0553, \"ce_s\": 0.0788, \"kl_t\": 0.0619, \"kl_s\": 0.0536, \"hid\": 0.0281, \"loss\": 1.2608, \"train_acc_t\": 0.9959, \"train_acc_s\": 0.9879, \"steps\": 550, \"teacher_test_acc\": 0.112, \"teacher_test_loss\": 2.9247, \"teacher_test_macro_f1\": 0.0552, \"gpu\": 1, \"peak_alloc_gb\": 3.3175, \"peak_reserved_gb\": 4.1133}\n"}
,{"stream_name":"stdout","time":11118.635492839,"data":"VRAM 2026/10/04 11:53:02.084, 0, 4367 MiB, 15360 MiB, 85 %\n"}
,{"stream_name":"stdout","time":11118.637546468,"data":"VRAM 2026/10/04 11:53:02.087, 1, 4357 MiB, 15360 MiB, 85 %\n"}
,{"stream_name":"stdout","time":11178.646167405,"data":"VRAM 2026/10/04 11:54:02.095, 0, 4367 MiB, 15360 MiB, 89 %\n"}
,{"stream_name":"stdout","time":11178.649291143,"data":"VRAM 2026/10/04 11:54:02.098, 1, 4357 MiB, 15360 MiB, 89 %\n"}
,{"stream_name":"stdout","time":11194.131350644,"data":"  round 9 client p016: {\"ce_t\": 0.0433, \"ce_s\": 0.0541, \"kl_t\": 0.0407, \"kl_s\": 0.0344, \"hid\": 0.0214, \"loss\": 1.1308, \"train_acc_t\": 0.9972, \"train_acc_s\": 0.992, \"steps\": 675, \"teacher_test_acc\": 0.119, \"teacher_test_loss\": 3.4525, \"teacher_test_macro_f1\": 0.0502, \"gpu\": 0, \"peak_alloc_gb\": 3.3358, \"peak_reserved_gb\": 4.1133}\n"}
,{"stream_name":"stdout","time":11224.149333289,"data":"  round 9 client p021: {\"ce_t\": 0.0599, \"ce_s\": 0.0731, \"kl_t\": 0.0489, \"kl_s\": 0.0456, \"hid\": 0.0236, \"loss\": 1.0833, \"train_acc_t\": 0.9942, \"train_acc_s\": 0.988, \"steps\": 775, \"teacher_test_acc\": 0.15, \"teacher_test_loss\": 3.8177, \"teacher_test_macro_f1\": 0.0903, \"gpu\": 1, \"peak_alloc_gb\": 3.3221, \"peak_reserved_gb\": 4.1133}\n"}
,{"stream_name":"stdout","time":11238.66012352,"data":"VRAM 2026/10/04 11:55:02.107, 0, 4367 MiB, 15360 MiB, 86 %\n"}
,{"stream_name":"stdout","time":11238.663132114,"data":"VRAM 2026/10/04 11:55:02.112, 1, 4357 MiB, 15360 MiB, 89 %\n"}
,{"stream_name":"stdout","time":11298.671330742,"data":"VRAM 2026/10/04 11:56:02.121, 0, 4367 MiB, 15360 MiB, 86 %\n"}
,{"stream_name":"stdout","time":11298.672786575,"data":"VRAM 2026/10/04 11:56:02.123, 1, 4357 MiB, 15360 MiB, 83 %\n"}
,{"stream_name":"stdout","time":11345.161514513,"data":"  round 9 client p022: {\"ce_t\": 0.0377, \"ce_s\": 0.0481, \"kl_t\": 0.0372, \"kl_s\": 0.0341, \"hid\": 0.0203, \"loss\": 1.0971, \"train_acc_t\": 0.9969, \"train_acc_s\": 0.9932, \"steps\": 775, \"teacher_test_acc\": 0.141, \"teacher_test_loss\": 3.5262, \"teacher_test_macro_f1\": 0.0869, \"gpu\": 0, \"peak_alloc_gb\": 3.3175, \"peak_reserved_gb\": 4.1133}\n"}
,{"stream_name":"stdout","time":11358.684157141,"data":"VRAM 2026/10/04 11:57:02.131, 0, 4367 MiB, 15360 MiB, 94 %\n"}
,{"stream_name":"stdout","time":11358.686732655,"data":"VRAM 2026/10/04 11:57:02.136, 1, 4357 MiB, 15360 MiB, 96 %\n"}
,{"stream_name":"stdout","time":11372.492106088,"data":"  round 9 client p024: {\"ce_t\": 0.0331, \"ce_s\": 0.0463, \"kl_t\": 0.0366, \"kl_s\": 0.0314, \"hid\": 0.0191, \"loss\": 1.1587, \"train_acc_t\": 0.9987, \"train_acc_s\": 0.9943, \"steps\": 770, \"teacher_test_acc\": 0.093, \"teacher_test_loss\": 2.7972, \"teacher_test_macro_f1\": 0.0587, \"gpu\": 1, \"peak_alloc_gb\": 3.3161, \"peak_reserved_gb\": 4.1133}\n"}
,{"stream_name":"stdout","time":11418.694244288,"data":"VRAM 2026/10/04 11:58:02.145, 0, 4367 MiB, 15360 MiB, 90 %\n"}
,{"stream_name":"stdout","time":11418.695481119,"data":"VRAM 2026/10/04 11:58:02.146, 1, 4357 MiB, 15360 MiB, 88 %\n"}
,{"stream_name":"stdout","time":11477.56448249,"data":"  round 9 client p035: {\"ce_t\": 0.0432, \"ce_s\": 0.0597, \"kl_t\": 0.0457, \"kl_s\": 0.0386, \"hid\": 0.0251, \"loss\": 1.2229, \"train_acc_t\": 0.9976, \"train_acc_s\": 0.9899, \"steps\": 530, \"teacher_test_acc\": 0.097, \"teacher_test_loss\": 3.6115, \"teacher_test_macro_f1\": 0.0348, \"gpu\": 1, \"peak_alloc_gb\": 3.3113, \"peak_reserved_gb\": 4.1133}\n"}
,{"stream_name":"stdout","time":11478.705731534,"data":"VRAM 2026/10/04 11:59:02.154, 0, 4367 MiB, 15360 MiB, 93 %\n"}
,{"stream_name":"stdout","time":11478.707287023,"data":"VRAM 2026/10/04 11:59:02.157, 1, 4357 MiB, 15360 MiB, 0 %\n"}
,{"stream_name":"stdout","time":11491.371126213,"data":"  round 9 client p026: {\"ce_t\": 0.0526, \"ce_s\": 0.082, \"kl_t\": 0.0537, \"kl_s\": 0.0478, \"hid\": 0.0254, \"loss\": 1.1565, \"train_acc_t\": 0.9983, \"train_acc_s\": 0.9843, \"steps\": 750, \"teacher_test_acc\": 0.096, \"teacher_test_loss\": 3.8621, \"teacher_test_macro_f1\": 0.0231, \"gpu\": 0, \"peak_alloc_gb\": 3.3171, \"peak_reserved_gb\": 4.1133}\n"}
,{"stream_name":"stdout","time":11538.715675499,"data":"VRAM 2026/10/04 12:00:02.166, 0, 4367 MiB, 15360 MiB, 89 %\n"}
,{"stream_name":"stdout","time":11538.718059555,"data":"VRAM 2026/10/04 12:00:02.167, 1, 4357 MiB, 15360 MiB, 90 %\n"}
,{"stream_name":"stdout","time":11561.401870759,"data":"  round 9 client p039: {\"ce_t\": 0.0594, \"ce_s\": 0.0829, \"kl_t\": 0.0664, \"kl_s\": 0.0582, \"hid\": 0.0395, \"loss\": 1.4252, \"train_acc_t\": 0.9966, \"train_acc_s\": 0.9856, \"steps\": 410, \"teacher_test_acc\": 0.119, \"teacher_test_loss\": 4.6671, \"teacher_test_macro_f1\": 0.0646, \"gpu\": 1, \"peak_alloc_gb\": 3.3249, \"peak_reserved_gb\": 4.1133}\n"}
,{"stream_name":"stdout","time":11569.866354499,"data":"  round 9 client p041: {\"ce_t\": 0.0565, \"ce_s\": 0.0846, \"kl_t\": 0.0633, \"kl_s\": 0.0544, \"hid\": 0.0359, \"loss\": 1.4061, \"train_acc_t\": 0.999, \"train_acc_s\": 0.9841, \"steps\": 380, \"teacher_test_acc\": 0.151, \"teacher_test_loss\": 2.561, \"teacher_test_macro_f1\": 0.1142, \"gpu\": 0, \"peak_alloc_gb\": 3.3318, \"peak_reserved_gb\": 4.1133}\n"}
,{"stream_name":"stdout","time":11598.729060601,"data":"VRAM 2026/10/04 12:01:02.176, 0, 4367 MiB, 15360 MiB, 97 %\n"}
,{"stream_name":"stdout","time":11598.730673741,"data":"VRAM 2026/10/04 12:01:02.181, 1, 4357 MiB, 15360 MiB, 94 %\n"}
,{"stream_name":"stdout","time":11637.462003167,"data":"  round 9 client p042: {\"ce_t\": 0.0482, \"ce_s\": 0.0828, \"kl_t\": 0.0681, \"kl_s\": 0.0577, \"hid\": 0.0338, \"loss\": 1.3353, \"train_acc_t\": 0.998, \"train_acc_s\": 0.9854, \"steps\": 370, \"teacher_test_acc\": 0.222, \"teacher_test_loss\": 2.2248, \"teacher_test_macro_f1\": 0.1592, \"gpu\": 1, \"peak_alloc_gb\": 3.3264, \"peak_reserved_gb\": 4.1133}\n"}
,{"stream_name":"stdout","time":11658.740746439,"data":"VRAM 2026/10/04 12:02:02.189, 0, 4367 MiB, 15360 MiB, 100 %\n"}
,{"stream_name":"stdout","time":11658.741120137,"data":"VRAM 2026/10/04 12:02:02.191, 1, 4357 MiB, 15360 MiB, 97 %\n"}
,{"stream_name":"stdout","time":11660.951919453,"data":"  round 9 client p045: {\"ce_t\": 0.0472, \"ce_s\": 0.0679, \"kl_t\": 0.0502, \"kl_s\": 0.0432, \"hid\": 0.0277, \"loss\": 1.302, \"train_acc_t\": 0.9975, \"train_acc_s\": 0.9876, \"steps\": 455, \"teacher_test_acc\": 0.117, \"teacher_test_loss\": 3.0384, \"teacher_test_macro_f1\": 0.052, \"gpu\": 0, \"peak_alloc_gb\": 3.3185, \"peak_reserved_gb\": 4.1133}\n"}
,{"stream_name":"stdout","time":11718.751086134,"data":"VRAM 2026/10/04 12:03:02.200, 0, 4367 MiB, 15360 MiB, 92 %\n"}
,{"stream_name":"stdout","time":11718.755519361,"data":"VRAM 2026/10/04 12:03:02.203, 1, 4357 MiB, 15360 MiB, 85 %\n"}
,{"stream_name":"stdout","time":11741.453277658,"data":"  round 9 client p047: {\"ce_t\": 0.0671, \"ce_s\": 0.1079, \"kl_t\": 0.0789, \"kl_s\": 0.0709, \"hid\": 0.032, \"loss\": 1.2584, \"train_acc_t\": 0.9952, \"train_acc_s\": 0.9777, \"steps\": 525, \"teacher_test_acc\": 0.197, \"teacher_test_loss\": 2.4136, \"teacher_test_macro_f1\": 0.0898, \"gpu\": 1, \"peak_alloc_gb\": 3.3137, \"peak_reserved_gb\": 4.1133}\n"}
,{"stream_name":"stdout","time":11778.765987566,"data":"VRAM 2026/10/04 12:04:02.214, 0, 4367 MiB, 15360 MiB, 87 %\n"}
,{"stream_name":"stdout","time":11778.770456177,"data":"VRAM 2026/10/04 12:04:02.218, 1, 4357 MiB, 15360 MiB, 84 %\n"}
,{"stream_name":"stdout","time":11786.244620866,"data":"  round 9 client p049: {\"ce_t\": 0.0429, \"ce_s\": 0.0547, \"kl_t\": 0.0452, \"kl_s\": 0.0373, \"hid\": 0.0225, \"loss\": 1.1587, \"train_acc_t\": 0.9982, \"train_acc_s\": 0.9921, \"steps\": 635, \"teacher_test_acc\": 0.131, \"teacher_test_loss\": 4.0435, \"teacher_test_macro_f1\": 0.0364, \"gpu\": 0, \"peak_alloc_gb\": 3.3312, \"peak_reserved_gb\": 4.1133}\n"}
,{"stream_name":"stdout","time":11838.777871521,"data":"VRAM 2026/10/04 12:05:02.228, 0, 4367 MiB, 15360 MiB, 73 %\n"}
,{"stream_name":"stdout","time":11838.780484641,"data":"VRAM 2026/10/04 12:05:02.230, 1, 4357 MiB, 15360 MiB, 99 %\n"}
,{"stream_name":"stdout","time":11841.215216404,"data":"  round 9 client p050: {\"ce_t\": 0.0712, \"ce_s\": 0.1106, \"kl_t\": 0.0828, \"kl_s\": 0.0723, \"hid\": 0.0332, \"loss\": 1.3052, \"train_acc_t\": 0.9937, \"train_acc_s\": 0.9742, \"steps\": 495, \"teacher_test_acc\": 0.105, \"teacher_test_loss\": 2.8279, \"teacher_test_macro_f1\": 0.019, \"gpu\": 1, \"peak_alloc_gb\": 3.3261, \"peak_reserved_gb\": 4.1133}\n"}
,{"stream_name":"stdout","time":11898.788796786,"data":"VRAM 2026/10/04 12:06:02.239, 0, 4367 MiB, 15360 MiB, 100 %\n"}
,{"stream_name":"stdout","time":11898.791388309,"data":"VRAM 2026/10/04 12:06:02.241, 1, 4357 MiB, 15360 MiB, 94 %\n"}
,{"stream_name":"stdout","time":11901.42479129,"data":"  round 9 client p051: {\"ce_t\": 0.0592, \"ce_s\": 0.0857, \"kl_t\": 0.0592, \"kl_s\": 0.0562, \"hid\": 0.0267, \"loss\": 1.2286, \"train_acc_t\": 0.9933, \"train_acc_s\": 0.9839, \"steps\": 575, \"teacher_test_acc\": 0.162, \"teacher_test_loss\": 2.676, \"teacher_test_macro_f1\": 0.0737, \"gpu\": 0, \"peak_alloc_gb\": 3.3159, \"peak_reserved_gb\": 4.1133}\n"}
,{"stream_name":"stdout","time":11935.640324234,"data":"  round 9 client p052: {\"ce_t\": 0.0509, \"ce_s\": 0.0805, \"kl_t\": 0.0646, \"kl_s\": 0.0531, \"hid\": 0.0279, \"loss\": 1.2674, \"train_acc_t\": 0.9965, \"train_acc_s\": 0.9846, \"steps\": 465, \"teacher_test_acc\": 0.274, \"teacher_test_loss\": 2.3691, \"teacher_test_macro_f1\": 0.186, \"gpu\": 1, \"peak_alloc_gb\": 3.3194, \"peak_reserved_gb\": 4.1133}\n"}
,{"stream_name":"stdout","time":11958.799319459,"data":"VRAM 2026/10/04 12:07:02.249, 0, 4367 MiB, 15360 MiB, 92 %\n"}
,{"stream_name":"stdout","time":11958.800957005,"data":"VRAM 2026/10/04 12:07:02.251, 1, 4357 MiB, 15360 MiB, 89 %\n"}
,{"stream_name":"stdout","time":12002.133460317,"data":"  round 9 client p056: {\"ce_t\": 0.0572, \"ce_s\": 0.096, \"kl_t\": 0.0801, \"kl_s\": 0.0623, \"hid\": 0.0283, \"loss\": 1.1868, \"train_acc_t\": 0.999, \"train_acc_s\": 0.9783, \"steps\": 500, \"teacher_test_acc\": 0.137, \"teacher_test_loss\": 4.4582, \"teacher_test_macro_f1\": 0.0689, \"gpu\": 0, \"peak_alloc_gb\": 3.3231, \"peak_reserved_gb\": 4.1133}\n"}
,{"stream_name":"stdout","time":12018.808463811,"data":"VRAM 2026/10/04 12:08:02.259, 0, 4367 MiB, 15360 MiB, 0 %\n"}
,{"stream_name":"stdout","time":12018.810651306,"data":"VRAM 2026/10/04 12:08:02.260, 1, 4357 MiB, 15360 MiB, 96 %\n"}
,{"stream_name":"stdout","time":12034.644829177,"data":"  round 9 client p061: {\"ce_t\": 0.0592, \"ce_s\": 0.0792, \"kl_t\": 0.0613, \"kl_s\": 0.0543, \"hid\": 0.0319, \"loss\": 1.3097, \"train_acc_t\": 0.9963, \"train_acc_s\": 0.9894, \"steps\": 510, \"teacher_test_acc\": 0.292, \"teacher_test_loss\": 3.0257, \"teacher_test_macro_f1\": 0.2355, \"gpu\": 1, \"peak_alloc_gb\": 3.3155, \"peak_reserved_gb\": 4.1133}\n"}
,{"stream_name":"stdout","time":12041.816370579,"data":"ROUND 9/30: global student acc 0.4123 F1 0.4104 | mean teacher acc 0.1446 F1 0.0783 | 19.7 min\n"}
,{"stream_name":"stdout","time":12078.819660371,"data":"VRAM 2026/10/04 12:09:02.269, 0, 4367 MiB, 15360 MiB, 92 %\n"}
,{"stream_name":"stdout","time":12078.821130026,"data":"VRAM 2026/10/04 12:09:02.271, 1, 4357 MiB, 15360 MiB, 94 %\n"}
,{"stream_name":"stdout","time":12132.037449883,"data":"  round 10 client p002: {\"ce_t\": 0.0526, \"ce_s\": 0.0607, \"kl_t\": 0.052, \"kl_s\": 0.048, \"hid\": 0.0315, \"loss\": 1.3704, \"train_acc_t\": 0.9972, \"train_acc_s\": 0.9917, \"steps\": 455, \"teacher_test_acc\": 0.088, \"teacher_test_loss\": 3.3039, \"teacher_test_macro_f1\": 0.0545, \"gpu\": 0, \"peak_alloc_gb\": 3.3376, \"peak_reserved_gb\": 4.1133}\n"}
,{"stream_name":"stdout","time":12138.830392491,"data":"VRAM 2026/10/04 12:10:02.280, 0, 4367 MiB, 15360 MiB, 77 %\n"}
,{"stream_name":"stdout","time":12138.830430418,"data":"VRAM 2026/10/04 12:10:02.281, 1, 4357 MiB, 15360 MiB, 2 %\n"}
,{"stream_name":"stdout","time":12144.722043953,"data":"  round 10 client p012: {\"ce_t\": 0.0654, \"ce_s\": 0.1101, \"kl_t\": 0.0882, \"kl_s\": 0.073, \"hid\": 0.0324, \"loss\": 1.2955, \"train_acc_t\": 0.9976, \"train_acc_s\": 0.9793, \"steps\": 515, \"teacher_test_acc\": 0.088, \"teacher_test_loss\": 4.0051, \"teacher_test_macro_f1\": 0.0579, \"gpu\": 1, \"peak_alloc_gb\": 3.3346, \"peak_reserved_gb\": 4.1133}\n"}
,{"stream_name":"stdout","time":12198.838602173,"data":"VRAM 2026/10/04 12:11:02.288, 0, 4367 MiB, 15360 MiB, 95 %\n"}
,{"stream_name":"stdout","time":12198.84244316,"data":"VRAM 2026/10/04 12:11:02.290, 1, 4357 MiB, 15360 MiB, 93 %\n"}
,{"stream_name":"stdout","time":12239.519036859,"data":"  round 10 client p014: {\"ce_t\": 0.0548, \"ce_s\": 0.0841, \"kl_t\": 0.0586, \"kl_s\": 0.0468, \"hid\": 0.0253, \"loss\": 1.1989, \"train_acc_t\": 0.9979, \"train_acc_s\": 0.9831, \"steps\": 550, \"teacher_test_acc\": 0.118, \"teacher_test_loss\": 3.9062, \"teacher_test_macro_f1\": 0.0463, \"gpu\": 0, \"peak_alloc_gb\": 3.3265, \"peak_reserved_gb\": 4.1133}\n"}
,{"stream_name":"stdout","time":12252.890124778,"data":"  round 10 client p015: {\"ce_t\": 0.0492, \"ce_s\": 0.0683, \"kl_t\": 0.0525, \"kl_s\": 0.0464, \"hid\": 0.024, \"loss\": 1.1503, \"train_acc_t\": 0.9947, \"train_acc_s\": 0.9883, \"steps\": 550, \"teacher_test_acc\": 0.106, \"teacher_test_loss\": 3.6914, \"teacher_test_macro_f1\": 0.0275, \"gpu\": 1, \"peak_alloc_gb\": 3.3226, \"peak_reserved_gb\": 4.1133}\n"}
,{"stream_name":"stdout","time":12258.850327304,"data":"VRAM 2026/10/04 12:12:02.300, 0, 4367 MiB, 15360 MiB, 81 %\n"}
,{"stream_name":"stdout","time":12258.851913817,"data":"VRAM 2026/10/04 12:12:02.302, 1, 4357 MiB, 15360 MiB, 90 %\n"}
,{"stream_name":"stdout","time":12318.862385159,"data":"VRAM 2026/10/04 12:13:02.310, 0, 4367 MiB, 15360 MiB, 89 %\n"}
,{"stream_name":"stdout","time":12318.865628655,"data":"VRAM 2026/10/04 12:13:02.314, 1, 4357 MiB, 15360 MiB, 90 %\n"}
,{"stream_name":"stdout","time":12372.059257112,"data":"  round 10 client p016: {\"ce_t\": 0.0318, \"ce_s\": 0.0463, \"kl_t\": 0.0277, \"kl_s\": 0.0249, \"hid\": 0.0157, \"loss\": 0.9692, \"train_acc_t\": 0.9993, \"train_acc_s\": 0.9926, \"steps\": 675, \"teacher_test_acc\": 0.101, \"teacher_test_loss\": 6.3291, \"teacher_test_macro_f1\": 0.0241, \"gpu\": 0, \"peak_alloc_gb\": 3.3339, \"peak_reserved_gb\": 4.1133}\n"}
,{"stream_name":"stdout","time":12378.87500533,"data":"VRAM 2026/10/04 12:14:02.323, 0, 4367 MiB, 15360 MiB, 89 %\n"}
,{"stream_name":"stdout","time":12378.877451554,"data":"VRAM 2026/10/04 12:14:02.327, 1, 4357 MiB, 15360 MiB, 85 %\n"}
,{"stream_name":"stdout","time":12402.683835115,"data":"  round 10 client p021: {\"ce_t\": 0.0505, \"ce_s\": 0.0718, \"kl_t\": 0.0483, \"kl_s\": 0.0466, \"hid\": 0.021, \"loss\": 1.0462, \"train_acc_t\": 0.9968, \"train_acc_s\": 0.9871, \"steps\": 775, \"teacher_test_acc\": 0.152, \"teacher_test_loss\": 3.1806, \"teacher_test_macro_f1\": 0.076, \"gpu\": 1, \"peak_alloc_gb\": 3.3292, \"peak_reserved_gb\": 4.1133}\n"}
,{"stream_name":"stdout","time":12438.88497626,"data":"VRAM 2026/10/04 12:15:02.335, 0, 4367 MiB, 15360 MiB, 87 %\n"}
,{"stream_name":"stdout","time":12438.886393565,"data":"VRAM 2026/10/04 12:15:02.337, 1, 4357 MiB, 15360 MiB, 88 %\n"}
,{"stream_name":"stdout","time":12498.89439694,"data":"VRAM 2026/10/04 12:16:02.345, 0, 4367 MiB, 15360 MiB, 90 %\n"}
,{"stream_name":"stdout","time":12498.895723455,"data":"VRAM 2026/10/04 12:16:02.346, 1, 4357 MiB, 15360 MiB, 88 %\n"}
,{"stream_name":"stdout","time":12522.77394519,"data":"  round 10 client p022: {\"ce_t\": 0.0302, \"ce_s\": 0.0362, \"kl_t\": 0.022, \"kl_s\": 0.0201, \"hid\": 0.0148, \"loss\": 0.9791, \"train_acc_t\": 0.9989, \"train_acc_s\": 0.9961, \"steps\": 775, \"teacher_test_acc\": 0.141, \"teacher_test_loss\": 3.4612, \"teacher_test_macro_f1\": 0.0712, \"gpu\": 0, \"peak_alloc_gb\": 3.3234, \"peak_reserved_gb\": 4.1133}\n"}
,{"stream_name":"stdout","time":12552.267587958,"data":"  round 10 client p024: {\"ce_t\": 0.0299, \"ce_s\": 0.042, \"kl_t\": 0.03, \"kl_s\": 0.0252, \"hid\": 0.0167, \"loss\": 1.076, \"train_acc_t\": 0.9997, \"train_acc_s\": 0.9945, \"steps\": 770, \"teacher_test_acc\": 0.129, \"teacher_test_loss\": 3.615, \"teacher_test_macro_f1\": 0.0657, \"gpu\": 1, \"peak_alloc_gb\": 3.3191, \"peak_reserved_gb\": 4.1133}\n"}
,{"stream_name":"stdout","time":12558.906406944,"data":"VRAM 2026/10/04 12:17:02.354, 0, 4367 MiB, 15360 MiB, 96 %\n"}
,{"stream_name":"stdout","time":12558.908432568,"data":"VRAM 2026/10/04 12:17:02.358, 1, 4357 MiB, 15360 MiB, 89 %\n"}
,{"stream_name":"stdout","time":12618.917669043,"data":"VRAM 2026/10/04 12:18:02.367, 0, 4367 MiB, 15360 MiB, 85 %\n"}
,{"stream_name":"stdout","time":12618.918789827,"data":"VRAM 2026/10/04 12:18:02.369, 1, 4357 MiB, 15360 MiB, 84 %\n"}
,{"stream_name":"stdout","time":12656.288615415,"data":"  round 10 client p035: {\"ce_t\": 0.0465, \"ce_s\": 0.0575, \"kl_t\": 0.0457, \"kl_s\": 0.0409, \"hid\": 0.0244, \"loss\": 1.222, \"train_acc_t\": 0.996, \"train_acc_s\": 0.9906, \"steps\": 530, \"teacher_test_acc\": 0.081, \"teacher_test_loss\": 3.89, \"teacher_test_macro_f1\": 0.0238, \"gpu\": 1, \"peak_alloc_gb\": 3.3103, \"peak_reserved_gb\": 4.1133}\n"}
,{"stream_name":"stdout","time":12669.046390368,"data":"  round 10 client p026: {\"ce_t\": 0.0516, \"ce_s\": 0.0744, \"kl_t\": 0.0519, \"kl_s\": 0.0411, \"hid\": 0.0212, \"loss\": 1.0633, \"train_acc_t\": 0.9982, \"train_acc_s\": 0.9863, \"steps\": 750, \"teacher_test_acc\": 0.093, \"teacher_test_loss\": 3.9373, \"teacher_test_macro_f1\": 0.017, \"gpu\": 0, \"peak_alloc_gb\": 3.3251, \"peak_reserved_gb\": 4.1133}\n"}
,{"stream_name":"stdout","time":12678.927297002,"data":"VRAM 2026/10/04 12:19:02.377, 0, 4367 MiB, 15360 MiB, 88 %\n"}
,{"stream_name":"stdout","time":12678.929119812,"data":"VRAM 2026/10/04 12:19:02.379, 1, 4357 MiB, 15360 MiB, 86 %\n"}
,{"stream_name":"stdout","time":12738.937199443,"data":"VRAM 2026/10/04 12:20:02.387, 0, 4367 MiB, 15360 MiB, 95 %\n"}
,{"stream_name":"stdout","time":12738.939190473,"data":"VRAM 2026/10/04 12:20:02.389, 1, 4357 MiB, 15360 MiB, 100 %\n"}
,{"stream_name":"stdout","time":12740.517717731,"data":"  round 10 client p039: {\"ce_t\": 0.0696, \"ce_s\": 0.0869, \"kl_t\": 0.0657, \"kl_s\": 0.0636, \"hid\": 0.0393, \"loss\": 1.4248, \"train_acc_t\": 0.9942, \"train_acc_s\": 0.9868, \"steps\": 410, \"teacher_test_acc\": 0.109, \"teacher_test_loss\": 5.2661, \"teacher_test_macro_f1\": 0.0364, \"gpu\": 1, \"peak_alloc_gb\": 3.3231, \"peak_reserved_gb\": 4.1133}\n"}
,{"stream_name":"stdout","time":12748.026380531,"data":"  round 10 client p041: {\"ce_t\": 0.0488, \"ce_s\": 0.0614, \"kl_t\": 0.0445, \"kl_s\": 0.0398, \"hid\": 0.0287, \"loss\": 1.2877, \"train_acc_t\": 0.9977, \"train_acc_s\": 0.9914, \"steps\": 380, \"teacher_test_acc\": 0.173, \"teacher_test_loss\": 2.5575, \"teacher_test_macro_f1\": 0.1361, \"gpu\": 0, \"peak_alloc_gb\": 3.3325, \"peak_reserved_gb\": 4.1133}\n"}
,{"stream_name":"stdout","time":12798.950096907,"data":"VRAM 2026/10/04 12:21:02.398, 0, 4367 MiB, 15360 MiB, 86 %\n"}
,{"stream_name":"stdout","time":12798.950579901,"data":"VRAM 2026/10/04 12:21:02.399, 1, 4357 MiB, 15360 MiB, 91 %\n"}
,{"stream_name":"stdout","time":12816.858036192,"data":"  round 10 client p042: {\"ce_t\": 0.0429, \"ce_s\": 0.0624, \"kl_t\": 0.0533, \"kl_s\": 0.0418, \"hid\": 0.0256, \"loss\": 1.1927, \"train_acc_t\": 0.9986, \"train_acc_s\": 0.9898, \"steps\": 370, \"teacher_test_acc\": 0.256, \"teacher_test_loss\": 2.1527, \"teacher_test_macro_f1\": 0.1632, \"gpu\": 1, \"peak_alloc_gb\": 3.324, \"peak_reserved_gb\": 4.1133}\n"}
,{"stream_name":"stdout","time":12840.554148373,"data":"  round 10 client p045: {\"ce_t\": 0.0429, \"ce_s\": 0.0619, \"kl_t\": 0.0409, \"kl_s\": 0.0346, \"hid\": 0.0234, \"loss\": 1.1661, \"train_acc_t\": 0.9981, \"train_acc_s\": 0.989, \"steps\": 455, \"teacher_test_acc\": 0.107, \"teacher_test_loss\": 2.9531, \"teacher_test_macro_f1\": 0.0255, \"gpu\": 0, \"peak_alloc_gb\": 3.316, \"peak_reserved_gb\": 4.1133}\n"}
,{"stream_name":"stdout","time":12858.960153335,"data":"VRAM 2026/10/04 12:22:02.409, 0, 4367 MiB, 15360 MiB, 88 %\n"}
,{"stream_name":"stdout","time":12858.963369237,"data":"VRAM 2026/10/04 12:22:02.412, 1, 4357 MiB, 15360 MiB, 85 %\n"}
,{"stream_name":"stdout","time":12918.975132152,"data":"VRAM 2026/10/04 12:23:02.422, 0, 4367 MiB, 15360 MiB, 85 %\n"}
,{"stream_name":"stdout","time":12918.97546927,"data":"VRAM 2026/10/04 12:23:02.425, 1, 4357 MiB, 15360 MiB, 100 %\n"}
,{"stream_name":"stdout","time":12921.824832998,"data":"  round 10 client p047: {\"ce_t\": 0.056, \"ce_s\": 0.0998, \"kl_t\": 0.0682, \"kl_s\": 0.0595, \"hid\": 0.025, \"loss\": 1.1397, \"train_acc_t\": 0.9964, \"train_acc_s\": 0.9806, \"steps\": 525, \"teacher_test_acc\": 0.141, \"teacher_test_loss\": 2.8508, \"teacher_test_macro_f1\": 0.0756, \"gpu\": 1, \"peak_alloc_gb\": 3.3183, \"peak_reserved_gb\": 4.1133}\n"}
,{"stream_name":"stdout","time":12966.767340976,"data":"  round 10 client p049: {\"ce_t\": 0.0462, \"ce_s\": 0.0639, \"kl_t\": 0.0484, \"kl_s\": 0.0423, \"hid\": 0.0217, \"loss\": 1.1039, \"train_acc_t\": 0.9982, \"train_acc_s\": 0.9903, \"steps\": 635, \"teacher_test_acc\": 0.129, \"teacher_test_loss\": 4.6215, \"teacher_test_macro_f1\": 0.0369, \"gpu\": 0, \"peak_alloc_gb\": 3.3324, \"peak_reserved_gb\": 4.1133}\n"}
,{"stream_name":"stdout","time":12978.983905498,"data":"VRAM 2026/10/04 12:24:02.434, 0, 4367 MiB, 15360 MiB, 81 %\n"}
,{"stream_name":"stdout","time":12978.98579632,"data":"VRAM 2026/10/04 12:24:02.436, 1, 4357 MiB, 15360 MiB, 83 %\n"}
,{"stream_name":"stdout","time":13021.144203418,"data":"  round 10 client p050: {\"ce_t\": 0.0624, \"ce_s\": 0.1063, \"kl_t\": 0.0773, \"kl_s\": 0.0612, \"hid\": 0.0295, \"loss\": 1.2336, \"train_acc_t\": 0.9965, \"train_acc_s\": 0.9759, \"steps\": 495, \"teacher_test_acc\": 0.106, \"teacher_test_loss\": 2.7119, \"teacher_test_macro_f1\": 0.0231, \"gpu\": 1, \"peak_alloc_gb\": 3.326, \"peak_reserved_gb\": 4.1133}\n"}
,{"stream_name":"stdout","time":13038.993850388,"data":"VRAM 2026/10/04 12:25:02.444, 0, 4367 MiB, 15360 MiB, 91 %\n"}
,{"stream_name":"stdout","time":13038.995172512,"data":"VRAM 2026/10/04 12:25:02.446, 1, 4357 MiB, 15360 MiB, 84 %\n"}
,{"stream_name":"stdout","time":13080.525219805,"data":"  round 10 client p051: {\"ce_t\": 0.066, \"ce_s\": 0.0952, \"kl_t\": 0.0694, \"kl_s\": 0.0608, \"hid\": 0.0263, \"loss\": 1.1703, \"train_acc_t\": 0.9935, \"train_acc_s\": 0.9824, \"steps\": 575, \"teacher_test_acc\": 0.108, \"teacher_test_loss\": 3.8636, \"teacher_test_macro_f1\": 0.0391, \"gpu\": 0, \"peak_alloc_gb\": 3.3156, \"peak_reserved_gb\": 4.1133}\n"}
,{"stream_name":"stdout","time":13099.003264596,"data":"VRAM 2026/10/04 12:26:02.453, 0, 4367 MiB, 15360 MiB, 90 %\n"}
,{"stream_name":"stdout","time":13099.004906775,"data":"VRAM 2026/10/04 12:26:02.455, 1, 4357 MiB, 15360 MiB, 89 %\n"}
,{"stream_name":"stdout","time":13115.689758867,"data":"  round 10 client p052: {\"ce_t\": 0.0515, \"ce_s\": 0.0809, \"kl_t\": 0.0632, \"kl_s\": 0.0521, \"hid\": 0.0247, \"loss\": 1.1669, \"train_acc_t\": 0.9968, \"train_acc_s\": 0.983, \"steps\": 465, \"teacher_test_acc\": 0.219, \"teacher_test_loss\": 2.6778, \"teacher_test_macro_f1\": 0.1337, \"gpu\": 1, \"peak_alloc_gb\": 3.3123, \"peak_reserved_gb\": 4.1133}\n"}
,{"stream_name":"stdout","time":13159.018625598,"data":"VRAM 2026/10/04 12:27:02.463, 0, 4367 MiB, 15360 MiB, 89 %\n"}
,{"stream_name":"stdout","time":13159.018904952,"data":"VRAM 2026/10/04 12:27:02.468, 1, 4357 MiB, 15360 MiB, 91 %\n"}
,{"stream_name":"stdout","time":13182.086079936,"data":"  round 10 client p056: {\"ce_t\": 0.0601, \"ce_s\": 0.0918, \"kl_t\": 0.0744, \"kl_s\": 0.0618, \"hid\": 0.0276, \"loss\": 1.1946, \"train_acc_t\": 0.9967, \"train_acc_s\": 0.9836, \"steps\": 500, \"teacher_test_acc\": 0.191, \"teacher_test_loss\": 2.671, \"teacher_test_macro_f1\": 0.1156, \"gpu\": 0, \"peak_alloc_gb\": 3.3276, \"peak_reserved_gb\": 4.1133}\n"}
,{"stream_name":"stdout","time":13216.081435378,"data":"  round 10 client p061: {\"ce_t\": 0.0512, \"ce_s\": 0.0711, \"kl_t\": 0.0548, \"kl_s\": 0.0487, \"hid\": 0.0281, \"loss\": 1.2528, \"train_acc_t\": 0.9968, \"train_acc_s\": 0.9911, \"steps\": 510, \"teacher_test_acc\": 0.241, \"teacher_test_loss\": 3.6584, \"teacher_test_macro_f1\": 0.1816, \"gpu\": 1, \"peak_alloc_gb\": 3.3097, \"peak_reserved_gb\": 4.1133}\n"}
,{"stream_name":"stdout","time":13219.028709256,"data":"VRAM 2026/10/04 12:28:02.477, 0, 4367 MiB, 15360 MiB, 99 %\n"}
,{"stream_name":"stdout","time":13219.028775051,"data":"VRAM 2026/10/04 12:28:02.479, 1, 4357 MiB, 15360 MiB, 0 %\n"}
,{"stream_name":"stdout","time":13223.211174413,"data":"ROUND 10/30: global student acc 0.4212 F1 0.4142 | mean teacher acc 0.1370 F1 0.0681 | 19.7 min\n"}
,{"stream_name":"stdout","time":13279.03737946,"data":"VRAM 2026/10/04 12:29:02.487, 0, 4367 MiB, 15360 MiB, 84 %\n"}
,{"stream_name":"stdout","time":13279.03876793,"data":"VRAM 2026/10/04 12:29:02.489, 1, 4357 MiB, 15360 MiB, 88 %\n"}
,{"stream_name":"stdout","time":13314.660136058,"data":"  round 11 client p002: {\"ce_t\": 0.047, \"ce_s\": 0.0655, \"kl_t\": 0.0505, \"kl_s\": 0.0434, \"hid\": 0.0283, \"loss\": 1.2621, \"train_acc_t\": 0.9983, \"train_acc_s\": 0.9909, \"steps\": 455, \"teacher_test_acc\": 0.094, \"teacher_test_loss\": 3.6176, \"teacher_test_macro_f1\": 0.0204, \"gpu\": 0, \"peak_alloc_gb\": 3.3374, \"peak_reserved_gb\": 4.1133}\n"}
,{"stream_name":"stdout","time":13327.084960194,"data":"  round 11 client p012: {\"ce_t\": 0.0723, \"ce_s\": 0.1182, \"kl_t\": 0.0967, \"kl_s\": 0.0844, \"hid\": 0.0318, \"loss\": 1.2853, \"train_acc_t\": 0.9966, \"train_acc_s\": 0.9759, \"steps\": 515, \"teacher_test_acc\": 0.105, \"teacher_test_loss\": 4.0659, \"teacher_test_macro_f1\": 0.0618, \"gpu\": 1, \"peak_alloc_gb\": 3.3387, \"peak_reserved_gb\": 4.1133}\n"}
,{"stream_name":"stdout","time":13339.047657583,"data":"VRAM 2026/10/04 12:30:02.497, 0, 4367 MiB, 15360 MiB, 91 %\n"}
,{"stream_name":"stdout","time":13339.049712324,"data":"VRAM 2026/10/04 12:30:02.499, 1, 4357 MiB, 15360 MiB, 95 %\n"}
,{"stream_name":"stdout","time":13399.05789079,"data":"VRAM 2026/10/04 12:31:02.508, 0, 4367 MiB, 15360 MiB, 92 %\n"}
,{"stream_name":"stdout","time":13399.060257313,"data":"VRAM 2026/10/04 12:31:02.510, 1, 4357 MiB, 15360 MiB, 94 %\n"}
,{"stream_name":"stdout","time":13424.711938736,"data":"  round 11 client p014: {\"ce_t\": 0.0536, \"ce_s\": 0.0787, \"kl_t\": 0.0515, \"kl_s\": 0.0418, \"hid\": 0.0234, \"loss\": 1.1694, \"train_acc_t\": 0.9975, \"train_acc_s\": 0.9847, \"steps\": 550, \"teacher_test_acc\": 0.088, \"teacher_test_loss\": 3.8828, \"teacher_test_macro_f1\": 0.0216, \"gpu\": 0, \"peak_alloc_gb\": 3.3213, \"peak_reserved_gb\": 4.1133}\n"}
,{"stream_name":"stdout","time":13437.187426011,"data":"  round 11 client p015: {\"ce_t\": 0.0445, \"ce_s\": 0.0647, \"kl_t\": 0.0518, \"kl_s\": 0.0423, \"hid\": 0.0212, \"loss\": 1.1136, \"train_acc_t\": 0.9975, \"train_acc_s\": 0.9883, \"steps\": 550, \"teacher_test_acc\": 0.11, \"teacher_test_loss\": 3.6211, \"teacher_test_macro_f1\": 0.0287, \"gpu\": 1, \"peak_alloc_gb\": 3.3189, \"peak_reserved_gb\": 4.1133}\n"}
,{"stream_name":"stdout","time":13459.068897799,"data":"VRAM 2026/10/04 12:32:02.519, 0, 4367 MiB, 15360 MiB, 83 %\n"}
,{"stream_name":"stdout","time":13459.071804169,"data":"VRAM 2026/10/04 12:32:02.521, 1, 4357 MiB, 15360 MiB, 84 %\n"}
,{"stream_name":"stdout","time":13519.081851278,"data":"VRAM 2026/10/04 12:33:02.530, 0, 4367 MiB, 15360 MiB, 91 %\n"}
,{"stream_name":"stdout","time":13519.081958792,"data":"VRAM 2026/10/04 12:33:02.532, 1, 4357 MiB, 15360 MiB, 93 %\n"}
,{"stream_name":"stdout","time":13556.844376741,"data":"  round 11 client p016: {\"ce_t\": 0.0305, \"ce_s\": 0.0469, \"kl_t\": 0.0344, \"kl_s\": 0.0269, \"hid\": 0.0137, \"loss\": 0.9512, \"train_acc_t\": 0.9985, \"train_acc_s\": 0.9922, \"steps\": 675, \"teacher_test_acc\": 0.111, \"teacher_test_loss\": 6.9407, \"teacher_test_macro_f1\": 0.0365, \"gpu\": 0, \"peak_alloc_gb\": 3.3348, \"peak_reserved_gb\": 4.1133}\n"}
,{"stream_name":"stdout","time":13579.092545526,"data":"VRAM 2026/10/04 12:34:02.541, 0, 4367 MiB, 15360 MiB, 85 %\n"}
,{"stream_name":"stdout","time":13579.095182921,"data":"VRAM 2026/10/04 12:34:02.544, 1, 4357 MiB, 15360 MiB, 86 %\n"}
,{"stream_name":"stdout","time":13587.878712419,"data":"  round 11 client p021: {\"ce_t\": 0.0474, \"ce_s\": 0.0683, \"kl_t\": 0.0483, \"kl_s\": 0.0445, \"hid\": 0.0207, \"loss\": 1.063, \"train_acc_t\": 0.9971, \"train_acc_s\": 0.9867, \"steps\": 775, \"teacher_test_acc\": 0.156, \"teacher_test_loss\": 3.9409, \"teacher_test_macro_f1\": 0.093, \"gpu\": 1, \"peak_alloc_gb\": 3.3199, \"peak_reserved_gb\": 4.1133}\n"}
,{"stream_name":"stdout","time":13639.102903303,"data":"VRAM 2026/10/04 12:35:02.553, 0, 4367 MiB, 15360 MiB, 83 %\n"}
,{"stream_name":"stdout","time":13639.104236777,"data":"VRAM 2026/10/04 12:35:02.555, 1, 4357 MiB, 15360 MiB, 84 %\n"}
,{"stream_name":"stdout","time":13699.113388404,"data":"VRAM 2026/10/04 12:36:02.563, 0, 4367 MiB, 15360 MiB, 90 %\n"}
,{"stream_name":"stdout","time":13699.115819433,"data":"VRAM 2026/10/04 12:36:02.565, 1, 4357 MiB, 15360 MiB, 90 %\n"}
,{"stream_name":"stdout","time":13709.581932431,"data":"  round 11 client p022: {\"ce_t\": 0.0223, \"ce_s\": 0.0284, \"kl_t\": 0.017, \"kl_s\": 0.0153, \"hid\": 0.0111, \"loss\": 0.9055, \"train_acc_t\": 0.9992, \"train_acc_s\": 0.9969, \"steps\": 775, \"teacher_test_acc\": 0.142, \"teacher_test_loss\": 3.2691, \"teacher_test_macro_f1\": 0.1045, \"gpu\": 0, \"peak_alloc_gb\": 3.3229, \"peak_reserved_gb\": 4.1133}\n"}
,{"stream_name":"stdout","time":13739.490983199,"data":"  round 11 client p024: {\"ce_t\": 0.0367, \"ce_s\": 0.0522, \"kl_t\": 0.0381, \"kl_s\": 0.0355, \"hid\": 0.0179, \"loss\": 1.0512, \"train_acc_t\": 0.9982, \"train_acc_s\": 0.9915, \"steps\": 770, \"teacher_test_acc\": 0.121, \"teacher_test_loss\": 3.4312, \"teacher_test_macro_f1\": 0.0628, \"gpu\": 1, \"peak_alloc_gb\": 3.3147, \"peak_reserved_gb\": 4.1133}\n"}
,{"stream_name":"stdout","time":13759.123292653,"data":"VRAM 2026/10/04 12:37:02.574, 0, 4367 MiB, 15360 MiB, 91 %\n"}
,{"stream_name":"stdout","time":13759.125857162,"data":"VRAM 2026/10/04 12:37:02.575, 1, 4357 MiB, 15360 MiB, 89 %\n"}
,{"stream_name":"stdout","time":13819.133893472,"data":"VRAM 2026/10/04 12:38:02.584, 0, 4367 MiB, 15360 MiB, 93 %\n"}
,{"stream_name":"stdout","time":13819.135637654,"data":"VRAM 2026/10/04 12:38:02.586, 1, 4357 MiB, 15360 MiB, 90 %\n"}
,{"stream_name":"stdout","time":13843.551194094,"data":"  round 11 client p035: {\"ce_t\": 0.0444, \"ce_s\": 0.0611, \"kl_t\": 0.0527, \"kl_s\": 0.0444, \"hid\": 0.0228, \"loss\": 1.1453, \"train_acc_t\": 0.9974, \"train_acc_s\": 0.9896, \"steps\": 530, \"teacher_test_acc\": 0.088, \"teacher_test_loss\": 2.8776, \"teacher_test_macro_f1\": 0.0404, \"gpu\": 1, \"peak_alloc_gb\": 3.301, \"peak_reserved_gb\": 4.1133}\n"}
,{"stream_name":"stdout","time":13856.374049196,"data":"  round 11 client p026: {\"ce_t\": 0.0495, \"ce_s\": 0.0832, \"kl_t\": 0.0592, \"kl_s\": 0.0486, \"hid\": 0.0211, \"loss\": 1.0666, \"train_acc_t\": 0.9987, \"train_acc_s\": 0.9843, \"steps\": 750, \"teacher_test_acc\": 0.097, \"teacher_test_loss\": 2.9692, \"teacher_test_macro_f1\": 0.025, \"gpu\": 0, \"peak_alloc_gb\": 3.326, \"peak_reserved_gb\": 4.1133}\n"}
,{"stream_name":"stdout","time":13879.143992943,"data":"VRAM 2026/10/04 12:39:02.594, 0, 4367 MiB, 15360 MiB, 89 %\n"}
,{"stream_name":"stdout","time":13879.146525335,"data":"VRAM 2026/10/04 12:39:02.596, 1, 4357 MiB, 15360 MiB, 92 %\n"}
,{"stream_name":"stdout","time":13927.209466236,"data":"  round 11 client p039: {\"ce_t\": 0.0609, \"ce_s\": 0.0788, \"kl_t\": 0.0719, \"kl_s\": 0.0632, \"hid\": 0.0308, \"loss\": 1.2684, \"train_acc_t\": 0.9929, \"train_acc_s\": 0.9856, \"steps\": 410, \"teacher_test_acc\": 0.099, \"teacher_test_loss\": 5.6306, \"teacher_test_macro_f1\": 0.0227, \"gpu\": 1, \"peak_alloc_gb\": 3.3178, \"peak_reserved_gb\": 4.1133}\n"}
,{"stream_name":"stdout","time":13934.814678052,"data":"  round 11 client p041: {\"ce_t\": 0.0542, \"ce_s\": 0.0701, \"kl_t\": 0.0543, \"kl_s\": 0.0476, \"hid\": 0.0298, \"loss\": 1.2734, \"train_acc_t\": 0.9974, \"train_acc_s\": 0.9898, \"steps\": 380, \"teacher_test_acc\": 0.162, \"teacher_test_loss\": 2.8121, \"teacher_test_macro_f1\": 0.092, \"gpu\": 0, \"peak_alloc_gb\": 3.3414, \"peak_reserved_gb\": 4.1133}\n"}
,{"stream_name":"stdout","time":13939.154186964,"data":"VRAM 2026/10/04 12:40:02.604, 0, 4367 MiB, 15360 MiB, 86 %\n"}
,{"stream_name":"stdout","time":13939.15640765,"data":"VRAM 2026/10/04 12:40:02.606, 1, 4357 MiB, 15360 MiB, 84 %\n"}
,{"stream_name":"stdout","time":13999.16438311,"data":"VRAM 2026/10/04 12:41:02.614, 0, 4367 MiB, 15360 MiB, 95 %\n"}
,{"stream_name":"stdout","time":13999.166643551,"data":"VRAM 2026/10/04 12:41:02.616, 1, 4357 MiB, 15360 MiB, 100 %\n"}
,{"stream_name":"stdout","time":14003.280400376,"data":"  round 11 client p042: {\"ce_t\": 0.035, \"ce_s\": 0.0494, \"kl_t\": 0.0371, \"kl_s\": 0.0293, \"hid\": 0.0216, \"loss\": 1.1323, \"train_acc_t\": 0.9997, \"train_acc_s\": 0.9932, \"steps\": 370, \"teacher_test_acc\": 0.194, \"teacher_test_loss\": 2.3039, \"teacher_test_macro_f1\": 0.1123, \"gpu\": 1, \"peak_alloc_gb\": 3.3254, \"peak_reserved_gb\": 4.1133}\n"}
,{"stream_name":"stdout","time":14026.220785907,"data":"  round 11 client p045: {\"ce_t\": 0.0414, \"ce_s\": 0.0515, \"kl_t\": 0.036, \"kl_s\": 0.0345, \"hid\": 0.0191, \"loss\": 1.1136, \"train_acc_t\": 0.9975, \"train_acc_s\": 0.9914, \"steps\": 455, \"teacher_test_acc\": 0.093, \"teacher_test_loss\": 4.1548, \"teacher_test_macro_f1\": 0.0453, \"gpu\": 0, \"peak_alloc_gb\": 3.3266, \"peak_reserved_gb\": 4.1133}\n"}
,{"stream_name":"stdout","time":14059.175990569,"data":"VRAM 2026/10/04 12:42:02.625, 0, 4367 MiB, 15360 MiB, 92 %\n"}
,{"stream_name":"stdout","time":14059.177952651,"data":"VRAM 2026/10/04 12:42:02.628, 1, 4357 MiB, 15360 MiB, 87 %\n"}
,{"stream_name":"stdout","time":14107.919653344,"data":"  round 11 client p047: {\"ce_t\": 0.0563, \"ce_s\": 0.1003, \"kl_t\": 0.0739, \"kl_s\": 0.0677, \"hid\": 0.024, \"loss\": 1.1284, \"train_acc_t\": 0.9957, \"train_acc_s\": 0.9792, \"steps\": 525, \"teacher_test_acc\": 0.173, \"teacher_test_loss\": 3.0391, \"teacher_test_macro_f1\": 0.117, \"gpu\": 1, \"peak_alloc_gb\": 3.3137, \"peak_reserved_gb\": 4.1133}\n"}
,{"stream_name":"stdout","time":14119.186447797,"data":"VRAM 2026/10/04 12:43:02.636, 0, 4367 MiB, 15360 MiB, 89 %\n"}
,{"stream_name":"stdout","time":14119.188290432,"data":"VRAM 2026/10/04 12:43:02.638, 1, 4357 MiB, 15360 MiB, 86 %\n"}
,{"stream_name":"stdout","time":14151.409836041,"data":"  round 11 client p049: {\"ce_t\": 0.0432, \"ce_s\": 0.0502, \"kl_t\": 0.0395, \"kl_s\": 0.0402, \"hid\": 0.02, \"loss\": 1.0966, \"train_acc_t\": 0.9966, \"train_acc_s\": 0.9939, \"steps\": 635, \"teacher_test_acc\": 0.107, \"teacher_test_loss\": 3.3504, \"teacher_test_macro_f1\": 0.0422, \"gpu\": 0, \"peak_alloc_gb\": 3.3296, \"peak_reserved_gb\": 4.1133}\n"}
,{"stream_name":"stdout","time":14179.19770533,"data":"VRAM 2026/10/04 12:44:02.646, 0, 4367 MiB, 15360 MiB, 90 %\n"}
,{"stream_name":"stdout","time":14179.201545636,"data":"VRAM 2026/10/04 12:44:02.649, 1, 4357 MiB, 15360 MiB, 78 %\n"}
,{"stream_name":"stdout","time":14206.464180489,"data":"  round 11 client p050: {\"ce_t\": 0.0643, \"ce_s\": 0.1013, \"kl_t\": 0.0766, \"kl_s\": 0.0625, \"hid\": 0.0262, \"loss\": 1.1806, \"train_acc_t\": 0.9944, \"train_acc_s\": 0.9772, \"steps\": 495, \"teacher_test_acc\": 0.105, \"teacher_test_loss\": 4.2992, \"teacher_test_macro_f1\": 0.019, \"gpu\": 1, \"peak_alloc_gb\": 3.3271, \"peak_reserved_gb\": 4.1133}\n"}
,{"stream_name":"stdout","time":14239.211061264,"data":"VRAM 2026/10/04 12:45:02.660, 0, 4367 MiB, 15360 MiB, 92 %\n"}
,{"stream_name":"stdout","time":14239.215827157,"data":"VRAM 2026/10/04 12:45:02.663, 1, 4357 MiB, 15360 MiB, 90 %\n"}
,{"stream_name":"stdout","time":14264.369115936,"data":"  round 11 client p051: {\"ce_t\": 0.0587, \"ce_s\": 0.0817, \"kl_t\": 0.0545, \"kl_s\": 0.0471, \"hid\": 0.0219, \"loss\": 1.0737, \"train_acc_t\": 0.993, \"train_acc_s\": 0.985, \"steps\": 575, \"teacher_test_acc\": 0.121, \"teacher_test_loss\": 4.2313, \"teacher_test_macro_f1\": 0.0706, \"gpu\": 0, \"peak_alloc_gb\": 3.3179, \"peak_reserved_gb\": 4.1133}\n"}
,{"stream_name":"stdout","time":14299.224384114,"data":"VRAM 2026/10/04 12:46:02.674, 0, 4367 MiB, 15360 MiB, 95 %\n"}
,{"stream_name":"stdout","time":14299.225473134,"data":"VRAM 2026/10/04 12:46:02.676, 1, 4357 MiB, 15360 MiB, 4 %\n"}
,{"stream_name":"stdout","time":14299.391010849,"data":"  round 11 client p052: {\"ce_t\": 0.0458, \"ce_s\": 0.0734, \"kl_t\": 0.0495, \"kl_s\": 0.0452, \"hid\": 0.0232, \"loss\": 1.1423, \"train_acc_t\": 0.9973, \"train_acc_s\": 0.9876, \"steps\": 465, \"teacher_test_acc\": 0.204, \"teacher_test_loss\": 2.6625, \"teacher_test_macro_f1\": 0.1463, \"gpu\": 1, \"peak_alloc_gb\": 3.3084, \"peak_reserved_gb\": 4.1133}\n"}
,{"stream_name":"stdout","time":14359.233173492,"data":"VRAM 2026/10/04 12:47:02.684, 0, 4367 MiB, 15360 MiB, 0 %\n"}
,{"stream_name":"stdout","time":14359.234549227,"data":"VRAM 2026/10/04 12:47:02.685, 1, 4357 MiB, 15360 MiB, 68 %\n"}
,{"stream_name":"stdout","time":14364.663973871,"data":"  round 11 client p056: {\"ce_t\": 0.0553, \"ce_s\": 0.0849, \"kl_t\": 0.0685, \"kl_s\": 0.0604, \"hid\": 0.0252, \"loss\": 1.1368, \"train_acc_t\": 0.9975, \"train_acc_s\": 0.9836, \"steps\": 500, \"teacher_test_acc\": 0.18, \"teacher_test_loss\": 2.8103, \"teacher_test_macro_f1\": 0.0886, \"gpu\": 0, \"peak_alloc_gb\": 3.3297, \"peak_reserved_gb\": 4.1133}\n"}
,{"stream_name":"stdout","time":14398.316237523,"data":"  round 11 client p061: {\"ce_t\": 0.0529, \"ce_s\": 0.0745, \"kl_t\": 0.0606, \"kl_s\": 0.0495, \"hid\": 0.0264, \"loss\": 1.2269, \"train_acc_t\": 0.997, \"train_acc_s\": 0.9874, \"steps\": 510, \"teacher_test_acc\": 0.28, \"teacher_test_loss\": 2.8798, \"teacher_test_macro_f1\": 0.2261, \"gpu\": 1, \"peak_alloc_gb\": 3.3118, \"peak_reserved_gb\": 4.1133}\n"}
,{"stream_name":"stdout","time":14405.354697431,"data":"ROUND 11/30: global student acc 0.4300 F1 0.4266 | mean teacher acc 0.1348 F1 0.0703 | 19.7 min\n"}
,{"stream_name":"stdout","time":14419.242595337,"data":"VRAM 2026/10/04 12:48:02.692, 0, 4367 MiB, 15360 MiB, 87 %\n"}
,{"stream_name":"stdout","time":14419.244285146,"data":"VRAM 2026/10/04 12:48:02.694, 1, 4357 MiB, 15360 MiB, 87 %\n"}
,{"stream_name":"stdout","time":14479.252190289,"data":"VRAM 2026/10/04 12:49:02.702, 0, 4367 MiB, 15360 MiB, 95 %\n"}
,{"stream_name":"stdout","time":14479.253468609,"data":"VRAM 2026/10/04 12:49:02.704, 1, 4357 MiB, 15360 MiB, 93 %\n"}
,{"stream_name":"stdout","time":14495.761140464,"data":"  round 12 client p002: {\"ce_t\": 0.054, \"ce_s\": 0.054, \"kl_t\": 0.0517, \"kl_s\": 0.0499, \"hid\": 0.0276, \"loss\": 1.2554, \"train_acc_t\": 0.9948, \"train_acc_s\": 0.9934, \"steps\": 455, \"teacher_test_acc\": 0.121, \"teacher_test_loss\": 3.4701, \"teacher_test_macro_f1\": 0.0288, \"gpu\": 0, \"peak_alloc_gb\": 3.3342, \"peak_reserved_gb\": 4.1133}\n"}
,{"stream_name":"stdout","time":14507.664010749,"data":"  round 12 client p012: {\"ce_t\": 0.0631, \"ce_s\": 0.1082, \"kl_t\": 0.0874, \"kl_s\": 0.0727, \"hid\": 0.0275, \"loss\": 1.2015, \"train_acc_t\": 0.9968, \"train_acc_s\": 0.9769, \"steps\": 515, \"teacher_test_acc\": 0.162, \"teacher_test_loss\": 3.3359, \"teacher_test_macro_f1\": 0.0884, \"gpu\": 1, \"peak_alloc_gb\": 3.3288, \"peak_reserved_gb\": 4.1133}\n"}
,{"stream_name":"stdout","time":14539.266116178,"data":"VRAM 2026/10/04 12:50:02.712, 0, 4367 MiB, 15360 MiB, 91 %\n"}
,{"stream_name":"stdout","time":14539.266160186,"data":"VRAM 2026/10/04 12:50:02.715, 1, 4357 MiB, 15360 MiB, 95 %\n"}
,{"stream_name":"stdout","time":14599.273840312,"data":"VRAM 2026/10/04 12:51:02.724, 0, 4367 MiB, 15360 MiB, 43 %\n"}
,{"stream_name":"stdout","time":14599.275582581,"data":"VRAM 2026/10/04 12:51:02.726, 1, 4357 MiB, 15360 MiB, 94 %\n"}
,{"stream_name":"stdout","time":14605.401259921,"data":"  round 12 client p014: {\"ce_t\": 0.0558, \"ce_s\": 0.0781, \"kl_t\": 0.0467, \"kl_s\": 0.0408, \"hid\": 0.0212, \"loss\": 1.108, \"train_acc_t\": 0.9963, \"train_acc_s\": 0.984, \"steps\": 550, \"teacher_test_acc\": 0.147, \"teacher_test_loss\": 3.862, \"teacher_test_macro_f1\": 0.0883, \"gpu\": 0, \"peak_alloc_gb\": 3.3277, \"peak_reserved_gb\": 4.1133}\n"}
,{"stream_name":"stdout","time":14617.310885132,"data":"  round 12 client p015: {\"ce_t\": 0.0421, \"ce_s\": 0.0523, \"kl_t\": 0.036, \"kl_s\": 0.031, \"hid\": 0.0177, \"loss\": 1.0165, \"train_acc_t\": 0.9968, \"train_acc_s\": 0.9929, \"steps\": 550, \"teacher_test_acc\": 0.115, \"teacher_test_loss\": 4.2032, \"teacher_test_macro_f1\": 0.0292, \"gpu\": 1, \"peak_alloc_gb\": 3.3178, \"peak_reserved_gb\": 4.1133}\n"}
,{"stream_name":"stdout","time":14659.284938495,"data":"VRAM 2026/10/04 12:52:02.733, 0, 4367 MiB, 15360 MiB, 91 %\n"}
,{"stream_name":"stdout","time":14659.285229776,"data":"VRAM 2026/10/04 12:52:02.735, 1, 4357 MiB, 15360 MiB, 93 %\n"}
,{"stream_name":"stdout","time":14719.295587551,"data":"VRAM 2026/10/04 12:53:02.744, 0, 4367 MiB, 15360 MiB, 86 %\n"}
,{"stream_name":"stdout","time":14719.295666392,"data":"VRAM 2026/10/04 12:53:02.746, 1, 4357 MiB, 15360 MiB, 84 %\n"}
,{"stream_name":"stdout","time":14737.543108877,"data":"  round 12 client p016: {\"ce_t\": 0.0381, \"ce_s\": 0.0526, \"kl_t\": 0.0443, \"kl_s\": 0.039, \"hid\": 0.0165, \"loss\": 0.9955, \"train_acc_t\": 0.9974, \"train_acc_s\": 0.9918, \"steps\": 675, \"teacher_test_acc\": 0.109, \"teacher_test_loss\": 5.4951, \"teacher_test_macro_f1\": 0.0391, \"gpu\": 0, \"peak_alloc_gb\": 3.3338, \"peak_reserved_gb\": 4.1133}\n"}
,{"stream_name":"stdout","time":14768.492551789,"data":"  round 12 client p021: {\"ce_t\": 0.0439, \"ce_s\": 0.0668, \"kl_t\": 0.0451, \"kl_s\": 0.0397, \"hid\": 0.0178, \"loss\": 0.9905, \"train_acc_t\": 0.9973, \"train_acc_s\": 0.988, \"steps\": 775, \"teacher_test_acc\": 0.169, \"teacher_test_loss\": 3.9061, \"teacher_test_macro_f1\": 0.1032, \"gpu\": 1, \"peak_alloc_gb\": 3.3257, \"peak_reserved_gb\": 4.1133}\n"}
,{"stream_name":"stdout","time":14779.304525494,"data":"VRAM 2026/10/04 12:54:02.754, 0, 4367 MiB, 15360 MiB, 94 %\n"}
,{"stream_name":"stdout","time":14779.306253766,"data":"VRAM 2026/10/04 12:54:02.756, 1, 4357 MiB, 15360 MiB, 96 %\n"}
,{"stream_name":"stdout","time":14839.316709109,"data":"VRAM 2026/10/04 12:55:02.765, 0, 4367 MiB, 15360 MiB, 79 %\n"}
,{"stream_name":"stdout","time":14839.31747575,"data":"VRAM 2026/10/04 12:55:02.767, 1, 4357 MiB, 15360 MiB, 78 %\n"}
,{"stream_name":"stdout","time":14891.504159516,"data":"  round 12 client p022: {\"ce_t\": 0.0246, \"ce_s\": 0.0354, \"kl_t\": 0.0236, \"kl_s\": 0.0198, \"hid\": 0.0124, \"loss\": 0.9225, \"train_acc_t\": 0.9995, \"train_acc_s\": 0.9956, \"steps\": 775, \"teacher_test_acc\": 0.16, \"teacher_test_loss\": 3.412, \"teacher_test_macro_f1\": 0.0875, \"gpu\": 0, \"peak_alloc_gb\": 3.3207, \"peak_reserved_gb\": 4.1133}\n"}
,{"stream_name":"stdout","time":14899.326133605,"data":"VRAM 2026/10/04 12:56:02.776, 0, 4367 MiB, 15360 MiB, 84 %\n"}
,{"stream_name":"stdout","time":14899.327434742,"data":"VRAM 2026/10/04 12:56:02.778, 1, 4357 MiB, 15360 MiB, 94 %\n"}
,{"stream_name":"stdout","time":14920.670390483,"data":"  round 12 client p024: {\"ce_t\": 0.0291, \"ce_s\": 0.0416, \"kl_t\": 0.0357, \"kl_s\": 0.0292, \"hid\": 0.0147, \"loss\": 0.9853, \"train_acc_t\": 0.9995, \"train_acc_s\": 0.9943, \"steps\": 770, \"teacher_test_acc\": 0.115, \"teacher_test_loss\": 4.4137, \"teacher_test_macro_f1\": 0.0501, \"gpu\": 1, \"peak_alloc_gb\": 3.3177, \"peak_reserved_gb\": 4.1133}\n"}
,{"stream_name":"stdout","time":14959.335864079,"data":"VRAM 2026/10/04 12:57:02.786, 0, 4367 MiB, 15360 MiB, 88 %\n"}
,{"stream_name":"stdout","time":14959.33756164,"data":"VRAM 2026/10/04 12:57:02.788, 1, 4357 MiB, 15360 MiB, 88 %\n"}
,{"stream_name":"stdout","time":15019.345472305,"data":"VRAM 2026/10/04 12:58:02.795, 0, 4367 MiB, 15360 MiB, 81 %\n"}
,{"stream_name":"stdout","time":15019.346291954,"data":"VRAM 2026/10/04 12:58:02.797, 1, 4357 MiB, 15360 MiB, 80 %\n"}
,{"stream_name":"stdout","time":15027.089375544,"data":"  round 12 client p035: {\"ce_t\": 0.0327, \"ce_s\": 0.0444, \"kl_t\": 0.0366, \"kl_s\": 0.0273, \"hid\": 0.016, \"loss\": 1.0128, \"train_acc_t\": 0.9976, \"train_acc_s\": 0.9934, \"steps\": 530, \"teacher_test_acc\": 0.096, \"teacher_test_loss\": 3.127, \"teacher_test_macro_f1\": 0.0533, \"gpu\": 1, \"peak_alloc_gb\": 3.3065, \"peak_reserved_gb\": 4.1133}\n"}
,{"stream_name":"stdout","time":15040.824394651,"data":"  round 12 client p026: {\"ce_t\": 0.0463, \"ce_s\": 0.0626, \"kl_t\": 0.0419, \"kl_s\": 0.0374, \"hid\": 0.0179, \"loss\": 1.0028, \"train_acc_t\": 0.9973, \"train_acc_s\": 0.99, \"steps\": 750, \"teacher_test_acc\": 0.114, \"teacher_test_loss\": 3.0837, \"teacher_test_macro_f1\": 0.0558, \"gpu\": 0, \"peak_alloc_gb\": 3.3241, \"peak_reserved_gb\": 4.1133}\n"}
,{"stream_name":"stdout","time":15079.355503439,"data":"VRAM 2026/10/04 12:59:02.804, 0, 4367 MiB, 15360 MiB, 83 %\n"}
,{"stream_name":"stdout","time":15079.358513564,"data":"VRAM 2026/10/04 12:59:02.807, 1, 4357 MiB, 15360 MiB, 83 %\n"}
,{"stream_name":"stdout","time":15111.736765741,"data":"  round 12 client p039: {\"ce_t\": 0.0544, \"ce_s\": 0.0602, \"kl_t\": 0.0494, \"kl_s\": 0.0451, \"hid\": 0.0268, \"loss\": 1.1972, \"train_acc_t\": 0.9945, \"train_acc_s\": 0.9911, \"steps\": 410, \"teacher_test_acc\": 0.129, \"teacher_test_loss\": 4.6456, \"teacher_test_macro_f1\": 0.0694, \"gpu\": 1, \"peak_alloc_gb\": 3.3192, \"peak_reserved_gb\": 4.1133}\n"}
,{"stream_name":"stdout","time":15120.273760454,"data":"  round 12 client p041: {\"ce_t\": 0.0397, \"ce_s\": 0.0581, \"kl_t\": 0.0427, \"kl_s\": 0.0359, \"hid\": 0.024, \"loss\": 1.1702, \"train_acc_t\": 0.9993, \"train_acc_s\": 0.9917, \"steps\": 380, \"teacher_test_acc\": 0.186, \"teacher_test_loss\": 2.4236, \"teacher_test_macro_f1\": 0.1323, \"gpu\": 0, \"peak_alloc_gb\": 3.3364, \"peak_reserved_gb\": 4.1133}\n"}
,{"stream_name":"stdout","time":15139.366761638,"data":"VRAM 2026/10/04 13:00:02.817, 0, 4367 MiB, 15360 MiB, 83 %\n"}
,{"stream_name":"stdout","time":15139.368364007,"data":"VRAM 2026/10/04 13:00:02.819, 1, 4357 MiB, 15360 MiB, 83 %\n"}
,{"stream_name":"stdout","time":15189.461613072,"data":"  round 12 client p042: {\"ce_t\": 0.031, \"ce_s\": 0.0444, \"kl_t\": 0.04, \"kl_s\": 0.0287, \"hid\": 0.019, \"loss\": 1.0874, \"train_acc_t\": 0.9997, \"train_acc_s\": 0.9926, \"steps\": 370, \"teacher_test_acc\": 0.238, \"teacher_test_loss\": 2.3189, \"teacher_test_macro_f1\": 0.154, \"gpu\": 1, \"peak_alloc_gb\": 3.3282, \"peak_reserved_gb\": 4.1133}\n"}
,{"stream_name":"stdout","time":15199.377270602,"data":"VRAM 2026/10/04 13:01:02.827, 0, 4367 MiB, 15360 MiB, 85 %\n"}
,{"stream_name":"stdout","time":15199.378769942,"data":"VRAM 2026/10/04 13:01:02.829, 1, 4357 MiB, 15360 MiB, 86 %\n"}
,{"stream_name":"stdout","time":15214.159939452,"data":"  round 12 client p045: {\"ce_t\": 0.0402, \"ce_s\": 0.0483, \"kl_t\": 0.0355, \"kl_s\": 0.0298, \"hid\": 0.0177, \"loss\": 1.0526, \"train_acc_t\": 0.9967, \"train_acc_s\": 0.9917, \"steps\": 455, \"teacher_test_acc\": 0.105, \"teacher_test_loss\": 3.1695, \"teacher_test_macro_f1\": 0.0291, \"gpu\": 0, \"peak_alloc_gb\": 3.3296, \"peak_reserved_gb\": 4.1133}\n"}
,{"stream_name":"stdout","time":15259.387324101,"data":"VRAM 2026/10/04 13:02:02.837, 0, 4367 MiB, 15360 MiB, 82 %\n"}
,{"stream_name":"stdout","time":15259.388956664,"data":"VRAM 2026/10/04 13:02:02.839, 1, 4357 MiB, 15360 MiB, 84 %\n"}
,{"stream_name":"stdout","time":15295.985181407,"data":"  round 12 client p047: {\"ce_t\": 0.052, \"ce_s\": 0.0895, \"kl_t\": 0.0605, \"kl_s\": 0.0542, \"hid\": 0.0199, \"loss\": 1.012, \"train_acc_t\": 0.9966, \"train_acc_s\": 0.9844, \"steps\": 525, \"teacher_test_acc\": 0.192, \"teacher_test_loss\": 2.3697, \"teacher_test_macro_f1\": 0.0959, \"gpu\": 1, \"peak_alloc_gb\": 3.3177, \"peak_reserved_gb\": 4.1133}\n"}
,{"stream_name":"stdout","time":15319.397085996,"data":"VRAM 2026/10/04 13:03:02.847, 0, 4367 MiB, 15360 MiB, 85 %\n"}
,{"stream_name":"stdout","time":15319.39939955,"data":"VRAM 2026/10/04 13:03:02.849, 1, 4357 MiB, 15360 MiB, 83 %\n"}
,{"stream_name":"stdout","time":15341.354163277,"data":"  round 12 client p049: {\"ce_t\": 0.0381, \"ce_s\": 0.053, \"kl_t\": 0.0389, \"kl_s\": 0.0337, \"hid\": 0.0191, \"loss\": 1.0756, \"train_acc_t\": 0.9986, \"train_acc_s\": 0.9927, \"steps\": 635, \"teacher_test_acc\": 0.131, \"teacher_test_loss\": 4.2363, \"teacher_test_macro_f1\": 0.0404, \"gpu\": 0, \"peak_alloc_gb\": 3.3258, \"peak_reserved_gb\": 4.1133}\n"}
,{"stream_name":"stdout","time":15379.407933371,"data":"VRAM 2026/10/04 13:04:02.858, 0, 4367 MiB, 15360 MiB, 82 %\n"}
,{"stream_name":"stdout","time":15379.409265534,"data":"VRAM 2026/10/04 13:04:02.860, 1, 4357 MiB, 15360 MiB, 91 %\n"}
,{"stream_name":"stdout","time":15397.004783033,"data":"  round 12 client p050: {\"ce_t\": 0.0679, \"ce_s\": 0.1028, \"kl_t\": 0.0824, \"kl_s\": 0.0646, \"hid\": 0.027, \"loss\": 1.1844, \"train_acc_t\": 0.9932, \"train_acc_s\": 0.977, \"steps\": 495, \"teacher_test_acc\": 0.118, \"teacher_test_loss\": 2.5156, \"teacher_test_macro_f1\": 0.0356, \"gpu\": 1, \"peak_alloc_gb\": 3.324, \"peak_reserved_gb\": 4.1133}\n"}
,{"stream_name":"stdout","time":15439.417922653,"data":"VRAM 2026/10/04 13:05:02.868, 0, 4367 MiB, 15360 MiB, 84 %\n"}
,{"stream_name":"stdout","time":15439.419469462,"data":"VRAM 2026/10/04 13:05:02.870, 1, 4357 MiB, 15360 MiB, 86 %\n"}
,{"stream_name":"stdout","time":15457.242289982,"data":"  round 12 client p051: {\"ce_t\": 0.0502, \"ce_s\": 0.0766, \"kl_t\": 0.0526, \"kl_s\": 0.0469, \"hid\": 0.0193, \"loss\": 1.0665, \"train_acc_t\": 0.9952, \"train_acc_s\": 0.9863, \"steps\": 575, \"teacher_test_acc\": 0.165, \"teacher_test_loss\": 3.6584, \"teacher_test_macro_f1\": 0.0956, \"gpu\": 0, \"peak_alloc_gb\": 3.3194, \"peak_reserved_gb\": 4.1133}\n"}
,{"stream_name":"stdout","time":15491.894232932,"data":"  round 12 client p052: {\"ce_t\": 0.0468, \"ce_s\": 0.0615, \"kl_t\": 0.0445, \"kl_s\": 0.0401, \"hid\": 0.0217, \"loss\": 1.1264, \"train_acc_t\": 0.9959, \"train_acc_s\": 0.9895, \"steps\": 465, \"teacher_test_acc\": 0.267, \"teacher_test_loss\": 2.4135, \"teacher_test_macro_f1\": 0.2067, \"gpu\": 1, \"peak_alloc_gb\": 3.3117, \"peak_reserved_gb\": 4.1133}\n"}
,{"stream_name":"stdout","time":15499.428946468,"data":"VRAM 2026/10/04 13:06:02.878, 0, 4367 MiB, 15360 MiB, 87 %\n"}
,{"stream_name":"stdout","time":15499.429130087,"data":"VRAM 2026/10/04 13:06:02.879, 1, 4357 MiB, 15360 MiB, 92 %\n"}
,{"stream_name":"stdout","time":15558.77751121,"data":"  round 12 client p056: {\"ce_t\": 0.0562, \"ce_s\": 0.0851, \"kl_t\": 0.0623, \"kl_s\": 0.0568, \"hid\": 0.023, \"loss\": 1.0747, \"train_acc_t\": 0.9967, \"train_acc_s\": 0.9836, \"steps\": 500, \"teacher_test_acc\": 0.185, \"teacher_test_loss\": 3.0611, \"teacher_test_macro_f1\": 0.0743, \"gpu\": 0, \"peak_alloc_gb\": 3.3329, \"peak_reserved_gb\": 4.1133}\n"}
,{"stream_name":"stdout","time":15559.437336123,"data":"VRAM 2026/10/04 13:07:02.888, 0, 4367 MiB, 15360 MiB, 0 %\n"}
,{"stream_name":"stdout","time":15559.438793003,"data":"VRAM 2026/10/04 13:07:02.889, 1, 4357 MiB, 15360 MiB, 94 %\n"}
,{"stream_name":"stdout","time":15591.708764418,"data":"  round 12 client p061: {\"ce_t\": 0.0486, \"ce_s\": 0.0668, \"kl_t\": 0.0547, \"kl_s\": 0.0524, \"hid\": 0.0233, \"loss\": 1.1574, \"train_acc_t\": 0.998, \"train_acc_s\": 0.9891, \"steps\": 510, \"teacher_test_acc\": 0.285, \"teacher_test_loss\": 2.1016, \"teacher_test_macro_f1\": 0.2305, \"gpu\": 1, \"peak_alloc_gb\": 3.3109, \"peak_reserved_gb\": 4.1133}\n"}
,{"stream_name":"stdout","time":15598.78605757,"data":"ROUND 12/30: global student acc 0.4332 F1 0.4228 | mean teacher acc 0.1576 F1 0.0851 | 19.9 min\n"}
,{"stream_name":"stdout","time":15619.448431141,"data":"VRAM 2026/10/04 13:08:02.897, 0, 4367 MiB, 15360 MiB, 95 %\n"}
,{"stream_name":"stdout","time":15619.450056828,"data":"VRAM 2026/10/04 13:08:02.900, 1, 4357 MiB, 15360 MiB, 89 %\n"}
,{"stream_name":"stdout","time":15679.457643462,"data":"VRAM 2026/10/04 13:09:02.908, 0, 4367 MiB, 15360 MiB, 89 %\n"}
,{"stream_name":"stdout","time":15679.459045978,"data":"VRAM 2026/10/04 13:09:02.909, 1, 4357 MiB, 15360 MiB, 89 %\n"}
,{"stream_name":"stdout","time":15692.090600927,"data":"  round 13 client p002: {\"ce_t\": 0.0393, \"ce_s\": 0.0542, \"kl_t\": 0.0415, \"kl_s\": 0.0334, \"hid\": 0.0218, \"loss\": 1.1364, \"train_acc_t\": 0.9981, \"train_acc_s\": 0.9923, \"steps\": 455, \"teacher_test_acc\": 0.119, \"teacher_test_loss\": 3.9764, \"teacher_test_macro_f1\": 0.0214, \"gpu\": 0, \"peak_alloc_gb\": 3.334, \"peak_reserved_gb\": 4.1133}\n"}
,{"stream_name":"stdout","time":15704.274667616,"data":"  round 13 client p012: {\"ce_t\": 0.0511, \"ce_s\": 0.0914, \"kl_t\": 0.0636, \"kl_s\": 0.0598, \"hid\": 0.0213, \"loss\": 1.0603, \"train_acc_t\": 0.9973, \"train_acc_s\": 0.9823, \"steps\": 515, \"teacher_test_acc\": 0.114, \"teacher_test_loss\": 4.7788, \"teacher_test_macro_f1\": 0.0579, \"gpu\": 1, \"peak_alloc_gb\": 3.3295, \"peak_reserved_gb\": 4.1133}\n"}
,{"stream_name":"stdout","time":15739.467478988,"data":"VRAM 2026/10/04 13:10:02.917, 0, 4367 MiB, 15360 MiB, 89 %\n"}
,{"stream_name":"stdout","time":15739.468702176,"data":"VRAM 2026/10/04 13:10:02.919, 1, 4357 MiB, 15360 MiB, 92 %\n"}
,{"stream_name":"stdout","time":15799.478905439,"data":"VRAM 2026/10/04 13:11:02.927, 0, 4367 MiB, 15360 MiB, 39 %\n"}
,{"stream_name":"stdout","time":15799.479237617,"data":"VRAM 2026/10/04 13:11:02.928, 1, 4357 MiB, 15360 MiB, 93 %\n"}
,{"stream_name":"stdout","time":15800.86982306,"data":"  round 13 client p014: {\"ce_t\": 0.0534, \"ce_s\": 0.0786, \"kl_t\": 0.0492, \"kl_s\": 0.0432, \"hid\": 0.0206, \"loss\": 1.1306, \"train_acc_t\": 0.9957, \"train_acc_s\": 0.9817, \"steps\": 550, \"teacher_test_acc\": 0.095, \"teacher_test_loss\": 3.5747, \"teacher_test_macro_f1\": 0.0323, \"gpu\": 0, \"peak_alloc_gb\": 3.321, \"peak_reserved_gb\": 4.1133}\n"}
,{"stream_name":"stdout","time":15812.867995091,"data":"  round 13 client p015: {\"ce_t\": 0.039, \"ce_s\": 0.0601, \"kl_t\": 0.0493, \"kl_s\": 0.0375, \"hid\": 0.0174, \"loss\": 1.0348, \"train_acc_t\": 0.9977, \"train_acc_s\": 0.9897, \"steps\": 550, \"teacher_test_acc\": 0.126, \"teacher_test_loss\": 3.842, \"teacher_test_macro_f1\": 0.0338, \"gpu\": 1, \"peak_alloc_gb\": 3.3172, \"peak_reserved_gb\": 4.1133}\n"}
,{"stream_name":"stdout","time":15859.488398013,"data":"VRAM 2026/10/04 13:12:02.937, 0, 4367 MiB, 15360 MiB, 89 %\n"}
,{"stream_name":"stdout","time":15859.489670235,"data":"VRAM 2026/10/04 13:12:02.940, 1, 4357 MiB, 15360 MiB, 89 %\n"}
,{"stream_name":"stdout","time":15919.498389071,"data":"VRAM 2026/10/04 13:13:02.948, 0, 4367 MiB, 15360 MiB, 85 %\n"}
,{"stream_name":"stdout","time":15919.500256798,"data":"VRAM 2026/10/04 13:13:02.950, 1, 4357 MiB, 15360 MiB, 90 %\n"}
,{"stream_name":"stdout","time":15932.977350882,"data":"  round 13 client p016: {\"ce_t\": 0.024, \"ce_s\": 0.0341, \"kl_t\": 0.0201, \"kl_s\": 0.0155, \"hid\": 0.0104, \"loss\": 0.8656, \"train_acc_t\": 0.9987, \"train_acc_s\": 0.9944, \"steps\": 675, \"teacher_test_acc\": 0.101, \"teacher_test_loss\": 6.6457, \"teacher_test_macro_f1\": 0.028, \"gpu\": 0, \"peak_alloc_gb\": 3.3334, \"peak_reserved_gb\": 4.1133}\n"}
,{"stream_name":"stdout","time":15963.504575394,"data":"  round 13 client p021: {\"ce_t\": 0.0495, \"ce_s\": 0.0753, \"kl_t\": 0.0494, \"kl_s\": 0.0443, \"hid\": 0.0179, \"loss\": 0.9586, \"train_acc_t\": 0.9964, \"train_acc_s\": 0.9833, \"steps\": 775, \"teacher_test_acc\": 0.157, \"teacher_test_loss\": 3.6694, \"teacher_test_macro_f1\": 0.0886, \"gpu\": 1, \"peak_alloc_gb\": 3.3312, \"peak_reserved_gb\": 4.1133}\n"}
,{"stream_name":"stdout","time":15979.50850521,"data":"VRAM 2026/10/04 13:14:02.959, 0, 4367 MiB, 15360 MiB, 90 %\n"}
,{"stream_name":"stdout","time":15979.51055464,"data":"VRAM 2026/10/04 13:14:02.960, 1, 4357 MiB, 15360 MiB, 89 %\n"}
,{"stream_name":"stdout","time":16039.518930443,"data":"VRAM 2026/10/04 13:15:02.969, 0, 4367 MiB, 15360 MiB, 86 %\n"}
,{"stream_name":"stdout","time":16039.520421275,"data":"VRAM 2026/10/04 13:15:02.971, 1, 4357 MiB, 15360 MiB, 89 %\n"}
,{"stream_name":"stdout","time":16083.372659325,"data":"  round 13 client p022: {\"ce_t\": 0.0217, \"ce_s\": 0.0311, \"kl_t\": 0.0246, \"kl_s\": 0.0195, \"hid\": 0.0115, \"loss\": 0.8794, \"train_acc_t\": 0.9997, \"train_acc_s\": 0.9961, \"steps\": 775, \"teacher_test_acc\": 0.169, \"teacher_test_loss\": 3.8348, \"teacher_test_macro_f1\": 0.0988, \"gpu\": 0, \"peak_alloc_gb\": 3.3176, \"peak_reserved_gb\": 4.1133}\n"}
,{"stream_name":"stdout","time":16099.529969589,"data":"VRAM 2026/10/04 13:16:02.979, 0, 4367 MiB, 15360 MiB, 82 %\n"}
,{"stream_name":"stdout","time":16099.531836892,"data":"VRAM 2026/10/04 13:16:02.982, 1, 4357 MiB, 15360 MiB, 87 %\n"}
,{"stream_name":"stdout","time":16113.137424416,"data":"  round 13 client p024: {\"ce_t\": 0.0265, \"ce_s\": 0.0326, \"kl_t\": 0.0284, \"kl_s\": 0.0263, \"hid\": 0.0123, \"loss\": 0.9676, \"train_acc_t\": 0.9987, \"train_acc_s\": 0.9966, \"steps\": 770, \"teacher_test_acc\": 0.102, \"teacher_test_loss\": 3.0113, \"teacher_test_macro_f1\": 0.0452, \"gpu\": 1, \"peak_alloc_gb\": 3.3225, \"peak_reserved_gb\": 4.1133}\n"}
,{"stream_name":"stdout","time":16159.540320036,"data":"VRAM 2026/10/04 13:17:02.990, 0, 4367 MiB, 15360 MiB, 84 %\n"}
,{"stream_name":"stdout","time":16159.542220626,"data":"VRAM 2026/10/04 13:17:02.992, 1, 4357 MiB, 15360 MiB, 84 %\n"}
,{"stream_name":"stdout","time":16217.760205823,"data":"  round 13 client p035: {\"ce_t\": 0.0347, \"ce_s\": 0.0418, \"kl_t\": 0.0347, \"kl_s\": 0.0291, \"hid\": 0.0146, \"loss\": 0.9914, \"train_acc_t\": 0.9962, \"train_acc_s\": 0.9939, \"steps\": 530, \"teacher_test_acc\": 0.113, \"teacher_test_loss\": 3.4174, \"teacher_test_macro_f1\": 0.0456, \"gpu\": 1, \"peak_alloc_gb\": 3.3091, \"peak_reserved_gb\": 4.1133}\n"}
,{"stream_name":"stdout","time":16219.550257453,"data":"VRAM 2026/10/04 13:18:03.001, 0, 4367 MiB, 15360 MiB, 11 %\n"}
,{"stream_name":"stdout","time":16219.551519539,"data":"VRAM 2026/10/04 13:18:03.002, 1, 4357 MiB, 15360 MiB, 0 %\n"}
,{"stream_name":"stdout","time":16229.957969225,"data":"  round 13 client p026: {\"ce_t\": 0.0414, \"ce_s\": 0.0636, \"kl_t\": 0.0404, \"kl_s\": 0.0354, \"hid\": 0.0159, \"loss\": 0.9744, \"train_acc_t\": 0.9983, \"train_acc_s\": 0.9885, \"steps\": 750, \"teacher_test_acc\": 0.094, \"teacher_test_loss\": 3.64, \"teacher_test_macro_f1\": 0.0191, \"gpu\": 0, \"peak_alloc_gb\": 3.3263, \"peak_reserved_gb\": 4.1133}\n"}
,{"stream_name":"stdout","time":16279.560151385,"data":"VRAM 2026/10/04 13:19:03.010, 0, 4367 MiB, 15360 MiB, 89 %\n"}
,{"stream_name":"stdout","time":16279.562410239,"data":"VRAM 2026/10/04 13:19:03.012, 1, 4357 MiB, 15360 MiB, 88 %\n"}
,{"stream_name":"stdout","time":16301.769407342,"data":"  round 13 client p039: {\"ce_t\": 0.0823, \"ce_s\": 0.0723, \"kl_t\": 0.0753, \"kl_s\": 0.0733, \"hid\": 0.0307, \"loss\": 1.2591, \"train_acc_t\": 0.9883, \"train_acc_s\": 0.9889, \"steps\": 410, \"teacher_test_acc\": 0.141, \"teacher_test_loss\": 3.2292, \"teacher_test_macro_f1\": 0.1047, \"gpu\": 1, \"peak_alloc_gb\": 3.3242, \"peak_reserved_gb\": 4.1133}\n"}
,{"stream_name":"stdout","time":16308.740594733,"data":"  round 13 client p041: {\"ce_t\": 0.0386, \"ce_s\": 0.0624, \"kl_t\": 0.0467, \"kl_s\": 0.0417, \"hid\": 0.0206, \"loss\": 1.109, \"train_acc_t\": 0.9987, \"train_acc_s\": 0.9907, \"steps\": 380, \"teacher_test_acc\": 0.17, \"teacher_test_loss\": 2.6415, \"teacher_test_macro_f1\": 0.1261, \"gpu\": 0, \"peak_alloc_gb\": 3.34, \"peak_reserved_gb\": 4.1133}\n"}
,{"stream_name":"stdout","time":16339.570047228,"data":"VRAM 2026/10/04 13:20:03.020, 0, 4367 MiB, 15360 MiB, 91 %\n"}
,{"stream_name":"stdout","time":16339.571753176,"data":"VRAM 2026/10/04 13:20:03.022, 1, 4357 MiB, 15360 MiB, 88 %\n"}
,{"stream_name":"stdout","time":16377.366626719,"data":"  round 13 client p042: {\"ce_t\": 0.0375, \"ce_s\": 0.0537, \"kl_t\": 0.0524, \"kl_s\": 0.0399, \"hid\": 0.0196, \"loss\": 1.0433, \"train_acc_t\": 0.9983, \"train_acc_s\": 0.9909, \"steps\": 370, \"teacher_test_acc\": 0.173, \"teacher_test_loss\": 2.326, \"teacher_test_macro_f1\": 0.1351, \"gpu\": 1, \"peak_alloc_gb\": 3.3309, \"peak_reserved_gb\": 4.1133}\n"}
,{"stream_name":"stdout","time":16399.578803472,"data":"VRAM 2026/10/04 13:21:03.030, 0, 4367 MiB, 15360 MiB, 4 %\n"}
,{"stream_name":"stdout","time":16399.582653638,"data":"VRAM 2026/10/04 13:21:03.031, 1, 4357 MiB, 15360 MiB, 78 %\n"}
,{"stream_name":"stdout","time":16400.063911909,"data":"  round 13 client p045: {\"ce_t\": 0.0459, \"ce_s\": 0.0547, \"kl_t\": 0.0457, \"kl_s\": 0.0421, \"hid\": 0.0196, \"loss\": 1.1, \"train_acc_t\": 0.9956, \"train_acc_s\": 0.9917, \"steps\": 455, \"teacher_test_acc\": 0.115, \"teacher_test_loss\": 3.2511, \"teacher_test_macro_f1\": 0.0554, \"gpu\": 0, \"peak_alloc_gb\": 3.326, \"peak_reserved_gb\": 4.1133}\n"}
,{"stream_name":"stdout","time":16459.593493221,"data":"VRAM 2026/10/04 13:22:03.041, 0, 4367 MiB, 15360 MiB, 87 %\n"}
,{"stream_name":"stdout","time":16459.593563977,"data":"VRAM 2026/10/04 13:22:03.043, 1, 4357 MiB, 15360 MiB, 90 %\n"}
,{"stream_name":"stdout","time":16481.74398595,"data":"  round 13 client p047: {\"ce_t\": 0.0559, \"ce_s\": 0.0895, \"kl_t\": 0.0661, \"kl_s\": 0.0631, \"hid\": 0.0208, \"loss\": 1.0388, \"train_acc_t\": 0.9952, \"train_acc_s\": 0.983, \"steps\": 525, \"teacher_test_acc\": 0.206, \"teacher_test_loss\": 2.6793, \"teacher_test_macro_f1\": 0.1347, \"gpu\": 1, \"peak_alloc_gb\": 3.3198, \"peak_reserved_gb\": 4.1133}\n"}
,{"stream_name":"stdout","time":16519.601043867,"data":"VRAM 2026/10/04 13:23:03.051, 0, 4367 MiB, 15360 MiB, 91 %\n"}
,{"stream_name":"stdout","time":16519.602972249,"data":"VRAM 2026/10/04 13:23:03.053, 1, 4357 MiB, 15360 MiB, 89 %\n"}
,{"stream_name":"stdout","time":16525.994286011,"data":"  round 13 client p049: {\"ce_t\": 0.0297, \"ce_s\": 0.035, \"kl_t\": 0.0245, \"kl_s\": 0.0226, \"hid\": 0.0139, \"loss\": 0.9672, \"train_acc_t\": 0.9988, \"train_acc_s\": 0.9955, \"steps\": 635, \"teacher_test_acc\": 0.098, \"teacher_test_loss\": 4.931, \"teacher_test_macro_f1\": 0.0242, \"gpu\": 0, \"peak_alloc_gb\": 3.3329, \"peak_reserved_gb\": 4.1133}\n"}
,{"stream_name":"stdout","time":16579.612186831,"data":"VRAM 2026/10/04 13:24:03.061, 0, 4367 MiB, 15360 MiB, 94 %\n"}
,{"stream_name":"stdout","time":16579.616624931,"data":"VRAM 2026/10/04 13:24:03.064, 1, 4357 MiB, 15360 MiB, 60 %\n"}
,{"stream_name":"stdout","time":16581.054267084,"data":"  round 13 client p050: {\"ce_t\": 0.0655, \"ce_s\": 0.0951, \"kl_t\": 0.0747, \"kl_s\": 0.0655, \"hid\": 0.0237, \"loss\": 1.1243, \"train_acc_t\": 0.9929, \"train_acc_s\": 0.979, \"steps\": 495, \"teacher_test_acc\": 0.104, \"teacher_test_loss\": 5.0399, \"teacher_test_macro_f1\": 0.0192, \"gpu\": 1, \"peak_alloc_gb\": 3.3219, \"peak_reserved_gb\": 4.1133}\n"}
,{"stream_name":"stdout","time":16639.623937975,"data":"VRAM 2026/10/04 13:25:03.074, 0, 4367 MiB, 15360 MiB, 4 %\n"}
,{"stream_name":"stdout","time":16639.625751335,"data":"VRAM 2026/10/04 13:25:03.076, 1, 4357 MiB, 15360 MiB, 82 %\n"}
,{"stream_name":"stdout","time":16640.086022783,"data":"  round 13 client p051: {\"ce_t\": 0.0439, \"ce_s\": 0.0723, \"kl_t\": 0.0519, \"kl_s\": 0.0451, \"hid\": 0.0191, \"loss\": 1.0479, \"train_acc_t\": 0.9963, \"train_acc_s\": 0.987, \"steps\": 575, \"teacher_test_acc\": 0.138, \"teacher_test_loss\": 3.3636, \"teacher_test_macro_f1\": 0.0622, \"gpu\": 0, \"peak_alloc_gb\": 3.3177, \"peak_reserved_gb\": 4.1133}\n"}
,{"stream_name":"stdout","time":16676.32009976,"data":"  round 13 client p052: {\"ce_t\": 0.0425, \"ce_s\": 0.0592, \"kl_t\": 0.0439, \"kl_s\": 0.0411, \"hid\": 0.0177, \"loss\": 0.9995, \"train_acc_t\": 0.9965, \"train_acc_s\": 0.9892, \"steps\": 465, \"teacher_test_acc\": 0.198, \"teacher_test_loss\": 3.0915, \"teacher_test_macro_f1\": 0.1379, \"gpu\": 1, \"peak_alloc_gb\": 3.3124, \"peak_reserved_gb\": 4.1133}\n"}
,{"stream_name":"stdout","time":16699.635021378,"data":"VRAM 2026/10/04 13:26:03.084, 0, 4367 MiB, 15360 MiB, 90 %\n"}
,{"stream_name":"stdout","time":16699.636611829,"data":"VRAM 2026/10/04 13:26:03.087, 1, 4357 MiB, 15360 MiB, 85 %\n"}
,{"stream_name":"stdout","time":16742.24724476,"data":"  round 13 client p056: {\"ce_t\": 0.0465, \"ce_s\": 0.0736, \"kl_t\": 0.0558, \"kl_s\": 0.0448, \"hid\": 0.0186, \"loss\": 0.9998, \"train_acc_t\": 0.998, \"train_acc_s\": 0.9854, \"steps\": 500, \"teacher_test_acc\": 0.152, \"teacher_test_loss\": 3.4699, \"teacher_test_macro_f1\": 0.0822, \"gpu\": 0, \"peak_alloc_gb\": 3.3257, \"peak_reserved_gb\": 4.1133}\n"}
,{"stream_name":"stdout","time":16759.643971246,"data":"VRAM 2026/10/04 13:27:03.094, 0, 4367 MiB, 15360 MiB, 0 %\n"}
,{"stream_name":"stdout","time":16759.645586635,"data":"VRAM 2026/10/04 13:27:03.096, 1, 4357 MiB, 15360 MiB, 94 %\n"}
,{"stream_name":"stdout","time":16776.649983498,"data":"  round 13 client p061: {\"ce_t\": 0.0459, \"ce_s\": 0.0611, \"kl_t\": 0.0449, \"kl_s\": 0.0417, \"hid\": 0.0202, \"loss\": 1.0562, \"train_acc_t\": 0.997, \"train_acc_s\": 0.9901, \"steps\": 510, \"teacher_test_acc\": 0.243, \"teacher_test_loss\": 3.4857, \"teacher_test_macro_f1\": 0.1867, \"gpu\": 1, \"peak_alloc_gb\": 3.3128, \"peak_reserved_gb\": 4.1133}\n"}
,{"stream_name":"stdout","time":16783.753645825,"data":"ROUND 13/30: global student acc 0.4423 F1 0.4305 | mean teacher acc 0.1394 F1 0.0733 | 19.7 min\n"}
,{"stream_name":"stdout","time":16819.654665945,"data":"VRAM 2026/10/04 13:28:03.104, 0, 4367 MiB, 15360 MiB, 92 %\n"}
,{"stream_name":"stdout","time":16819.657169412,"data":"VRAM 2026/10/04 13:28:03.106, 1, 4357 MiB, 15360 MiB, 95 %\n"}
,{"stream_name":"stdout","time":16873.167027681,"data":"  round 14 client p002: {\"ce_t\": 0.0466, \"ce_s\": 0.0686, \"kl_t\": 0.0616, \"kl_s\": 0.0499, \"hid\": 0.0213, \"loss\": 1.1427, \"train_acc_t\": 0.9961, \"train_acc_s\": 0.9879, \"steps\": 455, \"teacher_test_acc\": 0.106, \"teacher_test_loss\": 3.2871, \"teacher_test_macro_f1\": 0.0272, \"gpu\": 0, \"peak_alloc_gb\": 3.3334, \"peak_reserved_gb\": 4.1133}\n"}
,{"stream_name":"stdout","time":16879.66731739,"data":"VRAM 2026/10/04 13:29:03.116, 0, 4367 MiB, 15360 MiB, 93 %\n"}
,{"stream_name":"stdout","time":16879.667423135,"data":"VRAM 2026/10/04 13:29:03.117, 1, 4357 MiB, 15360 MiB, 91 %\n"}
,{"stream_name":"stdout","time":16886.503943431,"data":"  round 14 client p012: {\"ce_t\": 0.0545, \"ce_s\": 0.0975, \"kl_t\": 0.0811, \"kl_s\": 0.064, \"hid\": 0.0207, \"loss\": 1.0501, \"train_acc_t\": 0.9968, \"train_acc_s\": 0.9823, \"steps\": 515, \"teacher_test_acc\": 0.096, \"teacher_test_loss\": 4.0873, \"teacher_test_macro_f1\": 0.0666, \"gpu\": 1, \"peak_alloc_gb\": 3.334, \"peak_reserved_gb\": 4.1133}\n"}
,{"stream_name":"stdout","time":16939.678571531,"data":"VRAM 2026/10/04 13:30:03.126, 0, 4367 MiB, 15360 MiB, 88 %\n"}
,{"stream_name":"stdout","time":16939.678871207,"data":"VRAM 2026/10/04 13:30:03.129, 1, 4357 MiB, 15360 MiB, 87 %\n"}
,{"stream_name":"stdout","time":16981.819313124,"data":"  round 14 client p014: {\"ce_t\": 0.0576, \"ce_s\": 0.0809, \"kl_t\": 0.0575, \"kl_s\": 0.0556, \"hid\": 0.0217, \"loss\": 1.0908, \"train_acc_t\": 0.9959, \"train_acc_s\": 0.984, \"steps\": 550, \"teacher_test_acc\": 0.103, \"teacher_test_loss\": 5.7032, \"teacher_test_macro_f1\": 0.0397, \"gpu\": 0, \"peak_alloc_gb\": 3.3186, \"peak_reserved_gb\": 4.1133}\n"}
,{"stream_name":"stdout","time":16995.660298595,"data":"  round 14 client p015: {\"ce_t\": 0.0373, \"ce_s\": 0.0489, \"kl_t\": 0.0404, \"kl_s\": 0.037, \"hid\": 0.0164, \"loss\": 1.0223, \"train_acc_t\": 0.9968, \"train_acc_s\": 0.992, \"steps\": 550, \"teacher_test_acc\": 0.121, \"teacher_test_loss\": 3.1609, \"teacher_test_macro_f1\": 0.0534, \"gpu\": 1, \"peak_alloc_gb\": 3.3246, \"peak_reserved_gb\": 4.1152}\n"}
,{"stream_name":"stdout","time":16999.688153643,"data":"VRAM 2026/10/04 13:31:03.137, 0, 4367 MiB, 15360 MiB, 81 %\n"}
,{"stream_name":"stdout","time":16999.689889625,"data":"VRAM 2026/10/04 13:31:03.140, 1, 4359 MiB, 15360 MiB, 91 %\n"}
,{"stream_name":"stdout","time":17059.697513666,"data":"VRAM 2026/10/04 13:32:03.148, 0, 4367 MiB, 15360 MiB, 81 %\n"}
,{"stream_name":"stdout","time":17059.698774132,"data":"VRAM 2026/10/04 13:32:03.149, 1, 4359 MiB, 15360 MiB, 86 %\n"}
,{"stream_name":"stdout","time":17114.86167952,"data":"  round 14 client p016: {\"ce_t\": 0.0378, \"ce_s\": 0.0469, \"kl_t\": 0.0354, \"kl_s\": 0.0344, \"hid\": 0.0136, \"loss\": 0.9374, \"train_acc_t\": 0.9955, \"train_acc_s\": 0.9928, \"steps\": 675, \"teacher_test_acc\": 0.106, \"teacher_test_loss\": 3.7618, \"teacher_test_macro_f1\": 0.044, \"gpu\": 0, \"peak_alloc_gb\": 3.3298, \"peak_reserved_gb\": 4.1133}\n"}
,{"stream_name":"stdout","time":17119.708807778,"data":"VRAM 2026/10/04 13:33:03.157, 0, 4367 MiB, 15360 MiB, 93 %\n"}
,{"stream_name":"stdout","time":17119.709378514,"data":"VRAM 2026/10/04 13:33:03.159, 1, 4359 MiB, 15360 MiB, 93 %\n"}
,{"stream_name":"stdout","time":17147.266219541,"data":"  round 14 client p021: {\"ce_t\": 0.0536, \"ce_s\": 0.0699, \"kl_t\": 0.0499, \"kl_s\": 0.0468, \"hid\": 0.0162, \"loss\": 0.8941, \"train_acc_t\": 0.9945, \"train_acc_s\": 0.9879, \"steps\": 775, \"teacher_test_acc\": 0.147, \"teacher_test_loss\": 4.5772, \"teacher_test_macro_f1\": 0.0973, \"gpu\": 1, \"peak_alloc_gb\": 3.3263, \"peak_reserved_gb\": 4.1152}\n"}
,{"stream_name":"stdout","time":17179.718853535,"data":"VRAM 2026/10/04 13:34:03.168, 0, 4367 MiB, 15360 MiB, 84 %\n"}
,{"stream_name":"stdout","time":17179.719073109,"data":"VRAM 2026/10/04 13:34:03.169, 1, 4359 MiB, 15360 MiB, 87 %\n"}
,{"stream_name":"stdout","time":17239.728857244,"data":"VRAM 2026/10/04 13:35:03.178, 0, 4367 MiB, 15360 MiB, 88 %\n"}
,{"stream_name":"stdout","time":17239.730433518,"data":"VRAM 2026/10/04 13:35:03.181, 1, 4359 MiB, 15360 MiB, 87 %\n"}
,{"stream_name":"stdout","time":17267.451414262,"data":"  round 14 client p022: {\"ce_t\": 0.0238, \"ce_s\": 0.0322, \"kl_t\": 0.0225, \"kl_s\": 0.0186, \"hid\": 0.0118, \"loss\": 0.8984, \"train_acc_t\": 1.0, \"train_acc_s\": 0.9958, \"steps\": 775, \"teacher_test_acc\": 0.152, \"teacher_test_loss\": 3.3213, \"teacher_test_macro_f1\": 0.1076, \"gpu\": 0, \"peak_alloc_gb\": 3.3195, \"peak_reserved_gb\": 4.1133}\n"}
,{"stream_name":"stdout","time":17298.031385509,"data":"  round 14 client p024: {\"ce_t\": 0.0269, \"ce_s\": 0.0347, \"kl_t\": 0.0303, \"kl_s\": 0.0252, \"hid\": 0.0141, \"loss\": 0.9704, \"train_acc_t\": 0.998, \"train_acc_s\": 0.9956, \"steps\": 770, \"teacher_test_acc\": 0.133, \"teacher_test_loss\": 3.1148, \"teacher_test_macro_f1\": 0.0657, \"gpu\": 1, \"peak_alloc_gb\": 3.3184, \"peak_reserved_gb\": 4.1152}\n"}
,{"stream_name":"stdout","time":17299.737620683,"data":"VRAM 2026/10/04 13:36:03.188, 0, 4367 MiB, 15360 MiB, 0 %\n"}
,{"stream_name":"stdout","time":17299.738888213,"data":"VRAM 2026/10/04 13:36:03.189, 1, 4359 MiB, 15360 MiB, 1 %\n"}
,{"stream_name":"stdout","time":17359.75228664,"data":"VRAM 2026/10/04 13:37:03.197, 0, 4367 MiB, 15360 MiB, 86 %\n"}
,{"stream_name":"stdout","time":17359.752429122,"data":"VRAM 2026/10/04 13:37:03.200, 1, 4359 MiB, 15360 MiB, 85 %\n"}
,{"stream_name":"stdout","time":17402.925161658,"data":"  round 14 client p035: {\"ce_t\": 0.0278, \"ce_s\": 0.0402, \"kl_t\": 0.0309, \"kl_s\": 0.0255, \"hid\": 0.014, \"loss\": 0.9801, \"train_acc_t\": 0.9979, \"train_acc_s\": 0.9934, \"steps\": 530, \"teacher_test_acc\": 0.081, \"teacher_test_loss\": 2.8212, \"teacher_test_macro_f1\": 0.0485, \"gpu\": 1, \"peak_alloc_gb\": 3.3079, \"peak_reserved_gb\": 4.1152}\n"}
,{"stream_name":"stdout","time":17414.797729142,"data":"  round 14 client p026: {\"ce_t\": 0.0428, \"ce_s\": 0.0666, \"kl_t\": 0.0527, \"kl_s\": 0.0448, \"hid\": 0.0161, \"loss\": 0.9751, \"train_acc_t\": 0.9982, \"train_acc_s\": 0.987, \"steps\": 750, \"teacher_test_acc\": 0.093, \"teacher_test_loss\": 4.3528, \"teacher_test_macro_f1\": 0.017, \"gpu\": 0, \"peak_alloc_gb\": 3.3212, \"peak_reserved_gb\": 4.1133}\n"}
,{"stream_name":"stdout","time":17419.761237954,"data":"VRAM 2026/10/04 13:38:03.211, 0, 4367 MiB, 15360 MiB, 89 %\n"}
,{"stream_name":"stdout","time":17419.762846671,"data":"VRAM 2026/10/04 13:38:03.213, 1, 4359 MiB, 15360 MiB, 91 %\n"}
,{"stream_name":"stdout","time":17479.771774577,"data":"VRAM 2026/10/04 13:39:03.221, 0, 4367 MiB, 15360 MiB, 82 %\n"}
,{"stream_name":"stdout","time":17479.772826822,"data":"VRAM 2026/10/04 13:39:03.223, 1, 4359 MiB, 15360 MiB, 85 %\n"}
,{"stream_name":"stdout","time":17488.069378707,"data":"  round 14 client p039: {\"ce_t\": 0.0435, \"ce_s\": 0.0581, \"kl_t\": 0.0461, \"kl_s\": 0.0389, \"hid\": 0.023, \"loss\": 1.146, \"train_acc_t\": 0.9978, \"train_acc_s\": 0.9902, \"steps\": 410, \"teacher_test_acc\": 0.108, \"teacher_test_loss\": 5.5389, \"teacher_test_macro_f1\": 0.0365, \"gpu\": 1, \"peak_alloc_gb\": 3.3234, \"peak_reserved_gb\": 4.1152}\n"}
,{"stream_name":"stdout","time":17493.817282582,"data":"  round 14 client p041: {\"ce_t\": 0.0384, \"ce_s\": 0.0462, \"kl_t\": 0.0361, \"kl_s\": 0.0372, \"hid\": 0.0202, \"loss\": 1.124, \"train_acc_t\": 0.9983, \"train_acc_s\": 0.9931, \"steps\": 380, \"teacher_test_acc\": 0.19, \"teacher_test_loss\": 2.8801, \"teacher_test_macro_f1\": 0.1569, \"gpu\": 0, \"peak_alloc_gb\": 3.342, \"peak_reserved_gb\": 4.1133}\n"}
,{"stream_name":"stdout","time":17539.781033355,"data":"VRAM 2026/10/04 13:40:03.231, 0, 4367 MiB, 15360 MiB, 91 %\n"}
,{"stream_name":"stdout","time":17539.782926124,"data":"VRAM 2026/10/04 13:40:03.233, 1, 4359 MiB, 15360 MiB, 90 %\n"}
,{"stream_name":"stdout","time":17563.773919227,"data":"  round 14 client p042: {\"ce_t\": 0.0356, \"ce_s\": 0.0581, \"kl_t\": 0.0549, \"kl_s\": 0.041, \"hid\": 0.0169, \"loss\": 0.9854, \"train_acc_t\": 0.998, \"train_acc_s\": 0.9868, \"steps\": 370, \"teacher_test_acc\": 0.243, \"teacher_test_loss\": 2.0695, \"teacher_test_macro_f1\": 0.1803, \"gpu\": 1, \"peak_alloc_gb\": 3.3352, \"peak_reserved_gb\": 4.1152}\n"}
,{"stream_name":"stdout","time":17585.523220697,"data":"  round 14 client p045: {\"ce_t\": 0.0341, \"ce_s\": 0.0424, \"kl_t\": 0.0283, \"kl_s\": 0.0237, \"hid\": 0.0154, \"loss\": 0.9994, \"train_acc_t\": 0.9981, \"train_acc_s\": 0.9928, \"steps\": 455, \"teacher_test_acc\": 0.106, \"teacher_test_loss\": 3.627, \"teacher_test_macro_f1\": 0.031, \"gpu\": 0, \"peak_alloc_gb\": 3.3202, \"peak_reserved_gb\": 4.1133}\n"}
,{"stream_name":"stdout","time":17599.791848398,"data":"VRAM 2026/10/04 13:41:03.241, 0, 4367 MiB, 15360 MiB, 86 %\n"}
,{"stream_name":"stdout","time":17599.793212112,"data":"VRAM 2026/10/04 13:41:03.244, 1, 4359 MiB, 15360 MiB, 87 %\n"}
,{"stream_name":"stdout","time":17659.801293241,"data":"VRAM 2026/10/04 13:42:03.251, 0, 4367 MiB, 15360 MiB, 81 %\n"}
,{"stream_name":"stdout","time":17659.802683204,"data":"VRAM 2026/10/04 13:42:03.253, 1, 4359 MiB, 15360 MiB, 86 %\n"}
,{"stream_name":"stdout","time":17668.872411658,"data":"  round 14 client p047: {\"ce_t\": 0.0573, \"ce_s\": 0.0923, \"kl_t\": 0.0643, \"kl_s\": 0.0585, \"hid\": 0.0201, \"loss\": 1.0186, \"train_acc_t\": 0.9943, \"train_acc_s\": 0.9808, \"steps\": 525, \"teacher_test_acc\": 0.195, \"teacher_test_loss\": 2.8249, \"teacher_test_macro_f1\": 0.116, \"gpu\": 1, \"peak_alloc_gb\": 3.3209, \"peak_reserved_gb\": 4.1152}\n"}
,{"stream_name":"stdout","time":17711.243485663,"data":"  round 14 client p049: {\"ce_t\": 0.0218, \"ce_s\": 0.0278, \"kl_t\": 0.0192, \"kl_s\": 0.0149, \"hid\": 0.0114, \"loss\": 0.9446, \"train_acc_t\": 0.9998, \"train_acc_s\": 0.9972, \"steps\": 635, \"teacher_test_acc\": 0.115, \"teacher_test_loss\": 4.8322, \"teacher_test_macro_f1\": 0.0305, \"gpu\": 0, \"peak_alloc_gb\": 3.3297, \"peak_reserved_gb\": 4.1133}\n"}
,{"stream_name":"stdout","time":17719.81039737,"data":"VRAM 2026/10/04 13:43:03.261, 0, 4367 MiB, 15360 MiB, 90 %\n"}
,{"stream_name":"stdout","time":17719.812038622,"data":"VRAM 2026/10/04 13:43:03.262, 1, 4359 MiB, 15360 MiB, 90 %\n"}
,{"stream_name":"stdout","time":17768.699359957,"data":"  round 14 client p050: {\"ce_t\": 0.0585, \"ce_s\": 0.097, \"kl_t\": 0.0801, \"kl_s\": 0.0654, \"hid\": 0.0221, \"loss\": 1.087, \"train_acc_t\": 0.997, \"train_acc_s\": 0.9805, \"steps\": 495, \"teacher_test_acc\": 0.111, \"teacher_test_loss\": 5.1893, \"teacher_test_macro_f1\": 0.0201, \"gpu\": 1, \"peak_alloc_gb\": 3.3276, \"peak_reserved_gb\": 4.1152}\n"}
,{"stream_name":"stdout","time":17779.821586312,"data":"VRAM 2026/10/04 13:44:03.270, 0, 4367 MiB, 15360 MiB, 94 %\n"}
,{"stream_name":"stdout","time":17779.823427667,"data":"VRAM 2026/10/04 13:44:03.273, 1, 4359 MiB, 15360 MiB, 95 %\n"}
,{"stream_name":"stdout","time":17824.632231813,"data":"  round 14 client p051: {\"ce_t\": 0.0461, \"ce_s\": 0.0743, \"kl_t\": 0.0553, \"kl_s\": 0.0508, \"hid\": 0.0182, \"loss\": 1.0141, \"train_acc_t\": 0.997, \"train_acc_s\": 0.9861, \"steps\": 575, \"teacher_test_acc\": 0.136, \"teacher_test_loss\": 2.6414, \"teacher_test_macro_f1\": 0.077, \"gpu\": 0, \"peak_alloc_gb\": 3.3159, \"peak_reserved_gb\": 4.1133}\n"}
,{"stream_name":"stdout","time":17839.833243321,"data":"VRAM 2026/10/04 13:45:03.281, 0, 4367 MiB, 15360 MiB, 87 %\n"}
,{"stream_name":"stdout","time":17839.835909833,"data":"VRAM 2026/10/04 13:45:03.285, 1, 4359 MiB, 15360 MiB, 86 %\n"}
,{"stream_name":"stdout","time":17861.991837092,"data":"  round 14 client p052: {\"ce_t\": 0.0391, \"ce_s\": 0.0666, \"kl_t\": 0.0552, \"kl_s\": 0.045, \"hid\": 0.0175, \"loss\": 1.0389, \"train_acc_t\": 0.9978, \"train_acc_s\": 0.9886, \"steps\": 465, \"teacher_test_acc\": 0.186, \"teacher_test_loss\": 3.0338, \"teacher_test_macro_f1\": 0.1666, \"gpu\": 1, \"peak_alloc_gb\": 3.3127, \"peak_reserved_gb\": 4.1152}\n"}
,{"stream_name":"stdout","time":17899.845033768,"data":"VRAM 2026/10/04 13:46:03.294, 0, 4367 MiB, 15360 MiB, 92 %\n"}
,{"stream_name":"stdout","time":17899.847952181,"data":"VRAM 2026/10/04 13:46:03.297, 1, 4359 MiB, 15360 MiB, 88 %\n"}
,{"stream_name":"stdout","time":17924.677236118,"data":"  round 14 client p056: {\"ce_t\": 0.045, \"ce_s\": 0.0776, \"kl_t\": 0.0609, \"kl_s\": 0.0511, \"hid\": 0.0185, \"loss\": 1.0184, \"train_acc_t\": 0.9987, \"train_acc_s\": 0.9844, \"steps\": 500, \"teacher_test_acc\": 0.194, \"teacher_test_loss\": 3.2007, \"teacher_test_macro_f1\": 0.0941, \"gpu\": 0, \"peak_alloc_gb\": 3.3261, \"peak_reserved_gb\": 4.1133}\n"}
,{"stream_name":"stdout","time":17959.856118441,"data":"VRAM 2026/10/04 13:47:03.306, 0, 4367 MiB, 15360 MiB, 0 %\n"}
,{"stream_name":"stdout","time":17959.85711571,"data":"VRAM 2026/10/04 13:47:03.308, 1, 4359 MiB, 15360 MiB, 8 %\n"}
,{"stream_name":"stdout","time":17960.507696324,"data":"  round 14 client p061: {\"ce_t\": 0.0416, \"ce_s\": 0.0522, \"kl_t\": 0.0427, \"kl_s\": 0.0392, \"hid\": 0.0189, \"loss\": 1.0665, \"train_acc_t\": 0.9978, \"train_acc_s\": 0.9931, \"steps\": 510, \"teacher_test_acc\": 0.238, \"teacher_test_loss\": 3.6595, \"teacher_test_macro_f1\": 0.1919, \"gpu\": 1, \"peak_alloc_gb\": 3.312, \"peak_reserved_gb\": 4.1152}\n"}
,{"stream_name":"stdout","time":17967.7352471,"data":"ROUND 14/30: global student acc 0.4459 F1 0.4312 | mean teacher acc 0.1410 F1 0.0794 | 19.7 min\n"}
,{"stream_name":"stdout","time":18019.865438651,"data":"VRAM 2026/10/04 13:48:03.315, 0, 4367 MiB, 15360 MiB, 89 %\n"}
,{"stream_name":"stdout","time":18019.866974951,"data":"VRAM 2026/10/04 13:48:03.317, 1, 4359 MiB, 15360 MiB, 86 %\n"}
,{"stream_name":"stdout","time":18057.300707146,"data":"  round 15 client p002: {\"ce_t\": 0.0359, \"ce_s\": 0.0495, \"kl_t\": 0.0367, \"kl_s\": 0.0314, \"hid\": 0.019, \"loss\": 1.0644, \"train_acc_t\": 0.9981, \"train_acc_s\": 0.9934, \"steps\": 455, \"teacher_test_acc\": 0.121, \"teacher_test_loss\": 3.7358, \"teacher_test_macro_f1\": 0.0259, \"gpu\": 0, \"peak_alloc_gb\": 3.3401, \"peak_reserved_gb\": 4.1133}\n"}
,{"stream_name":"stdout","time":18069.870210217,"data":"  round 15 client p012: {\"ce_t\": 0.052, \"ce_s\": 0.0801, \"kl_t\": 0.0629, \"kl_s\": 0.0498, \"hid\": 0.019, \"loss\": 1.0168, \"train_acc_t\": 0.9983, \"train_acc_s\": 0.9869, \"steps\": 515, \"teacher_test_acc\": 0.107, \"teacher_test_loss\": 3.9759, \"teacher_test_macro_f1\": 0.061, \"gpu\": 1, \"peak_alloc_gb\": 3.3339, \"peak_reserved_gb\": 4.1152}\n"}
,{"stream_name":"stdout","time":18079.876766187,"data":"VRAM 2026/10/04 13:49:03.325, 0, 4367 MiB, 15360 MiB, 78 %\n"}
,{"stream_name":"stdout","time":18079.876836984,"data":"VRAM 2026/10/04 13:49:03.327, 1, 4359 MiB, 15360 MiB, 84 %\n"}
,{"stream_name":"stdout","time":18139.886312823,"data":"VRAM 2026/10/04 13:50:03.335, 0, 4367 MiB, 15360 MiB, 93 %\n"}
,{"stream_name":"stdout","time":18139.888334245,"data":"VRAM 2026/10/04 13:50:03.338, 1, 4359 MiB, 15360 MiB, 94 %\n"}
,{"stream_name":"stdout","time":18165.128768553,"data":"  round 15 client p014: {\"ce_t\": 0.0505, \"ce_s\": 0.0721, \"kl_t\": 0.044, \"kl_s\": 0.0373, \"hid\": 0.018, \"loss\": 1.0434, \"train_acc_t\": 0.9986, \"train_acc_s\": 0.9856, \"steps\": 550, \"teacher_test_acc\": 0.092, \"teacher_test_loss\": 3.1359, \"teacher_test_macro_f1\": 0.0296, \"gpu\": 0, \"peak_alloc_gb\": 3.3181, \"peak_reserved_gb\": 4.1133}\n"}
,{"stream_name":"stdout","time":18178.18247806,"data":"  round 15 client p015: {\"ce_t\": 0.0416, \"ce_s\": 0.0544, \"kl_t\": 0.0396, \"kl_s\": 0.0347, \"hid\": 0.0159, \"loss\": 0.9665, \"train_acc_t\": 0.997, \"train_acc_s\": 0.9931, \"steps\": 550, \"teacher_test_acc\": 0.102, \"teacher_test_loss\": 3.1895, \"teacher_test_macro_f1\": 0.0354, \"gpu\": 1, \"peak_alloc_gb\": 3.3174, \"peak_reserved_gb\": 4.1152}\n"}
,{"stream_name":"stdout","time":18199.896566112,"data":"VRAM 2026/10/04 13:51:03.346, 0, 4367 MiB, 15360 MiB, 90 %\n"}
,{"stream_name":"stdout","time":18199.898202422,"data":"VRAM 2026/10/04 13:51:03.348, 1, 4359 MiB, 15360 MiB, 90 %\n"}
,{"stream_name":"stdout","time":18259.909970015,"data":"VRAM 2026/10/04 13:52:03.357, 0, 4367 MiB, 15360 MiB, 95 %\n"}
,{"stream_name":"stdout","time":18259.910014267,"data":"VRAM 2026/10/04 13:52:03.359, 1, 4359 MiB, 15360 MiB, 94 %\n"}
,{"stream_name":"stdout","time":18297.116681645,"data":"  round 15 client p016: {\"ce_t\": 0.0339, \"ce_s\": 0.0397, \"kl_t\": 0.0301, \"kl_s\": 0.0298, \"hid\": 0.0137, \"loss\": 0.8762, \"train_acc_t\": 0.9976, \"train_acc_s\": 0.9954, \"steps\": 675, \"teacher_test_acc\": 0.129, \"teacher_test_loss\": 3.6845, \"teacher_test_macro_f1\": 0.0578, \"gpu\": 0, \"peak_alloc_gb\": 3.34, \"peak_reserved_gb\": 4.1133}\n"}
,{"stream_name":"stdout","time":18319.920072633,"data":"VRAM 2026/10/04 13:53:03.368, 0, 4367 MiB, 15360 MiB, 94 %\n"}
,{"stream_name":"stdout","time":18319.921565604,"data":"VRAM 2026/10/04 13:53:03.372, 1, 4359 MiB, 15360 MiB, 95 %\n"}
,{"stream_name":"stdout","time":18328.319013971,"data":"  round 15 client p021: {\"ce_t\": 0.0384, \"ce_s\": 0.0584, \"kl_t\": 0.0404, \"kl_s\": 0.0336, \"hid\": 0.0131, \"loss\": 0.8826, \"train_acc_t\": 0.9971, \"train_acc_s\": 0.9884, \"steps\": 775, \"teacher_test_acc\": 0.18, \"teacher_test_loss\": 3.4756, \"teacher_test_macro_f1\": 0.1074, \"gpu\": 1, \"peak_alloc_gb\": 3.33, \"peak_reserved_gb\": 4.1152}\n"}
,{"stream_name":"stdout","time":18379.930707539,"data":"VRAM 2026/10/04 13:54:03.379, 0, 4367 MiB, 15360 MiB, 86 %\n"}
,{"stream_name":"stdout","time":18379.933121228,"data":"VRAM 2026/10/04 13:54:03.382, 1, 4359 MiB, 15360 MiB, 89 %\n"}
,{"stream_name":"stdout","time":18439.940791476,"data":"VRAM 2026/10/04 13:55:03.391, 0, 4367 MiB, 15360 MiB, 90 %\n"}
,{"stream_name":"stdout","time":18439.942679396,"data":"VRAM 2026/10/04 13:55:03.392, 1, 4359 MiB, 15360 MiB, 88 %\n"}
,{"stream_name":"stdout","time":18447.51165698,"data":"  round 15 client p022: {\"ce_t\": 0.0219, \"ce_s\": 0.0289, \"kl_t\": 0.0266, \"kl_s\": 0.0197, \"hid\": 0.0102, \"loss\": 0.8573, \"train_acc_t\": 0.9989, \"train_acc_s\": 0.9956, \"steps\": 775, \"teacher_test_acc\": 0.196, \"teacher_test_loss\": 3.2339, \"teacher_test_macro_f1\": 0.1359, \"gpu\": 0, \"peak_alloc_gb\": 3.3208, \"peak_reserved_gb\": 4.1133}\n"}
,{"stream_name":"stdout","time":18477.087978082,"data":"  round 15 client p024: {\"ce_t\": 0.0232, \"ce_s\": 0.031, \"kl_t\": 0.0283, \"kl_s\": 0.0228, \"hid\": 0.0106, \"loss\": 0.8764, \"train_acc_t\": 0.998, \"train_acc_s\": 0.9959, \"steps\": 770, \"teacher_test_acc\": 0.138, \"teacher_test_loss\": 3.2621, \"teacher_test_macro_f1\": 0.0537, \"gpu\": 1, \"peak_alloc_gb\": 3.3133, \"peak_reserved_gb\": 4.1152}\n"}
,{"stream_name":"stdout","time":18499.954047729,"data":"VRAM 2026/10/04 13:56:03.401, 0, 4367 MiB, 15360 MiB, 86 %\n"}
,{"stream_name":"stdout","time":18499.95413088,"data":"VRAM 2026/10/04 13:56:03.404, 1, 4359 MiB, 15360 MiB, 80 %\n"}
,{"stream_name":"stdout","time":18559.962508428,"data":"VRAM 2026/10/04 13:57:03.412, 0, 4367 MiB, 15360 MiB, 91 %\n"}
,{"stream_name":"stdout","time":18559.964439855,"data":"VRAM 2026/10/04 13:57:03.414, 1, 4359 MiB, 15360 MiB, 88 %\n"}
,{"stream_name":"stdout","time":18582.427638782,"data":"  round 15 client p035: {\"ce_t\": 0.0286, \"ce_s\": 0.0365, \"kl_t\": 0.0303, \"kl_s\": 0.0244, \"hid\": 0.014, \"loss\": 0.9686, \"train_acc_t\": 0.9991, \"train_acc_s\": 0.9941, \"steps\": 530, \"teacher_test_acc\": 0.119, \"teacher_test_loss\": 2.8141, \"teacher_test_macro_f1\": 0.077, \"gpu\": 1, \"peak_alloc_gb\": 3.3085, \"peak_reserved_gb\": 4.1152}\n"}
,{"stream_name":"stdout","time":18594.064368885,"data":"  round 15 client p026: {\"ce_t\": 0.0392, \"ce_s\": 0.06, \"kl_t\": 0.0449, \"kl_s\": 0.0374, \"hid\": 0.015, \"loss\": 0.9525, \"train_acc_t\": 0.9988, \"train_acc_s\": 0.9896, \"steps\": 750, \"teacher_test_acc\": 0.094, \"teacher_test_loss\": 3.3937, \"teacher_test_macro_f1\": 0.0196, \"gpu\": 0, \"peak_alloc_gb\": 3.3209, \"peak_reserved_gb\": 4.1133}\n"}
,{"stream_name":"stdout","time":18619.972622843,"data":"VRAM 2026/10/04 13:58:03.423, 0, 4367 MiB, 15360 MiB, 90 %\n"}
,{"stream_name":"stdout","time":18619.974326767,"data":"VRAM 2026/10/04 13:58:03.424, 1, 4359 MiB, 15360 MiB, 90 %\n"}
,{"stream_name":"stdout","time":18665.40117078,"data":"  round 15 client p039: {\"ce_t\": 0.0478, \"ce_s\": 0.0528, \"kl_t\": 0.0435, \"kl_s\": 0.0414, \"hid\": 0.0229, \"loss\": 1.1544, \"train_acc_t\": 0.9963, \"train_acc_s\": 0.992, \"steps\": 410, \"teacher_test_acc\": 0.081, \"teacher_test_loss\": 4.7029, \"teacher_test_macro_f1\": 0.041, \"gpu\": 1, \"peak_alloc_gb\": 3.324, \"peak_reserved_gb\": 4.1152}\n"}
,{"stream_name":"stdout","time":18672.166947305,"data":"  round 15 client p041: {\"ce_t\": 0.0421, \"ce_s\": 0.0608, \"kl_t\": 0.049, \"kl_s\": 0.0431, \"hid\": 0.0209, \"loss\": 1.0974, \"train_acc_t\": 0.9987, \"train_acc_s\": 0.9888, \"steps\": 380, \"teacher_test_acc\": 0.142, \"teacher_test_loss\": 2.7521, \"teacher_test_macro_f1\": 0.0754, \"gpu\": 0, \"peak_alloc_gb\": 3.3357, \"peak_reserved_gb\": 4.1133}\n"}
,{"stream_name":"stdout","time":18679.982444909,"data":"VRAM 2026/10/04 13:59:03.433, 0, 4367 MiB, 15360 MiB, 80 %\n"}
,{"stream_name":"stdout","time":18679.984952564,"data":"VRAM 2026/10/04 13:59:03.434, 1, 4359 MiB, 15360 MiB, 80 %\n"}
,{"stream_name":"stdout","time":18739.996090697,"data":"VRAM 2026/10/04 14:00:03.443, 0, 4367 MiB, 15360 MiB, 90 %\n"}
,{"stream_name":"stdout","time":18739.996394326,"data":"VRAM 2026/10/04 14:00:03.446, 1, 4359 MiB, 15360 MiB, 100 %\n"}
,{"stream_name":"stdout","time":18742.637412319,"data":"  round 15 client p042: {\"ce_t\": 0.0355, \"ce_s\": 0.0462, \"kl_t\": 0.0449, \"kl_s\": 0.0336, \"hid\": 0.0177, \"loss\": 1.0205, \"train_acc_t\": 0.998, \"train_acc_s\": 0.9926, \"steps\": 370, \"teacher_test_acc\": 0.144, \"teacher_test_loss\": 2.507, \"teacher_test_macro_f1\": 0.0778, \"gpu\": 1, \"peak_alloc_gb\": 3.3352, \"peak_reserved_gb\": 4.1152}\n"}
,{"stream_name":"stdout","time":18764.123308045,"data":"  round 15 client p045: {\"ce_t\": 0.0306, \"ce_s\": 0.0414, \"kl_t\": 0.0268, \"kl_s\": 0.0209, \"hid\": 0.0137, \"loss\": 0.9493, \"train_acc_t\": 0.9981, \"train_acc_s\": 0.9936, \"steps\": 455, \"teacher_test_acc\": 0.115, \"teacher_test_loss\": 3.3164, \"teacher_test_macro_f1\": 0.034, \"gpu\": 0, \"peak_alloc_gb\": 3.3261, \"peak_reserved_gb\": 4.1133}\n"}
,{"stream_name":"stdout","time":18800.005872818,"data":"VRAM 2026/10/04 14:01:03.455, 0, 4367 MiB, 15360 MiB, 86 %\n"}
,{"stream_name":"stdout","time":18800.007382637,"data":"VRAM 2026/10/04 14:01:03.458, 1, 4359 MiB, 15360 MiB, 81 %\n"}
,{"stream_name":"stdout","time":18846.507860865,"data":"  round 15 client p047: {\"ce_t\": 0.0479, \"ce_s\": 0.0802, \"kl_t\": 0.0547, \"kl_s\": 0.0467, \"hid\": 0.0152, \"loss\": 0.8881, \"train_acc_t\": 0.9971, \"train_acc_s\": 0.9851, \"steps\": 525, \"teacher_test_acc\": 0.18, \"teacher_test_loss\": 2.5792, \"teacher_test_macro_f1\": 0.0725, \"gpu\": 1, \"peak_alloc_gb\": 3.3189, \"peak_reserved_gb\": 4.1152}\n"}
,{"stream_name":"stdout","time":18860.016182636,"data":"VRAM 2026/10/04 14:02:03.466, 0, 4367 MiB, 15360 MiB, 85 %\n"}
,{"stream_name":"stdout","time":18860.017400615,"data":"VRAM 2026/10/04 14:02:03.468, 1, 4359 MiB, 15360 MiB, 94 %\n"}
,{"stream_name":"stdout","time":18888.336900521,"data":"  round 15 client p049: {\"ce_t\": 0.0236, \"ce_s\": 0.0298, \"kl_t\": 0.0235, \"kl_s\": 0.0218, \"hid\": 0.0138, \"loss\": 0.989, \"train_acc_t\": 0.9994, \"train_acc_s\": 0.996, \"steps\": 635, \"teacher_test_acc\": 0.135, \"teacher_test_loss\": 4.4183, \"teacher_test_macro_f1\": 0.0584, \"gpu\": 0, \"peak_alloc_gb\": 3.3309, \"peak_reserved_gb\": 4.1133}\n"}
,{"stream_name":"stdout","time":18920.02578101,"data":"VRAM 2026/10/04 14:03:03.476, 0, 4367 MiB, 15360 MiB, 87 %\n"}
,{"stream_name":"stdout","time":18920.027651089,"data":"VRAM 2026/10/04 14:03:03.478, 1, 4359 MiB, 15360 MiB, 90 %\n"}
,{"stream_name":"stdout","time":18945.410233663,"data":"  round 15 client p050: {\"ce_t\": 0.0631, \"ce_s\": 0.0973, \"kl_t\": 0.0848, \"kl_s\": 0.0664, \"hid\": 0.0217, \"loss\": 1.0791, \"train_acc_t\": 0.9959, \"train_acc_s\": 0.979, \"steps\": 495, \"teacher_test_acc\": 0.098, \"teacher_test_loss\": 4.393, \"teacher_test_macro_f1\": 0.0322, \"gpu\": 1, \"peak_alloc_gb\": 3.3257, \"peak_reserved_gb\": 4.1152}\n"}
,{"stream_name":"stdout","time":18980.036454727,"data":"VRAM 2026/10/04 14:04:03.486, 0, 4367 MiB, 15360 MiB, 88 %\n"}
,{"stream_name":"stdout","time":18980.038916196,"data":"VRAM 2026/10/04 14:04:03.488, 1, 4359 MiB, 15360 MiB, 88 %\n"}
,{"stream_name":"stdout","time":19003.103903604,"data":"  round 15 client p051: {\"ce_t\": 0.0446, \"ce_s\": 0.0746, \"kl_t\": 0.0469, \"kl_s\": 0.0423, \"hid\": 0.0165, \"loss\": 0.9647, \"train_acc_t\": 0.9963, \"train_acc_s\": 0.987, \"steps\": 575, \"teacher_test_acc\": 0.202, \"teacher_test_loss\": 2.5921, \"teacher_test_macro_f1\": 0.1358, \"gpu\": 0, \"peak_alloc_gb\": 3.3189, \"peak_reserved_gb\": 4.1133}\n"}
,{"stream_name":"stdout","time":19039.994559332,"data":"  round 15 client p052: {\"ce_t\": 0.0315, \"ce_s\": 0.0474, \"kl_t\": 0.0301, \"kl_s\": 0.0251, \"hid\": 0.0145, \"loss\": 0.9633, \"train_acc_t\": 0.9981, \"train_acc_s\": 0.9919, \"steps\": 465, \"teacher_test_acc\": 0.206, \"teacher_test_loss\": 2.6609, \"teacher_test_macro_f1\": 0.1503, \"gpu\": 1, \"peak_alloc_gb\": 3.3095, \"peak_reserved_gb\": 4.1152}\n"}
,{"stream_name":"stdout","time":19040.047043957,"data":"VRAM 2026/10/04 14:05:03.497, 0, 4367 MiB, 15360 MiB, 90 %\n"}
,{"stream_name":"stdout","time":19040.048033846,"data":"VRAM 2026/10/04 14:05:03.499, 1, 4359 MiB, 15360 MiB, 0 %\n"}
,{"stream_name":"stdout","time":19100.055894311,"data":"VRAM 2026/10/04 14:06:03.506, 0, 4367 MiB, 15360 MiB, 100 %\n"}
,{"stream_name":"stdout","time":19100.06047722,"data":"VRAM 2026/10/04 14:06:03.508, 1, 4359 MiB, 15360 MiB, 88 %\n"}
,{"stream_name":"stdout","time":19104.151785827,"data":"  round 15 client p056: {\"ce_t\": 0.039, \"ce_s\": 0.0625, \"kl_t\": 0.0484, \"kl_s\": 0.0361, \"hid\": 0.0162, \"loss\": 0.9059, \"train_acc_t\": 0.9995, \"train_acc_s\": 0.9882, \"steps\": 500, \"teacher_test_acc\": 0.167, \"teacher_test_loss\": 2.9266, \"teacher_test_macro_f1\": 0.0935, \"gpu\": 0, \"peak_alloc_gb\": 3.3273, \"peak_reserved_gb\": 4.1133}\n"}
,{"stream_name":"stdout","time":19138.977295783,"data":"  round 15 client p061: {\"ce_t\": 0.0429, \"ce_s\": 0.0622, \"kl_t\": 0.0549, \"kl_s\": 0.045, \"hid\": 0.019, \"loss\": 1.0378, \"train_acc_t\": 0.9973, \"train_acc_s\": 0.9896, \"steps\": 510, \"teacher_test_acc\": 0.245, \"teacher_test_loss\": 3.34, \"teacher_test_macro_f1\": 0.1718, \"gpu\": 1, \"peak_alloc_gb\": 3.3196, \"peak_reserved_gb\": 4.1152}\n"}
,{"stream_name":"stdout","time":19146.0888995,"data":"ROUND 15/30: global student acc 0.4629 F1 0.4512 | mean teacher acc 0.1425 F1 0.0736 | 19.6 min\n"}
,{"stream_name":"stdout","time":19160.067907522,"data":"VRAM 2026/10/04 14:07:03.517, 0, 4367 MiB, 15360 MiB, 91 %\n"}
,{"stream_name":"stdout","time":19160.071597791,"data":"VRAM 2026/10/04 14:07:03.520, 1, 4359 MiB, 15360 MiB, 92 %\n"}
,{"stream_name":"stdout","time":19220.081442883,"data":"VRAM 2026/10/04 14:08:03.530, 0, 4367 MiB, 15360 MiB, 83 %\n"}
,{"stream_name":"stdout","time":19220.081639066,"data":"VRAM 2026/10/04 14:08:03.532, 1, 4359 MiB, 15360 MiB, 89 %\n"}
,{"stream_name":"stdout","time":19236.937807519,"data":"  round 16 client p002: {\"ce_t\": 0.0328, \"ce_s\": 0.0422, \"kl_t\": 0.0342, \"kl_s\": 0.029, \"hid\": 0.0156, \"loss\": 1.0214, \"train_acc_t\": 0.9978, \"train_acc_s\": 0.9942, \"steps\": 455, \"teacher_test_acc\": 0.099, \"teacher_test_loss\": 3.6342, \"teacher_test_macro_f1\": 0.0235, \"gpu\": 0, \"peak_alloc_gb\": 3.3386, \"peak_reserved_gb\": 4.1133}\n"}
,{"stream_name":"stdout","time":19249.097850594,"data":"  round 16 client p012: {\"ce_t\": 0.0476, \"ce_s\": 0.0898, \"kl_t\": 0.0694, \"kl_s\": 0.0578, \"hid\": 0.0181, \"loss\": 1.0119, \"train_acc_t\": 0.9981, \"train_acc_s\": 0.9825, \"steps\": 515, \"teacher_test_acc\": 0.082, \"teacher_test_loss\": 5.0794, \"teacher_test_macro_f1\": 0.0395, \"gpu\": 1, \"peak_alloc_gb\": 3.3299, \"peak_reserved_gb\": 4.1152}\n"}
,{"stream_name":"stdout","time":19280.091394756,"data":"VRAM 2026/10/04 14:09:03.539, 0, 4367 MiB, 15360 MiB, 92 %\n"}
,{"stream_name":"stdout","time":19280.09551854,"data":"VRAM 2026/10/04 14:09:03.543, 1, 4359 MiB, 15360 MiB, 89 %\n"}
,{"stream_name":"stdout","time":19340.103136915,"data":"VRAM 2026/10/04 14:10:03.553, 0, 4367 MiB, 15360 MiB, 37 %\n"}
,{"stream_name":"stdout","time":19340.104757313,"data":"VRAM 2026/10/04 14:10:03.555, 1, 4359 MiB, 15360 MiB, 93 %\n"}
,{"stream_name":"stdout","time":19346.503233341,"data":"  round 16 client p014: {\"ce_t\": 0.0465, \"ce_s\": 0.067, \"kl_t\": 0.0367, \"kl_s\": 0.0353, \"hid\": 0.016, \"loss\": 0.9982, \"train_acc_t\": 0.9975, \"train_acc_s\": 0.9874, \"steps\": 550, \"teacher_test_acc\": 0.085, \"teacher_test_loss\": 4.7232, \"teacher_test_macro_f1\": 0.0176, \"gpu\": 0, \"peak_alloc_gb\": 3.3272, \"peak_reserved_gb\": 4.1133}\n"}
,{"stream_name":"stdout","time":19358.472770002,"data":"  round 16 client p015: {\"ce_t\": 0.0352, \"ce_s\": 0.0536, \"kl_t\": 0.042, \"kl_s\": 0.0334, \"hid\": 0.0138, \"loss\": 0.9337, \"train_acc_t\": 0.9977, \"train_acc_s\": 0.9906, \"steps\": 550, \"teacher_test_acc\": 0.121, \"teacher_test_loss\": 4.2271, \"teacher_test_macro_f1\": 0.0337, \"gpu\": 1, \"peak_alloc_gb\": 3.3217, \"peak_reserved_gb\": 4.1152}\n"}
,{"stream_name":"stdout","time":19400.113633542,"data":"VRAM 2026/10/04 14:11:03.563, 0, 4367 MiB, 15360 MiB, 83 %\n"}
,{"stream_name":"stdout","time":19400.115684376,"data":"VRAM 2026/10/04 14:11:03.565, 1, 4359 MiB, 15360 MiB, 84 %\n"}
,{"stream_name":"stdout","time":19460.127181074,"data":"VRAM 2026/10/04 14:12:03.573, 0, 4367 MiB, 15360 MiB, 92 %\n"}
,{"stream_name":"stdout","time":19460.127470552,"data":"VRAM 2026/10/04 14:12:03.577, 1, 4359 MiB, 15360 MiB, 90 %\n"}
,{"stream_name":"stdout","time":19481.151814112,"data":"  round 16 client p016: {\"ce_t\": 0.024, \"ce_s\": 0.0385, \"kl_t\": 0.0287, \"kl_s\": 0.024, \"hid\": 0.01, \"loss\": 0.8223, \"train_acc_t\": 0.9983, \"train_acc_s\": 0.9939, \"steps\": 675, \"teacher_test_acc\": 0.103, \"teacher_test_loss\": 5.5945, \"teacher_test_macro_f1\": 0.0266, \"gpu\": 0, \"peak_alloc_gb\": 3.3328, \"peak_reserved_gb\": 4.1133}\n"}
,{"stream_name":"stdout","time":19511.425160187,"data":"  round 16 client p021: {\"ce_t\": 0.0378, \"ce_s\": 0.0552, \"kl_t\": 0.0343, \"kl_s\": 0.0287, \"hid\": 0.0119, \"loss\": 0.825, \"train_acc_t\": 0.9981, \"train_acc_s\": 0.9901, \"steps\": 775, \"teacher_test_acc\": 0.126, \"teacher_test_loss\": 4.6998, \"teacher_test_macro_f1\": 0.0666, \"gpu\": 1, \"peak_alloc_gb\": 3.3269, \"peak_reserved_gb\": 4.1152}\n"}
,{"stream_name":"stdout","time":19520.134916329,"data":"VRAM 2026/10/04 14:13:03.585, 0, 4367 MiB, 15360 MiB, 93 %\n"}
,{"stream_name":"stdout","time":19520.136909017,"data":"VRAM 2026/10/04 14:13:03.587, 1, 4359 MiB, 15360 MiB, 88 %\n"}
,{"stream_name":"stdout","time":19580.149468501,"data":"VRAM 2026/10/04 14:14:03.595, 0, 4367 MiB, 15360 MiB, 88 %\n"}
,{"stream_name":"stdout","time":19580.149638197,"data":"VRAM 2026/10/04 14:14:03.600, 1, 4359 MiB, 15360 MiB, 86 %\n"}
,{"stream_name":"stdout","time":19633.877764099,"data":"  round 16 client p022: {\"ce_t\": 0.0278, \"ce_s\": 0.0398, \"kl_t\": 0.0273, \"kl_s\": 0.026, \"hid\": 0.0097, \"loss\": 0.8032, \"train_acc_t\": 0.9981, \"train_acc_s\": 0.9948, \"steps\": 775, \"teacher_test_acc\": 0.17, \"teacher_test_loss\": 3.3398, \"teacher_test_macro_f1\": 0.1028, \"gpu\": 0, \"peak_alloc_gb\": 3.319, \"peak_reserved_gb\": 4.1133}\n"}
,{"stream_name":"stdout","time":19640.15748314,"data":"VRAM 2026/10/04 14:15:03.607, 0, 4367 MiB, 15360 MiB, 88 %\n"}
,{"stream_name":"stdout","time":19640.158775017,"data":"VRAM 2026/10/04 14:15:03.609, 1, 4359 MiB, 15360 MiB, 87 %\n"}
,{"stream_name":"stdout","time":19663.638206358,"data":"  round 16 client p024: {\"ce_t\": 0.0197, \"ce_s\": 0.0256, \"kl_t\": 0.0217, \"kl_s\": 0.0172, \"hid\": 0.0087, \"loss\": 0.8273, \"train_acc_t\": 0.9995, \"train_acc_s\": 0.9967, \"steps\": 770, \"teacher_test_acc\": 0.116, \"teacher_test_loss\": 4.2452, \"teacher_test_macro_f1\": 0.0609, \"gpu\": 1, \"peak_alloc_gb\": 3.315, \"peak_reserved_gb\": 4.1152}\n"}
,{"stream_name":"stdout","time":19700.167946908,"data":"VRAM 2026/10/04 14:16:03.617, 0, 4367 MiB, 15360 MiB, 88 %\n"}
,{"stream_name":"stdout","time":19700.169449003,"data":"VRAM 2026/10/04 14:16:03.620, 1, 4359 MiB, 15360 MiB, 84 %\n"}
,{"stream_name":"stdout","time":19760.178355551,"data":"VRAM 2026/10/04 14:17:03.627, 0, 4367 MiB, 15360 MiB, 83 %\n"}
,{"stream_name":"stdout","time":19760.178401915,"data":"VRAM 2026/10/04 14:17:03.629, 1, 4359 MiB, 15360 MiB, 77 %\n"}
,{"stream_name":"stdout","time":19769.919860607,"data":"  round 16 client p035: {\"ce_t\": 0.0216, \"ce_s\": 0.0283, \"kl_t\": 0.0198, \"kl_s\": 0.0171, \"hid\": 0.0106, \"loss\": 0.9101, \"train_acc_t\": 0.9993, \"train_acc_s\": 0.9972, \"steps\": 530, \"teacher_test_acc\": 0.082, \"teacher_test_loss\": 3.0254, \"teacher_test_macro_f1\": 0.0306, \"gpu\": 1, \"peak_alloc_gb\": 3.3078, \"peak_reserved_gb\": 4.1152}\n"}
,{"stream_name":"stdout","time":19783.899949267,"data":"  round 16 client p026: {\"ce_t\": 0.0346, \"ce_s\": 0.0562, \"kl_t\": 0.0406, \"kl_s\": 0.0325, \"hid\": 0.0132, \"loss\": 0.8925, \"train_acc_t\": 0.9988, \"train_acc_s\": 0.9893, \"steps\": 750, \"teacher_test_acc\": 0.096, \"teacher_test_loss\": 3.5136, \"teacher_test_macro_f1\": 0.0229, \"gpu\": 0, \"peak_alloc_gb\": 3.3249, \"peak_reserved_gb\": 4.1133}\n"}
,{"stream_name":"stdout","time":19820.189428551,"data":"VRAM 2026/10/04 14:18:03.636, 0, 4367 MiB, 15360 MiB, 87 %\n"}
,{"stream_name":"stdout","time":19820.19390065,"data":"VRAM 2026/10/04 14:18:03.641, 1, 4359 MiB, 15360 MiB, 87 %\n"}
,{"stream_name":"stdout","time":19855.299475908,"data":"  round 16 client p039: {\"ce_t\": 0.0405, \"ce_s\": 0.0487, \"kl_t\": 0.0378, \"kl_s\": 0.0333, \"hid\": 0.0191, \"loss\": 1.0528, \"train_acc_t\": 0.996, \"train_acc_s\": 0.9929, \"steps\": 410, \"teacher_test_acc\": 0.1, \"teacher_test_loss\": 5.4498, \"teacher_test_macro_f1\": 0.0459, \"gpu\": 1, \"peak_alloc_gb\": 3.3233, \"peak_reserved_gb\": 4.1152}\n"}
,{"stream_name":"stdout","time":19864.17178143,"data":"  round 16 client p041: {\"ce_t\": 0.0403, \"ce_s\": 0.0536, \"kl_t\": 0.0354, \"kl_s\": 0.0349, \"hid\": 0.0202, \"loss\": 1.096, \"train_acc_t\": 0.9983, \"train_acc_s\": 0.9921, \"steps\": 380, \"teacher_test_acc\": 0.179, \"teacher_test_loss\": 2.7212, \"teacher_test_macro_f1\": 0.1257, \"gpu\": 0, \"peak_alloc_gb\": 3.3403, \"peak_reserved_gb\": 4.1133}\n"}
,{"stream_name":"stdout","time":19880.20181917,"data":"VRAM 2026/10/04 14:19:03.652, 0, 4367 MiB, 15360 MiB, 86 %\n"}
,{"stream_name":"stdout","time":19880.203568878,"data":"VRAM 2026/10/04 14:19:03.654, 1, 4359 MiB, 15360 MiB, 87 %\n"}
,{"stream_name":"stdout","time":19934.0202616,"data":"  round 16 client p042: {\"ce_t\": 0.0213, \"ce_s\": 0.0353, \"kl_t\": 0.0339, \"kl_s\": 0.0221, \"hid\": 0.0116, \"loss\": 0.8989, \"train_acc_t\": 1.0, \"train_acc_s\": 0.9922, \"steps\": 370, \"teacher_test_acc\": 0.189, \"teacher_test_loss\": 2.296, \"teacher_test_macro_f1\": 0.1171, \"gpu\": 1, \"peak_alloc_gb\": 3.3254, \"peak_reserved_gb\": 4.1152}\n"}
,{"stream_name":"stdout","time":19940.213584207,"data":"VRAM 2026/10/04 14:20:03.662, 0, 4367 MiB, 15360 MiB, 96 %\n"}
,{"stream_name":"stdout","time":19940.214156413,"data":"VRAM 2026/10/04 14:20:03.664, 1, 4359 MiB, 15360 MiB, 92 %\n"}
,{"stream_name":"stdout","time":19958.949385498,"data":"  round 16 client p045: {\"ce_t\": 0.0315, \"ce_s\": 0.0394, \"kl_t\": 0.0227, \"kl_s\": 0.0204, \"hid\": 0.0119, \"loss\": 0.8959, \"train_acc_t\": 0.9967, \"train_acc_s\": 0.9934, \"steps\": 455, \"teacher_test_acc\": 0.099, \"teacher_test_loss\": 3.317, \"teacher_test_macro_f1\": 0.0235, \"gpu\": 0, \"peak_alloc_gb\": 3.3231, \"peak_reserved_gb\": 4.1133}\n"}
,{"stream_name":"stdout","time":20000.223566799,"data":"VRAM 2026/10/04 14:21:03.672, 0, 4367 MiB, 15360 MiB, 85 %\n"}
,{"stream_name":"stdout","time":20000.223685168,"data":"VRAM 2026/10/04 14:21:03.674, 1, 4359 MiB, 15360 MiB, 86 %\n"}
,{"stream_name":"stdout","time":20040.427467801,"data":"  round 16 client p047: {\"ce_t\": 0.0513, \"ce_s\": 0.1052, \"kl_t\": 0.0778, \"kl_s\": 0.0679, \"hid\": 0.0164, \"loss\": 0.9516, \"train_acc_t\": 0.9959, \"train_acc_s\": 0.977, \"steps\": 525, \"teacher_test_acc\": 0.204, \"teacher_test_loss\": 2.2841, \"teacher_test_macro_f1\": 0.1146, \"gpu\": 1, \"peak_alloc_gb\": 3.3197, \"peak_reserved_gb\": 4.1152}\n"}
,{"stream_name":"stdout","time":20060.231470229,"data":"VRAM 2026/10/04 14:22:03.682, 0, 4367 MiB, 15360 MiB, 91 %\n"}
,{"stream_name":"stdout","time":20060.232566479,"data":"VRAM 2026/10/04 14:22:03.683, 1, 4359 MiB, 15360 MiB, 79 %\n"}
,{"stream_name":"stdout","time":20086.052983501,"data":"  round 16 client p049: {\"ce_t\": 0.0273, \"ce_s\": 0.037, \"kl_t\": 0.0304, \"kl_s\": 0.0252, \"hid\": 0.0113, \"loss\": 0.867, \"train_acc_t\": 0.999, \"train_acc_s\": 0.9953, \"steps\": 635, \"teacher_test_acc\": 0.116, \"teacher_test_loss\": 5.2132, \"teacher_test_macro_f1\": 0.0237, \"gpu\": 0, \"peak_alloc_gb\": 3.3361, \"peak_reserved_gb\": 4.1133}\n"}
,{"stream_name":"stdout","time":20120.24075101,"data":"VRAM 2026/10/04 14:23:03.691, 0, 4367 MiB, 15360 MiB, 86 %\n"}
,{"stream_name":"stdout","time":20120.242268458,"data":"VRAM 2026/10/04 14:23:03.692, 1, 4359 MiB, 15360 MiB, 86 %\n"}
,{"stream_name":"stdout","time":20141.161406335,"data":"  round 16 client p050: {\"ce_t\": 0.0553, \"ce_s\": 0.0889, \"kl_t\": 0.0707, \"kl_s\": 0.0553, \"hid\": 0.0204, \"loss\": 1.0527, \"train_acc_t\": 0.9972, \"train_acc_s\": 0.9808, \"steps\": 495, \"teacher_test_acc\": 0.095, \"teacher_test_loss\": 2.9702, \"teacher_test_macro_f1\": 0.0254, \"gpu\": 1, \"peak_alloc_gb\": 3.322, \"peak_reserved_gb\": 4.1152}\n"}
,{"stream_name":"stdout","time":20180.250402448,"data":"VRAM 2026/10/04 14:24:03.700, 0, 4367 MiB, 15360 MiB, 88 %\n"}
,{"stream_name":"stdout","time":20180.252289181,"data":"VRAM 2026/10/04 14:24:03.702, 1, 4359 MiB, 15360 MiB, 90 %\n"}
,{"stream_name":"stdout","time":20201.488286475,"data":"  round 16 client p051: {\"ce_t\": 0.039, \"ce_s\": 0.0587, \"kl_t\": 0.0382, \"kl_s\": 0.0334, \"hid\": 0.0146, \"loss\": 0.9442, \"train_acc_t\": 0.9963, \"train_acc_s\": 0.9898, \"steps\": 575, \"teacher_test_acc\": 0.109, \"teacher_test_loss\": 3.357, \"teacher_test_macro_f1\": 0.051, \"gpu\": 0, \"peak_alloc_gb\": 3.3261, \"peak_reserved_gb\": 4.1133}\n"}
,{"stream_name":"stdout","time":20235.369113698,"data":"  round 16 client p052: {\"ce_t\": 0.0319, \"ce_s\": 0.0525, \"kl_t\": 0.038, \"kl_s\": 0.033, \"hid\": 0.0126, \"loss\": 0.8817, \"train_acc_t\": 0.997, \"train_acc_s\": 0.9914, \"steps\": 465, \"teacher_test_acc\": 0.206, \"teacher_test_loss\": 2.5635, \"teacher_test_macro_f1\": 0.1468, \"gpu\": 1, \"peak_alloc_gb\": 3.3187, \"peak_reserved_gb\": 4.1152}\n"}
,{"stream_name":"stdout","time":20240.260877904,"data":"VRAM 2026/10/04 14:25:03.711, 0, 4367 MiB, 15360 MiB, 92 %\n"}
,{"stream_name":"stdout","time":20240.263569296,"data":"VRAM 2026/10/04 14:25:03.713, 1, 4359 MiB, 15360 MiB, 93 %\n"}
,{"stream_name":"stdout","time":20300.272504645,"data":"VRAM 2026/10/04 14:26:03.722, 0, 4367 MiB, 15360 MiB, 100 %\n"}
,{"stream_name":"stdout","time":20300.274423872,"data":"VRAM 2026/10/04 14:26:03.724, 1, 4359 MiB, 15360 MiB, 95 %\n"}
,{"stream_name":"stdout","time":20301.860885532,"data":"  round 16 client p056: {\"ce_t\": 0.0357, \"ce_s\": 0.0584, \"kl_t\": 0.0447, \"kl_s\": 0.0386, \"hid\": 0.0132, \"loss\": 0.9263, \"train_acc_t\": 0.9987, \"train_acc_s\": 0.9877, \"steps\": 500, \"teacher_test_acc\": 0.186, \"teacher_test_loss\": 3.2734, \"teacher_test_macro_f1\": 0.1138, \"gpu\": 0, \"peak_alloc_gb\": 3.3302, \"peak_reserved_gb\": 4.1133}\n"}
,{"stream_name":"stdout","time":20334.155224165,"data":"  round 16 client p061: {\"ce_t\": 0.0393, \"ce_s\": 0.0607, \"kl_t\": 0.0479, \"kl_s\": 0.0431, \"hid\": 0.0166, \"loss\": 0.99, \"train_acc_t\": 0.997, \"train_acc_s\": 0.9904, \"steps\": 510, \"teacher_test_acc\": 0.236, \"teacher_test_loss\": 3.4038, \"teacher_test_macro_f1\": 0.1692, \"gpu\": 1, \"peak_alloc_gb\": 3.3138, \"peak_reserved_gb\": 4.1152}\n"}
,{"stream_name":"stdout","time":20341.492566763,"data":"ROUND 16/30: global student acc 0.4543 F1 0.4455 | mean teacher acc 0.1333 F1 0.0658 | 19.9 min\n"}
,{"stream_name":"stdout","time":20360.283913862,"data":"VRAM 2026/10/04 14:27:03.732, 0, 4367 MiB, 15360 MiB, 85 %\n"}
,{"stream_name":"stdout","time":20360.286942806,"data":"VRAM 2026/10/04 14:27:03.736, 1, 4359 MiB, 15360 MiB, 82 %\n"}
,{"stream_name":"stdout","time":20420.29468098,"data":"VRAM 2026/10/04 14:28:03.745, 0, 4367 MiB, 15360 MiB, 84 %\n"}
,{"stream_name":"stdout","time":20420.296177791,"data":"VRAM 2026/10/04 14:28:03.746, 1, 4359 MiB, 15360 MiB, 84 %\n"}
,{"stream_name":"stdout","time":20435.478359811,"data":"  round 17 client p002: {\"ce_t\": 0.0329, \"ce_s\": 0.0513, \"kl_t\": 0.0445, \"kl_s\": 0.0331, \"hid\": 0.0152, \"loss\": 0.9785, \"train_acc_t\": 0.9989, \"train_acc_s\": 0.9909, \"steps\": 455, \"teacher_test_acc\": 0.124, \"teacher_test_loss\": 2.9758, \"teacher_test_macro_f1\": 0.0337, \"gpu\": 0, \"peak_alloc_gb\": 3.3367, \"peak_reserved_gb\": 4.1133}\n"}
,{"stream_name":"stdout","time":20447.56559466,"data":"  round 17 client p012: {\"ce_t\": 0.0506, \"ce_s\": 0.0836, \"kl_t\": 0.0643, \"kl_s\": 0.0569, \"hid\": 0.018, \"loss\": 1.0021, \"train_acc_t\": 0.9976, \"train_acc_s\": 0.9844, \"steps\": 515, \"teacher_test_acc\": 0.074, \"teacher_test_loss\": 4.3778, \"teacher_test_macro_f1\": 0.0327, \"gpu\": 1, \"peak_alloc_gb\": 3.328, \"peak_reserved_gb\": 4.1152}\n"}
,{"stream_name":"stdout","time":20480.305460734,"data":"VRAM 2026/10/04 14:29:03.754, 0, 4367 MiB, 15360 MiB, 83 %\n"}
,{"stream_name":"stdout","time":20480.305978491,"data":"VRAM 2026/10/04 14:29:03.756, 1, 4359 MiB, 15360 MiB, 84 %\n"}
,{"stream_name":"stdout","time":20540.315680211,"data":"VRAM 2026/10/04 14:30:03.764, 0, 4367 MiB, 15360 MiB, 88 %\n"}
,{"stream_name":"stdout","time":20540.315788626,"data":"VRAM 2026/10/04 14:30:03.766, 1, 4359 MiB, 15360 MiB, 83 %\n"}
,{"stream_name":"stdout","time":20547.774850593,"data":"  round 17 client p014: {\"ce_t\": 0.0387, \"ce_s\": 0.0588, \"kl_t\": 0.0309, \"kl_s\": 0.026, \"hid\": 0.0128, \"loss\": 0.9056, \"train_acc_t\": 0.9986, \"train_acc_s\": 0.9874, \"steps\": 550, \"teacher_test_acc\": 0.084, \"teacher_test_loss\": 4.9544, \"teacher_test_macro_f1\": 0.0172, \"gpu\": 0, \"peak_alloc_gb\": 3.3296, \"peak_reserved_gb\": 4.1133}\n"}
,{"stream_name":"stdout","time":20559.887148515,"data":"  round 17 client p015: {\"ce_t\": 0.0315, \"ce_s\": 0.0484, \"kl_t\": 0.0373, \"kl_s\": 0.0318, \"hid\": 0.0131, \"loss\": 0.9186, \"train_acc_t\": 0.9979, \"train_acc_s\": 0.9913, \"steps\": 550, \"teacher_test_acc\": 0.108, \"teacher_test_loss\": 4.4544, \"teacher_test_macro_f1\": 0.0385, \"gpu\": 1, \"peak_alloc_gb\": 3.319, \"peak_reserved_gb\": 4.1152}\n"}
,{"stream_name":"stdout","time":20600.324585419,"data":"VRAM 2026/10/04 14:31:03.774, 0, 4367 MiB, 15360 MiB, 87 %\n"}
,{"stream_name":"stdout","time":20600.325993804,"data":"VRAM 2026/10/04 14:31:03.776, 1, 4359 MiB, 15360 MiB, 87 %\n"}
,{"stream_name":"stdout","time":20660.33437521,"data":"VRAM 2026/10/04 14:32:03.784, 0, 4367 MiB, 15360 MiB, 88 %\n"}
,{"stream_name":"stdout","time":20660.335724609,"data":"VRAM 2026/10/04 14:32:03.786, 1, 4359 MiB, 15360 MiB, 90 %\n"}
,{"stream_name":"stdout","time":20682.166944648,"data":"  round 17 client p016: {\"ce_t\": 0.0208, \"ce_s\": 0.0262, \"kl_t\": 0.0189, \"kl_s\": 0.0171, \"hid\": 0.0072, \"loss\": 0.7691, \"train_acc_t\": 0.9985, \"train_acc_s\": 0.9967, \"steps\": 675, \"teacher_test_acc\": 0.129, \"teacher_test_loss\": 4.2546, \"teacher_test_macro_f1\": 0.0755, \"gpu\": 0, \"peak_alloc_gb\": 3.3381, \"peak_reserved_gb\": 4.1133}\n"}
,{"stream_name":"stdout","time":20711.903386319,"data":"  round 17 client p021: {\"ce_t\": 0.0448, \"ce_s\": 0.0739, \"kl_t\": 0.0481, \"kl_s\": 0.0432, \"hid\": 0.0129, \"loss\": 0.844, \"train_acc_t\": 0.9977, \"train_acc_s\": 0.9854, \"steps\": 775, \"teacher_test_acc\": 0.174, \"teacher_test_loss\": 3.2406, \"teacher_test_macro_f1\": 0.0936, \"gpu\": 1, \"peak_alloc_gb\": 3.3255, \"peak_reserved_gb\": 4.1152}\n"}
,{"stream_name":"stdout","time":20720.34359855,"data":"VRAM 2026/10/04 14:33:03.794, 0, 4367 MiB, 15360 MiB, 85 %\n"}
,{"stream_name":"stdout","time":20720.344986131,"data":"VRAM 2026/10/04 14:33:03.795, 1, 4359 MiB, 15360 MiB, 83 %\n"}
,{"stream_name":"stdout","time":20780.353409425,"data":"VRAM 2026/10/04 14:34:03.803, 0, 4367 MiB, 15360 MiB, 78 %\n"}
,{"stream_name":"stdout","time":20780.355062332,"data":"VRAM 2026/10/04 14:34:03.805, 1, 4359 MiB, 15360 MiB, 77 %\n"}
,{"stream_name":"stdout","time":20834.404416498,"data":"  round 17 client p022: {\"ce_t\": 0.0153, \"ce_s\": 0.0225, \"kl_t\": 0.0171, \"kl_s\": 0.0137, \"hid\": 0.0072, \"loss\": 0.7992, \"train_acc_t\": 0.9995, \"train_acc_s\": 0.9971, \"steps\": 775, \"teacher_test_acc\": 0.155, \"teacher_test_loss\": 3.4917, \"teacher_test_macro_f1\": 0.0832, \"gpu\": 0, \"peak_alloc_gb\": 3.319, \"peak_reserved_gb\": 4.1133}\n"}
,{"stream_name":"stdout","time":20840.363847503,"data":"VRAM 2026/10/04 14:35:03.814, 0, 4367 MiB, 15360 MiB, 89 %\n"}
,{"stream_name":"stdout","time":20840.365216639,"data":"VRAM 2026/10/04 14:35:03.816, 1, 4359 MiB, 15360 MiB, 87 %\n"}
,{"stream_name":"stdout","time":20863.097633565,"data":"  round 17 client p024: {\"ce_t\": 0.0216, \"ce_s\": 0.0309, \"kl_t\": 0.0305, \"kl_s\": 0.022, \"hid\": 0.0089, \"loss\": 0.8539, \"train_acc_t\": 0.9998, \"train_acc_s\": 0.9953, \"steps\": 770, \"teacher_test_acc\": 0.116, \"teacher_test_loss\": 3.5717, \"teacher_test_macro_f1\": 0.0564, \"gpu\": 1, \"peak_alloc_gb\": 3.3205, \"peak_reserved_gb\": 4.1152}\n"}
,{"stream_name":"stdout","time":20900.377163299,"data":"VRAM 2026/10/04 14:36:03.823, 0, 4367 MiB, 15360 MiB, 88 %\n"}
,{"stream_name":"stdout","time":20900.38107752,"data":"VRAM 2026/10/04 14:36:03.829, 1, 4359 MiB, 15360 MiB, 90 %\n"}
,{"stream_name":"stdout","time":20960.39036434,"data":"VRAM 2026/10/04 14:37:03.839, 0, 4367 MiB, 15360 MiB, 84 %\n"}
,{"stream_name":"stdout","time":20960.392041223,"data":"VRAM 2026/10/04 14:37:03.842, 1, 4359 MiB, 15360 MiB, 86 %\n"}
,{"stream_name":"stdout","time":20968.377052013,"data":"  round 17 client p035: {\"ce_t\": 0.034, \"ce_s\": 0.0394, \"kl_t\": 0.0356, \"kl_s\": 0.0305, \"hid\": 0.0141, \"loss\": 0.9375, \"train_acc_t\": 0.9972, \"train_acc_s\": 0.9936, \"steps\": 530, \"teacher_test_acc\": 0.12, \"teacher_test_loss\": 3.1648, \"teacher_test_macro_f1\": 0.0464, \"gpu\": 1, \"peak_alloc_gb\": 3.3117, \"peak_reserved_gb\": 4.1152}\n"}
,{"stream_name":"stdout","time":20981.877451431,"data":"  round 17 client p026: {\"ce_t\": 0.0287, \"ce_s\": 0.0429, \"kl_t\": 0.029, \"kl_s\": 0.023, \"hid\": 0.0106, \"loss\": 0.8202, \"train_acc_t\": 0.9997, \"train_acc_s\": 0.9935, \"steps\": 750, \"teacher_test_acc\": 0.103, \"teacher_test_loss\": 3.9791, \"teacher_test_macro_f1\": 0.0352, \"gpu\": 0, \"peak_alloc_gb\": 3.325, \"peak_reserved_gb\": 4.1133}\n"}
,{"stream_name":"stdout","time":21020.400649381,"data":"VRAM 2026/10/04 14:38:03.851, 0, 4367 MiB, 15360 MiB, 88 %\n"}
,{"stream_name":"stdout","time":21020.402046657,"data":"VRAM 2026/10/04 14:38:03.852, 1, 4359 MiB, 15360 MiB, 86 %\n"}
,{"stream_name":"stdout","time":21052.562183295,"data":"  round 17 client p039: {\"ce_t\": 0.0422, \"ce_s\": 0.0472, \"kl_t\": 0.0367, \"kl_s\": 0.034, \"hid\": 0.0184, \"loss\": 1.0565, \"train_acc_t\": 0.9978, \"train_acc_s\": 0.9945, \"steps\": 410, \"teacher_test_acc\": 0.079, \"teacher_test_loss\": 5.2201, \"teacher_test_macro_f1\": 0.0389, \"gpu\": 1, \"peak_alloc_gb\": 3.324, \"peak_reserved_gb\": 4.1152}\n"}
,{"stream_name":"stdout","time":21061.29178524,"data":"  round 17 client p041: {\"ce_t\": 0.0313, \"ce_s\": 0.0483, \"kl_t\": 0.0327, \"kl_s\": 0.0306, \"hid\": 0.018, \"loss\": 1.0176, \"train_acc_t\": 0.999, \"train_acc_s\": 0.9911, \"steps\": 380, \"teacher_test_acc\": 0.154, \"teacher_test_loss\": 3.6925, \"teacher_test_macro_f1\": 0.0724, \"gpu\": 0, \"peak_alloc_gb\": 3.3364, \"peak_reserved_gb\": 4.1133}\n"}
,{"stream_name":"stdout","time":21080.41157649,"data":"VRAM 2026/10/04 14:39:03.860, 0, 4367 MiB, 15360 MiB, 90 %\n"}
,{"stream_name":"stdout","time":21080.412886706,"data":"VRAM 2026/10/04 14:39:03.863, 1, 4359 MiB, 15360 MiB, 84 %\n"}
,{"stream_name":"stdout","time":21129.33646884,"data":"  round 17 client p042: {\"ce_t\": 0.0358, \"ce_s\": 0.0589, \"kl_t\": 0.0575, \"kl_s\": 0.0495, \"hid\": 0.0163, \"loss\": 0.9926, \"train_acc_t\": 0.9963, \"train_acc_s\": 0.9878, \"steps\": 370, \"teacher_test_acc\": 0.187, \"teacher_test_loss\": 2.345, \"teacher_test_macro_f1\": 0.1202, \"gpu\": 1, \"peak_alloc_gb\": 3.3311, \"peak_reserved_gb\": 4.1152}\n"}
,{"stream_name":"stdout","time":21140.422422662,"data":"VRAM 2026/10/04 14:40:03.871, 0, 4367 MiB, 15360 MiB, 91 %\n"}
,{"stream_name":"stdout","time":21140.42338687,"data":"VRAM 2026/10/04 14:40:03.874, 1, 4359 MiB, 15360 MiB, 89 %\n"}
,{"stream_name":"stdout","time":21154.23025597,"data":"  round 17 client p045: {\"ce_t\": 0.0374, \"ce_s\": 0.0399, \"kl_t\": 0.031, \"kl_s\": 0.0292, \"hid\": 0.0144, \"loss\": 0.9993, \"train_acc_t\": 0.995, \"train_acc_s\": 0.9936, \"steps\": 455, \"teacher_test_acc\": 0.143, \"teacher_test_loss\": 3.1233, \"teacher_test_macro_f1\": 0.0666, \"gpu\": 0, \"peak_alloc_gb\": 3.3235, \"peak_reserved_gb\": 4.1133}\n"}
,{"stream_name":"stdout","time":21200.430621422,"data":"VRAM 2026/10/04 14:41:03.881, 0, 4367 MiB, 15360 MiB, 84 %\n"}
,{"stream_name":"stdout","time":21200.431989999,"data":"VRAM 2026/10/04 14:41:03.882, 1, 4359 MiB, 15360 MiB, 84 %\n"}
,{"stream_name":"stdout","time":21234.737685794,"data":"  round 17 client p047: {\"ce_t\": 0.0475, \"ce_s\": 0.0921, \"kl_t\": 0.0582, \"kl_s\": 0.0555, \"hid\": 0.0148, \"loss\": 0.8371, \"train_acc_t\": 0.9959, \"train_acc_s\": 0.9832, \"steps\": 525, \"teacher_test_acc\": 0.186, \"teacher_test_loss\": 2.5622, \"teacher_test_macro_f1\": 0.1303, \"gpu\": 1, \"peak_alloc_gb\": 3.3247, \"peak_reserved_gb\": 4.1152}\n"}
,{"stream_name":"stdout","time":21260.442423128,"data":"VRAM 2026/10/04 14:42:03.891, 0, 4367 MiB, 15360 MiB, 88 %\n"}
,{"stream_name":"stdout","time":21260.442595065,"data":"VRAM 2026/10/04 14:42:03.892, 1, 4359 MiB, 15360 MiB, 87 %\n"}
,{"stream_name":"stdout","time":21279.435402187,"data":"  round 17 client p049: {\"ce_t\": 0.0225, \"ce_s\": 0.0344, \"kl_t\": 0.0243, \"kl_s\": 0.0202, \"hid\": 0.01, \"loss\": 0.8354, \"train_acc_t\": 0.9992, \"train_acc_s\": 0.9955, \"steps\": 635, \"teacher_test_acc\": 0.123, \"teacher_test_loss\": 5.3582, \"teacher_test_macro_f1\": 0.0236, \"gpu\": 0, \"peak_alloc_gb\": 3.3369, \"peak_reserved_gb\": 4.1133}\n"}
,{"stream_name":"stdout","time":21320.45250384,"data":"VRAM 2026/10/04 14:43:03.901, 0, 4367 MiB, 15360 MiB, 89 %\n"}
,{"stream_name":"stdout","time":21320.454047754,"data":"VRAM 2026/10/04 14:43:03.904, 1, 4359 MiB, 15360 MiB, 85 %\n"}
,{"stream_name":"stdout","time":21333.661452286,"data":"  round 17 client p050: {\"ce_t\": 0.0459, \"ce_s\": 0.0737, \"kl_t\": 0.0588, \"kl_s\": 0.0442, \"hid\": 0.0168, \"loss\": 1.0135, \"train_acc_t\": 0.9977, \"train_acc_s\": 0.9853, \"steps\": 495, \"teacher_test_acc\": 0.1, \"teacher_test_loss\": 3.1582, \"teacher_test_macro_f1\": 0.0211, \"gpu\": 1, \"peak_alloc_gb\": 3.3241, \"peak_reserved_gb\": 4.1152}\n"}
,{"stream_name":"stdout","time":21380.463428886,"data":"VRAM 2026/10/04 14:44:03.912, 0, 4367 MiB, 15360 MiB, 88 %\n"}
,{"stream_name":"stdout","time":21380.464888151,"data":"VRAM 2026/10/04 14:44:03.915, 1, 4359 MiB, 15360 MiB, 82 %\n"}
,{"stream_name":"stdout","time":21393.952172194,"data":"  round 17 client p051: {\"ce_t\": 0.0504, \"ce_s\": 0.0659, \"kl_t\": 0.0512, \"kl_s\": 0.0476, \"hid\": 0.0168, \"loss\": 1.0168, \"train_acc_t\": 0.9946, \"train_acc_s\": 0.9885, \"steps\": 575, \"teacher_test_acc\": 0.111, \"teacher_test_loss\": 2.8477, \"teacher_test_macro_f1\": 0.0717, \"gpu\": 0, \"peak_alloc_gb\": 3.3268, \"peak_reserved_gb\": 4.1133}\n"}
,{"stream_name":"stdout","time":21427.64968506,"data":"  round 17 client p052: {\"ce_t\": 0.0321, \"ce_s\": 0.0461, \"kl_t\": 0.0331, \"kl_s\": 0.032, \"hid\": 0.0125, \"loss\": 0.9027, \"train_acc_t\": 0.9984, \"train_acc_s\": 0.9938, \"steps\": 465, \"teacher_test_acc\": 0.3, \"teacher_test_loss\": 2.9643, \"teacher_test_macro_f1\": 0.2143, \"gpu\": 1, \"peak_alloc_gb\": 3.313, \"peak_reserved_gb\": 4.1152}\n"}
,{"stream_name":"stdout","time":21440.474575446,"data":"VRAM 2026/10/04 14:45:03.924, 0, 4367 MiB, 15360 MiB, 92 %\n"}
,{"stream_name":"stdout","time":21440.476246771,"data":"VRAM 2026/10/04 14:45:03.926, 1, 4359 MiB, 15360 MiB, 90 %\n"}
,{"stream_name":"stdout","time":21494.616119201,"data":"  round 17 client p056: {\"ce_t\": 0.0379, \"ce_s\": 0.0631, \"kl_t\": 0.0433, \"kl_s\": 0.0361, \"hid\": 0.0137, \"loss\": 0.8594, \"train_acc_t\": 0.999, \"train_acc_s\": 0.9874, \"steps\": 500, \"teacher_test_acc\": 0.155, \"teacher_test_loss\": 4.3659, \"teacher_test_macro_f1\": 0.0649, \"gpu\": 0, \"peak_alloc_gb\": 3.3282, \"peak_reserved_gb\": 4.1133}\n"}
,{"stream_name":"stdout","time":21500.484217935,"data":"VRAM 2026/10/04 14:46:03.934, 0, 4367 MiB, 15360 MiB, 0 %\n"}
,{"stream_name":"stdout","time":21500.486092467,"data":"VRAM 2026/10/04 14:46:03.936, 1, 4359 MiB, 15360 MiB, 95 %\n"}
,{"stream_name":"stdout","time":21527.200527438,"data":"  round 17 client p061: {\"ce_t\": 0.0324, \"ce_s\": 0.0484, \"kl_t\": 0.039, \"kl_s\": 0.0307, \"hid\": 0.0128, \"loss\": 0.9333, \"train_acc_t\": 0.9975, \"train_acc_s\": 0.9926, \"steps\": 510, \"teacher_test_acc\": 0.254, \"teacher_test_loss\": 3.5395, \"teacher_test_macro_f1\": 0.2006, \"gpu\": 1, \"peak_alloc_gb\": 3.3127, \"peak_reserved_gb\": 4.1152}\n"}
,{"stream_name":"stdout","time":21534.412767228,"data":"ROUND 17/30: global student acc 0.4449 F1 0.4282 | mean teacher acc 0.1419 F1 0.0732 | 19.9 min\n"}
,{"stream_name":"stdout","time":21560.494624033,"data":"VRAM 2026/10/04 14:47:03.944, 0, 4367 MiB, 15360 MiB, 88 %\n"}
,{"stream_name":"stdout","time":21560.496173622,"data":"VRAM 2026/10/04 14:47:03.946, 1, 4359 MiB, 15360 MiB, 88 %\n"}
,{"stream_name":"stdout","time":21620.506649969,"data":"VRAM 2026/10/04 14:48:03.954, 0, 4367 MiB, 15360 MiB, 100 %\n"}
,{"stream_name":"stdout","time":21620.507042735,"data":"VRAM 2026/10/04 14:48:03.957, 1, 4359 MiB, 15360 MiB, 91 %\n"}
,{"stream_name":"stdout","time":21624.821373277,"data":"  round 18 client p002: {\"ce_t\": 0.0622, \"ce_s\": 0.0583, \"kl_t\": 0.0573, \"kl_s\": 0.0557, \"hid\": 0.0185, \"loss\": 1.0109, \"train_acc_t\": 0.9912, \"train_acc_s\": 0.9923, \"steps\": 455, \"teacher_test_acc\": 0.082, \"teacher_test_loss\": 5.1459, \"teacher_test_macro_f1\": 0.0154, \"gpu\": 0, \"peak_alloc_gb\": 3.3354, \"peak_reserved_gb\": 4.1133}\n"}
,{"stream_name":"stdout","time":21637.623852777,"data":"  round 18 client p012: {\"ce_t\": 0.0455, \"ce_s\": 0.0758, \"kl_t\": 0.0581, \"kl_s\": 0.0507, \"hid\": 0.0154, \"loss\": 0.9159, \"train_acc_t\": 0.9976, \"train_acc_s\": 0.9869, \"steps\": 515, \"teacher_test_acc\": 0.098, \"teacher_test_loss\": 4.4974, \"teacher_test_macro_f1\": 0.0576, \"gpu\": 1, \"peak_alloc_gb\": 3.327, \"peak_reserved_gb\": 4.1152}\n"}
,{"stream_name":"stdout","time":21680.515289981,"data":"VRAM 2026/10/04 14:49:03.966, 0, 4367 MiB, 15360 MiB, 89 %\n"}
,{"stream_name":"stdout","time":21680.519092838,"data":"VRAM 2026/10/04 14:49:03.967, 1, 4359 MiB, 15360 MiB, 86 %\n"}
,{"stream_name":"stdout","time":21733.433065837,"data":"  round 18 client p014: {\"ce_t\": 0.0519, \"ce_s\": 0.0739, \"kl_t\": 0.041, \"kl_s\": 0.0388, \"hid\": 0.0158, \"loss\": 0.9841, \"train_acc_t\": 0.9963, \"train_acc_s\": 0.9856, \"steps\": 550, \"teacher_test_acc\": 0.095, \"teacher_test_loss\": 4.0025, \"teacher_test_macro_f1\": 0.0327, \"gpu\": 0, \"peak_alloc_gb\": 3.327, \"peak_reserved_gb\": 4.1133}\n"}
,{"stream_name":"stdout","time":21740.52776286,"data":"VRAM 2026/10/04 14:50:03.977, 0, 4367 MiB, 15360 MiB, 94 %\n"}
,{"stream_name":"stdout","time":21740.52877223,"data":"VRAM 2026/10/04 14:50:03.980, 1, 4359 MiB, 15360 MiB, 0 %\n"}
,{"stream_name":"stdout","time":21746.070186467,"data":"  round 18 client p015: {\"ce_t\": 0.0338, \"ce_s\": 0.048, \"kl_t\": 0.0438, \"kl_s\": 0.0338, \"hid\": 0.012, \"loss\": 0.876, \"train_acc_t\": 0.9977, \"train_acc_s\": 0.9929, \"steps\": 550, \"teacher_test_acc\": 0.124, \"teacher_test_loss\": 3.802, \"teacher_test_macro_f1\": 0.0327, \"gpu\": 1, \"peak_alloc_gb\": 3.3239, \"peak_reserved_gb\": 4.1152}\n"}
,{"stream_name":"stdout","time":21800.536828019,"data":"VRAM 2026/10/04 14:51:03.987, 0, 4367 MiB, 15360 MiB, 86 %\n"}
,{"stream_name":"stdout","time":21800.538199782,"data":"VRAM 2026/10/04 14:51:03.989, 1, 4359 MiB, 15360 MiB, 89 %\n"}
,{"stream_name":"stdout","time":21860.546161732,"data":"VRAM 2026/10/04 14:52:03.997, 0, 4367 MiB, 15360 MiB, 0 %\n"}
,{"stream_name":"stdout","time":21860.547082965,"data":"VRAM 2026/10/04 14:52:03.998, 1, 4359 MiB, 15360 MiB, 0 %\n"}
,{"stream_name":"stdout","time":21865.915754253,"data":"  round 18 client p016: {\"ce_t\": 0.0206, \"ce_s\": 0.0333, \"kl_t\": 0.0278, \"kl_s\": 0.0221, \"hid\": 0.0079, \"loss\": 0.8122, \"train_acc_t\": 0.9993, \"train_acc_s\": 0.9944, \"steps\": 675, \"teacher_test_acc\": 0.115, \"teacher_test_loss\": 4.7269, \"teacher_test_macro_f1\": 0.0401, \"gpu\": 0, \"peak_alloc_gb\": 3.3348, \"peak_reserved_gb\": 4.1133}\n"}
,{"stream_name":"stdout","time":21897.090344685,"data":"  round 18 client p021: {\"ce_t\": 0.0388, \"ce_s\": 0.0602, \"kl_t\": 0.042, \"kl_s\": 0.0373, \"hid\": 0.0117, \"loss\": 0.8214, \"train_acc_t\": 0.9976, \"train_acc_s\": 0.9888, \"steps\": 775, \"teacher_test_acc\": 0.119, \"teacher_test_loss\": 4.5, \"teacher_test_macro_f1\": 0.0578, \"gpu\": 1, \"peak_alloc_gb\": 3.3286, \"peak_reserved_gb\": 4.1152}\n"}
,{"stream_name":"stdout","time":21920.557447237,"data":"VRAM 2026/10/04 14:53:04.006, 0, 4367 MiB, 15360 MiB, 93 %\n"}
,{"stream_name":"stdout","time":21920.557485765,"data":"VRAM 2026/10/04 14:53:04.008, 1, 4359 MiB, 15360 MiB, 91 %\n"}
,{"stream_name":"stdout","time":21980.565638834,"data":"VRAM 2026/10/04 14:54:04.015, 0, 4367 MiB, 15360 MiB, 89 %\n"}
,{"stream_name":"stdout","time":21980.567395,"data":"VRAM 2026/10/04 14:54:04.017, 1, 4359 MiB, 15360 MiB, 86 %\n"}
,{"stream_name":"stdout","time":22016.916739651,"data":"  round 18 client p022: {\"ce_t\": 0.0157, \"ce_s\": 0.0222, \"kl_t\": 0.0172, \"kl_s\": 0.015, \"hid\": 0.0055, \"loss\": 0.7164, \"train_acc_t\": 0.9995, \"train_acc_s\": 0.9976, \"steps\": 775, \"teacher_test_acc\": 0.149, \"teacher_test_loss\": 3.5409, \"teacher_test_macro_f1\": 0.0813, \"gpu\": 0, \"peak_alloc_gb\": 3.3196, \"peak_reserved_gb\": 4.1133}\n"}
,{"stream_name":"stdout","time":22040.577480322,"data":"VRAM 2026/10/04 14:55:04.026, 0, 4367 MiB, 15360 MiB, 91 %\n"}
,{"stream_name":"stdout","time":22040.577797306,"data":"VRAM 2026/10/04 14:55:04.027, 1, 4359 MiB, 15360 MiB, 89 %\n"}
,{"stream_name":"stdout","time":22047.742909261,"data":"  round 18 client p024: {\"ce_t\": 0.0159, \"ce_s\": 0.0217, \"kl_t\": 0.0204, \"kl_s\": 0.0188, \"hid\": 0.0066, \"loss\": 0.7763, \"train_acc_t\": 0.9987, \"train_acc_s\": 0.9967, \"steps\": 770, \"teacher_test_acc\": 0.105, \"teacher_test_loss\": 4.4611, \"teacher_test_macro_f1\": 0.0562, \"gpu\": 1, \"peak_alloc_gb\": 3.3209, \"peak_reserved_gb\": 4.1152}\n"}
,{"stream_name":"stdout","time":22100.586193883,"data":"VRAM 2026/10/04 14:56:04.036, 0, 4367 MiB, 15360 MiB, 94 %\n"}
,{"stream_name":"stdout","time":22100.588116184,"data":"VRAM 2026/10/04 14:56:04.038, 1, 4359 MiB, 15360 MiB, 87 %\n"}
,{"stream_name":"stdout","time":22151.252956937,"data":"  round 18 client p035: {\"ce_t\": 0.0325, \"ce_s\": 0.0363, \"kl_t\": 0.033, \"kl_s\": 0.0278, \"hid\": 0.0132, \"loss\": 0.9602, \"train_acc_t\": 0.9969, \"train_acc_s\": 0.9946, \"steps\": 530, \"teacher_test_acc\": 0.109, \"teacher_test_loss\": 3.0693, \"teacher_test_macro_f1\": 0.0635, \"gpu\": 1, \"peak_alloc_gb\": 3.3054, \"peak_reserved_gb\": 4.1152}\n"}
,{"stream_name":"stdout","time":22160.59757283,"data":"VRAM 2026/10/04 14:57:04.047, 0, 4367 MiB, 15360 MiB, 100 %\n"}
,{"stream_name":"stdout","time":22160.599068693,"data":"VRAM 2026/10/04 14:57:04.049, 1, 4359 MiB, 15360 MiB, 85 %\n"}
,{"stream_name":"stdout","time":22163.4454336,"data":"  round 18 client p026: {\"ce_t\": 0.0401, \"ce_s\": 0.0605, \"kl_t\": 0.0519, \"kl_s\": 0.0452, \"hid\": 0.0122, \"loss\": 0.8682, \"train_acc_t\": 0.9975, \"train_acc_s\": 0.9898, \"steps\": 750, \"teacher_test_acc\": 0.098, \"teacher_test_loss\": 3.5881, \"teacher_test_macro_f1\": 0.0288, \"gpu\": 0, \"peak_alloc_gb\": 3.3268, \"peak_reserved_gb\": 4.1133}\n"}
,{"stream_name":"stdout","time":22220.60686715,"data":"VRAM 2026/10/04 14:58:04.057, 0, 4367 MiB, 15360 MiB, 84 %\n"}
,{"stream_name":"stdout","time":22220.608905287,"data":"VRAM 2026/10/04 14:58:04.059, 1, 4359 MiB, 15360 MiB, 91 %\n"}
,{"stream_name":"stdout","time":22236.165065022,"data":"  round 18 client p039: {\"ce_t\": 0.0358, \"ce_s\": 0.0468, \"kl_t\": 0.0385, \"kl_s\": 0.0353, \"hid\": 0.0164, \"loss\": 1.0114, \"train_acc_t\": 0.9972, \"train_acc_s\": 0.9929, \"steps\": 410, \"teacher_test_acc\": 0.094, \"teacher_test_loss\": 5.1636, \"teacher_test_macro_f1\": 0.0444, \"gpu\": 1, \"peak_alloc_gb\": 3.3165, \"peak_reserved_gb\": 4.1152}\n"}
,{"stream_name":"stdout","time":22241.9642224,"data":"  round 18 client p041: {\"ce_t\": 0.0266, \"ce_s\": 0.0459, \"kl_t\": 0.0319, \"kl_s\": 0.0311, \"hid\": 0.0165, \"loss\": 1.0914, \"train_acc_t\": 0.9997, \"train_acc_s\": 0.9927, \"steps\": 380, \"teacher_test_acc\": 0.177, \"teacher_test_loss\": 2.8674, \"teacher_test_macro_f1\": 0.1304, \"gpu\": 0, \"peak_alloc_gb\": 3.3452, \"peak_reserved_gb\": 4.1133}\n"}
,{"stream_name":"stdout","time":22280.617420811,"data":"VRAM 2026/10/04 14:59:04.068, 0, 4367 MiB, 15360 MiB, 85 %\n"}
,{"stream_name":"stdout","time":22280.618874362,"data":"VRAM 2026/10/04 14:59:04.069, 1, 4359 MiB, 15360 MiB, 90 %\n"}
,{"stream_name":"stdout","time":22313.625427515,"data":"  round 18 client p042: {\"ce_t\": 0.0336, \"ce_s\": 0.0455, \"kl_t\": 0.0441, \"kl_s\": 0.0413, \"hid\": 0.0148, \"loss\": 0.9085, \"train_acc_t\": 0.9966, \"train_acc_s\": 0.9909, \"steps\": 370, \"teacher_test_acc\": 0.168, \"teacher_test_loss\": 3.7682, \"teacher_test_macro_f1\": 0.1006, \"gpu\": 1, \"peak_alloc_gb\": 3.3307, \"peak_reserved_gb\": 4.1152}\n"}
,{"stream_name":"stdout","time":22334.837567268,"data":"  round 18 client p045: {\"ce_t\": 0.0273, \"ce_s\": 0.0342, \"kl_t\": 0.0213, \"kl_s\": 0.0183, \"hid\": 0.0113, \"loss\": 0.8732, \"train_acc_t\": 0.9986, \"train_acc_s\": 0.9948, \"steps\": 455, \"teacher_test_acc\": 0.118, \"teacher_test_loss\": 3.6234, \"teacher_test_macro_f1\": 0.0493, \"gpu\": 0, \"peak_alloc_gb\": 3.3269, \"peak_reserved_gb\": 4.1133}\n"}
,{"stream_name":"stdout","time":22340.627632267,"data":"VRAM 2026/10/04 15:00:04.077, 0, 4367 MiB, 15360 MiB, 76 %\n"}
,{"stream_name":"stdout","time":22340.629624721,"data":"VRAM 2026/10/04 15:00:04.079, 1, 4359 MiB, 15360 MiB, 78 %\n"}
,{"stream_name":"stdout","time":22400.638916933,"data":"VRAM 2026/10/04 15:01:04.088, 0, 4367 MiB, 15360 MiB, 89 %\n"}
,{"stream_name":"stdout","time":22400.641557294,"data":"VRAM 2026/10/04 15:01:04.091, 1, 4359 MiB, 15360 MiB, 88 %\n"}
,{"stream_name":"stdout","time":22419.699049745,"data":"  round 18 client p047: {\"ce_t\": 0.0405, \"ce_s\": 0.0804, \"kl_t\": 0.0504, \"kl_s\": 0.0465, \"hid\": 0.0128, \"loss\": 0.8231, \"train_acc_t\": 0.9969, \"train_acc_s\": 0.9835, \"steps\": 525, \"teacher_test_acc\": 0.219, \"teacher_test_loss\": 2.6643, \"teacher_test_macro_f1\": 0.1052, \"gpu\": 1, \"peak_alloc_gb\": 3.3265, \"peak_reserved_gb\": 4.1152}\n"}
,{"stream_name":"stdout","time":22460.650874214,"data":"VRAM 2026/10/04 15:02:04.100, 0, 4367 MiB, 15360 MiB, 100 %\n"}
,{"stream_name":"stdout","time":22460.651194782,"data":"VRAM 2026/10/04 15:02:04.101, 1, 4359 MiB, 15360 MiB, 97 %\n"}
,{"stream_name":"stdout","time":22462.291105349,"data":"  round 18 client p049: {\"ce_t\": 0.0224, \"ce_s\": 0.03, \"kl_t\": 0.0218, \"kl_s\": 0.019, \"hid\": 0.0086, \"loss\": 0.8017, \"train_acc_t\": 0.999, \"train_acc_s\": 0.9966, \"steps\": 635, \"teacher_test_acc\": 0.129, \"teacher_test_loss\": 4.8049, \"teacher_test_macro_f1\": 0.0469, \"gpu\": 0, \"peak_alloc_gb\": 3.3313, \"peak_reserved_gb\": 4.1133}\n"}
,{"stream_name":"stdout","time":22519.641809203,"data":"  round 18 client p050: {\"ce_t\": 0.0495, \"ce_s\": 0.0786, \"kl_t\": 0.0565, \"kl_s\": 0.0508, \"hid\": 0.0164, \"loss\": 0.9923, \"train_acc_t\": 0.9975, \"train_acc_s\": 0.9835, \"steps\": 495, \"teacher_test_acc\": 0.115, \"teacher_test_loss\": 3.1172, \"teacher_test_macro_f1\": 0.0333, \"gpu\": 1, \"peak_alloc_gb\": 3.3276, \"peak_reserved_gb\": 4.1152}\n"}
,{"stream_name":"stdout","time":22520.659510989,"data":"VRAM 2026/10/04 15:03:04.110, 0, 4367 MiB, 15360 MiB, 96 %\n"}
,{"stream_name":"stdout","time":22520.661413316,"data":"VRAM 2026/10/04 15:03:04.111, 1, 4359 MiB, 15360 MiB, 0 %\n"}
,{"stream_name":"stdout","time":22578.155157645,"data":"  round 18 client p051: {\"ce_t\": 0.0369, \"ce_s\": 0.0574, \"kl_t\": 0.0378, \"kl_s\": 0.0349, \"hid\": 0.0137, \"loss\": 0.9143, \"train_acc_t\": 0.9987, \"train_acc_s\": 0.9909, \"steps\": 575, \"teacher_test_acc\": 0.149, \"teacher_test_loss\": 2.7744, \"teacher_test_macro_f1\": 0.0766, \"gpu\": 0, \"peak_alloc_gb\": 3.3203, \"peak_reserved_gb\": 4.1133}\n"}
,{"stream_name":"stdout","time":22580.669311623,"data":"VRAM 2026/10/04 15:04:04.120, 0, 4367 MiB, 15360 MiB, 67 %\n"}
,{"stream_name":"stdout","time":22580.670434077,"data":"VRAM 2026/10/04 15:04:04.121, 1, 4359 MiB, 15360 MiB, 85 %\n"}
,{"stream_name":"stdout","time":22615.012675787,"data":"  round 18 client p052: {\"ce_t\": 0.0391, \"ce_s\": 0.0556, \"kl_t\": 0.0451, \"kl_s\": 0.0396, \"hid\": 0.0144, \"loss\": 0.9326, \"train_acc_t\": 0.9968, \"train_acc_s\": 0.9905, \"steps\": 465, \"teacher_test_acc\": 0.228, \"teacher_test_loss\": 2.476, \"teacher_test_macro_f1\": 0.1684, \"gpu\": 1, \"peak_alloc_gb\": 3.3202, \"peak_reserved_gb\": 4.1152}\n"}
,{"stream_name":"stdout","time":22640.679252292,"data":"VRAM 2026/10/04 15:05:04.129, 0, 4367 MiB, 15360 MiB, 94 %\n"}
,{"stream_name":"stdout","time":22640.68078463,"data":"VRAM 2026/10/04 15:05:04.131, 1, 4359 MiB, 15360 MiB, 94 %\n"}
,{"stream_name":"stdout","time":22680.561122051,"data":"  round 18 client p056: {\"ce_t\": 0.0358, \"ce_s\": 0.0699, \"kl_t\": 0.0579, \"kl_s\": 0.048, \"hid\": 0.0128, \"loss\": 0.8666, \"train_acc_t\": 0.997, \"train_acc_s\": 0.9826, \"steps\": 500, \"teacher_test_acc\": 0.146, \"teacher_test_loss\": 2.7342, \"teacher_test_macro_f1\": 0.0683, \"gpu\": 0, \"peak_alloc_gb\": 3.3265, \"peak_reserved_gb\": 4.1133}\n"}
,{"stream_name":"stdout","time":22700.689174827,"data":"VRAM 2026/10/04 15:06:04.139, 0, 4367 MiB, 15360 MiB, 0 %\n"}
,{"stream_name":"stdout","time":22700.691251713,"data":"VRAM 2026/10/04 15:06:04.141, 1, 4359 MiB, 15360 MiB, 94 %\n"}
,{"stream_name":"stdout","time":22715.7871913,"data":"  round 18 client p061: {\"ce_t\": 0.0372, \"ce_s\": 0.0582, \"kl_t\": 0.041, \"kl_s\": 0.0355, \"hid\": 0.0129, \"loss\": 0.8685, \"train_acc_t\": 0.9975, \"train_acc_s\": 0.9911, \"steps\": 510, \"teacher_test_acc\": 0.261, \"teacher_test_loss\": 3.4826, \"teacher_test_macro_f1\": 0.1734, \"gpu\": 1, \"peak_alloc_gb\": 3.3154, \"peak_reserved_gb\": 4.1152}\n"}
,{"stream_name":"stdout","time":22723.138343094,"data":"ROUND 18/30: global student acc 0.4412 F1 0.4352 | mean teacher acc 0.1380 F1 0.0697 | 19.8 min\n"}
,{"stream_name":"stdout","time":22760.703635824,"data":"VRAM 2026/10/04 15:07:04.150, 0, 4367 MiB, 15360 MiB, 86 %\n"}
,{"stream_name":"stdout","time":22760.704908638,"data":"VRAM 2026/10/04 15:07:04.153, 1, 4359 MiB, 15360 MiB, 88 %\n"}
,{"stream_name":"stdout","time":22814.884431298,"data":"  round 19 client p002: {\"ce_t\": 0.0343, \"ce_s\": 0.0477, \"kl_t\": 0.0392, \"kl_s\": 0.0321, \"hid\": 0.0149, \"loss\": 0.9956, \"train_acc_t\": 0.9981, \"train_acc_s\": 0.9928, \"steps\": 455, \"teacher_test_acc\": 0.087, \"teacher_test_loss\": 3.8092, \"teacher_test_macro_f1\": 0.0252, \"gpu\": 0, \"peak_alloc_gb\": 3.3368, \"peak_reserved_gb\": 4.1133}\n"}
,{"stream_name":"stdout","time":22820.713596368,"data":"VRAM 2026/10/04 15:08:04.164, 0, 4367 MiB, 15360 MiB, 81 %\n"}
,{"stream_name":"stdout","time":22820.715420666,"data":"VRAM 2026/10/04 15:08:04.165, 1, 4359 MiB, 15360 MiB, 82 %\n"}
,{"stream_name":"stdout","time":22827.643942607,"data":"  round 19 client p012: {\"ce_t\": 0.0407, \"ce_s\": 0.0769, \"kl_t\": 0.0617, \"kl_s\": 0.0468, \"hid\": 0.0137, \"loss\": 0.8839, \"train_acc_t\": 0.9993, \"train_acc_s\": 0.9859, \"steps\": 515, \"teacher_test_acc\": 0.085, \"teacher_test_loss\": 4.992, \"teacher_test_macro_f1\": 0.0451, \"gpu\": 1, \"peak_alloc_gb\": 3.3401, \"peak_reserved_gb\": 4.1152}\n"}
,{"stream_name":"stdout","time":22880.727591641,"data":"VRAM 2026/10/04 15:09:04.174, 0, 4367 MiB, 15360 MiB, 90 %\n"}
,{"stream_name":"stdout","time":22880.728653112,"data":"VRAM 2026/10/04 15:09:04.177, 1, 4359 MiB, 15360 MiB, 87 %\n"}
,{"stream_name":"stdout","time":22922.998908607,"data":"  round 19 client p014: {\"ce_t\": 0.0452, \"ce_s\": 0.0647, \"kl_t\": 0.0375, \"kl_s\": 0.0363, \"hid\": 0.0128, \"loss\": 0.9117, \"train_acc_t\": 0.9973, \"train_acc_s\": 0.9879, \"steps\": 550, \"teacher_test_acc\": 0.13, \"teacher_test_loss\": 3.2794, \"teacher_test_macro_f1\": 0.0638, \"gpu\": 0, \"peak_alloc_gb\": 3.3252, \"peak_reserved_gb\": 4.1133}\n"}
,{"stream_name":"stdout","time":22936.069227378,"data":"  round 19 client p015: {\"ce_t\": 0.0344, \"ce_s\": 0.0601, \"kl_t\": 0.0518, \"kl_s\": 0.042, \"hid\": 0.0127, \"loss\": 0.8956, \"train_acc_t\": 0.9982, \"train_acc_s\": 0.9893, \"steps\": 550, \"teacher_test_acc\": 0.115, \"teacher_test_loss\": 3.6749, \"teacher_test_macro_f1\": 0.0258, \"gpu\": 1, \"peak_alloc_gb\": 3.3205, \"peak_reserved_gb\": 4.1152}\n"}
,{"stream_name":"stdout","time":22940.73682205,"data":"VRAM 2026/10/04 15:10:04.187, 0, 4367 MiB, 15360 MiB, 92 %\n"}
,{"stream_name":"stdout","time":22940.738300331,"data":"VRAM 2026/10/04 15:10:04.189, 1, 4359 MiB, 15360 MiB, 92 %\n"}
,{"stream_name":"stdout","time":23000.747324776,"data":"VRAM 2026/10/04 15:11:04.197, 0, 4367 MiB, 15360 MiB, 87 %\n"}
,{"stream_name":"stdout","time":23000.749103128,"data":"VRAM 2026/10/04 15:11:04.199, 1, 4359 MiB, 15360 MiB, 95 %\n"}
,{"stream_name":"stdout","time":23054.890259487,"data":"  round 19 client p016: {\"ce_t\": 0.0261, \"ce_s\": 0.0325, \"kl_t\": 0.0211, \"kl_s\": 0.0244, \"hid\": 0.0076, \"loss\": 0.7631, \"train_acc_t\": 0.9967, \"train_acc_s\": 0.9954, \"steps\": 675, \"teacher_test_acc\": 0.134, \"teacher_test_loss\": 4.1956, \"teacher_test_macro_f1\": 0.0586, \"gpu\": 0, \"peak_alloc_gb\": 3.335, \"peak_reserved_gb\": 4.1133}\n"}
,{"stream_name":"stdout","time":23060.759392495,"data":"VRAM 2026/10/04 15:12:04.207, 0, 4367 MiB, 15360 MiB, 92 %\n"}
,{"stream_name":"stdout","time":23060.759605967,"data":"VRAM 2026/10/04 15:12:04.210, 1, 4359 MiB, 15360 MiB, 93 %\n"}
,{"stream_name":"stdout","time":23085.937029742,"data":"  round 19 client p021: {\"ce_t\": 0.0408, \"ce_s\": 0.0701, \"kl_t\": 0.0501, \"kl_s\": 0.0419, \"hid\": 0.0122, \"loss\": 0.8109, \"train_acc_t\": 0.9981, \"train_acc_s\": 0.9869, \"steps\": 775, \"teacher_test_acc\": 0.154, \"teacher_test_loss\": 4.3882, \"teacher_test_macro_f1\": 0.0906, \"gpu\": 1, \"peak_alloc_gb\": 3.3296, \"peak_reserved_gb\": 4.1152}\n"}
,{"stream_name":"stdout","time":23120.770669981,"data":"VRAM 2026/10/04 15:13:04.218, 0, 4367 MiB, 15360 MiB, 86 %\n"}
,{"stream_name":"stdout","time":23120.770714206,"data":"VRAM 2026/10/04 15:13:04.220, 1, 4359 MiB, 15360 MiB, 88 %\n"}
,{"stream_name":"stdout","time":23180.780185772,"data":"VRAM 2026/10/04 15:14:04.229, 0, 4367 MiB, 15360 MiB, 83 %\n"}
,{"stream_name":"stdout","time":23180.781562779,"data":"VRAM 2026/10/04 15:14:04.232, 1, 4359 MiB, 15360 MiB, 88 %\n"}
,{"stream_name":"stdout","time":23204.391134201,"data":"  round 19 client p022: {\"ce_t\": 0.0219, \"ce_s\": 0.0346, \"kl_t\": 0.0301, \"kl_s\": 0.0235, \"hid\": 0.0082, \"loss\": 0.7724, \"train_acc_t\": 0.9995, \"train_acc_s\": 0.9946, \"steps\": 775, \"teacher_test_acc\": 0.136, \"teacher_test_loss\": 3.8491, \"teacher_test_macro_f1\": 0.0612, \"gpu\": 0, \"peak_alloc_gb\": 3.3218, \"peak_reserved_gb\": 4.1133}\n"}
,{"stream_name":"stdout","time":23235.596619806,"data":"  round 19 client p024: {\"ce_t\": 0.0165, \"ce_s\": 0.0246, \"kl_t\": 0.0252, \"kl_s\": 0.0202, \"hid\": 0.0059, \"loss\": 0.7336, \"train_acc_t\": 0.999, \"train_acc_s\": 0.9958, \"steps\": 770, \"teacher_test_acc\": 0.112, \"teacher_test_loss\": 5.3028, \"teacher_test_macro_f1\": 0.0528, \"gpu\": 1, \"peak_alloc_gb\": 3.3139, \"peak_reserved_gb\": 4.1152}\n"}
,{"stream_name":"stdout","time":23240.789913629,"data":"VRAM 2026/10/04 15:15:04.240, 0, 4367 MiB, 15360 MiB, 95 %\n"}
,{"stream_name":"stdout","time":23240.791530838,"data":"VRAM 2026/10/04 15:15:04.242, 1, 4359 MiB, 15360 MiB, 90 %\n"}
,{"stream_name":"stdout","time":23300.800392887,"data":"VRAM 2026/10/04 15:16:04.250, 0, 4367 MiB, 15360 MiB, 88 %\n"}
,{"stream_name":"stdout","time":23300.802870468,"data":"VRAM 2026/10/04 15:16:04.252, 1, 4359 MiB, 15360 MiB, 90 %\n"}
,{"stream_name":"stdout","time":23338.522300479,"data":"  round 19 client p035: {\"ce_t\": 0.0272, \"ce_s\": 0.0315, \"kl_t\": 0.0219, \"kl_s\": 0.0206, \"hid\": 0.0112, \"loss\": 0.9127, \"train_acc_t\": 0.9974, \"train_acc_s\": 0.9958, \"steps\": 530, \"teacher_test_acc\": 0.103, \"teacher_test_loss\": 3.4736, \"teacher_test_macro_f1\": 0.0554, \"gpu\": 1, \"peak_alloc_gb\": 3.3066, \"peak_reserved_gb\": 4.1152}\n"}
,{"stream_name":"stdout","time":23349.237829373,"data":"  round 19 client p026: {\"ce_t\": 0.033, \"ce_s\": 0.0502, \"kl_t\": 0.0371, \"kl_s\": 0.0302, \"hid\": 0.0123, \"loss\": 0.8064, \"train_acc_t\": 0.999, \"train_acc_s\": 0.9921, \"steps\": 750, \"teacher_test_acc\": 0.08, \"teacher_test_loss\": 3.1582, \"teacher_test_macro_f1\": 0.0226, \"gpu\": 0, \"peak_alloc_gb\": 3.3249, \"peak_reserved_gb\": 4.1133}\n"}
,{"stream_name":"stdout","time":23360.817513127,"data":"VRAM 2026/10/04 15:17:04.261, 0, 4367 MiB, 15360 MiB, 82 %\n"}
,{"stream_name":"stdout","time":23360.817969698,"data":"VRAM 2026/10/04 15:17:04.267, 1, 4359 MiB, 15360 MiB, 87 %\n"}
,{"stream_name":"stdout","time":23420.828198732,"data":"VRAM 2026/10/04 15:18:04.278, 0, 4367 MiB, 15360 MiB, 92 %\n"}
,{"stream_name":"stdout","time":23420.829420649,"data":"VRAM 2026/10/04 15:18:04.279, 1, 4359 MiB, 15360 MiB, 93 %\n"}
,{"stream_name":"stdout","time":23422.815057694,"data":"  round 19 client p039: {\"ce_t\": 0.037, \"ce_s\": 0.0379, \"kl_t\": 0.0305, \"kl_s\": 0.0293, \"hid\": 0.0172, \"loss\": 1.0491, \"train_acc_t\": 0.9975, \"train_acc_s\": 0.9951, \"steps\": 410, \"teacher_test_acc\": 0.098, \"teacher_test_loss\": 5.0312, \"teacher_test_macro_f1\": 0.0235, \"gpu\": 1, \"peak_alloc_gb\": 3.3155, \"peak_reserved_gb\": 4.1152}\n"}
,{"stream_name":"stdout","time":23427.708975964,"data":"  round 19 client p041: {\"ce_t\": 0.0338, \"ce_s\": 0.0505, \"kl_t\": 0.0354, \"kl_s\": 0.0349, \"hid\": 0.0147, \"loss\": 0.9588, \"train_acc_t\": 0.999, \"train_acc_s\": 0.9927, \"steps\": 380, \"teacher_test_acc\": 0.211, \"teacher_test_loss\": 3.641, \"teacher_test_macro_f1\": 0.111, \"gpu\": 0, \"peak_alloc_gb\": 3.3343, \"peak_reserved_gb\": 4.1133}\n"}
,{"stream_name":"stdout","time":23480.839518782,"data":"VRAM 2026/10/04 15:19:04.286, 0, 4367 MiB, 15360 MiB, 95 %\n"}
,{"stream_name":"stdout","time":23480.843446742,"data":"VRAM 2026/10/04 15:19:04.291, 1, 4359 MiB, 15360 MiB, 90 %\n"}
,{"stream_name":"stdout","time":23498.575914229,"data":"  round 19 client p042: {\"ce_t\": 0.0207, \"ce_s\": 0.0239, \"kl_t\": 0.0204, \"kl_s\": 0.017, \"hid\": 0.0096, \"loss\": 0.8638, \"train_acc_t\": 0.999, \"train_acc_s\": 0.9959, \"steps\": 370, \"teacher_test_acc\": 0.173, \"teacher_test_loss\": 2.5949, \"teacher_test_macro_f1\": 0.1156, \"gpu\": 1, \"peak_alloc_gb\": 3.3311, \"peak_reserved_gb\": 4.1152}\n"}
,{"stream_name":"stdout","time":23520.34295189,"data":"  round 19 client p045: {\"ce_t\": 0.0292, \"ce_s\": 0.0304, \"kl_t\": 0.0192, \"kl_s\": 0.0207, \"hid\": 0.0109, \"loss\": 0.8909, \"train_acc_t\": 0.997, \"train_acc_s\": 0.9961, \"steps\": 455, \"teacher_test_acc\": 0.122, \"teacher_test_loss\": 3.4061, \"teacher_test_macro_f1\": 0.0586, \"gpu\": 0, \"peak_alloc_gb\": 3.3264, \"peak_reserved_gb\": 4.1133}\n"}
,{"stream_name":"stdout","time":23540.854411707,"data":"VRAM 2026/10/04 15:20:04.301, 0, 4367 MiB, 15360 MiB, 87 %\n"}
,{"stream_name":"stdout","time":23540.856543804,"data":"VRAM 2026/10/04 15:20:04.306, 1, 4359 MiB, 15360 MiB, 88 %\n"}
,{"stream_name":"stdout","time":23600.866174021,"data":"VRAM 2026/10/04 15:21:04.315, 0, 4367 MiB, 15360 MiB, 83 %\n"}
,{"stream_name":"stdout","time":23600.868292202,"data":"VRAM 2026/10/04 15:21:04.318, 1, 4359 MiB, 15360 MiB, 100 %\n"}
,{"stream_name":"stdout","time":23603.717271123,"data":"  round 19 client p047: {\"ce_t\": 0.0407, \"ce_s\": 0.0794, \"kl_t\": 0.0519, \"kl_s\": 0.0434, \"hid\": 0.0126, \"loss\": 0.8172, \"train_acc_t\": 0.9976, \"train_acc_s\": 0.9837, \"steps\": 525, \"teacher_test_acc\": 0.232, \"teacher_test_loss\": 2.3555, \"teacher_test_macro_f1\": 0.1261, \"gpu\": 1, \"peak_alloc_gb\": 3.3218, \"peak_reserved_gb\": 4.1152}\n"}
,{"stream_name":"stdout","time":23645.685102597,"data":"  round 19 client p049: {\"ce_t\": 0.0207, \"ce_s\": 0.024, \"kl_t\": 0.0171, \"kl_s\": 0.0139, \"hid\": 0.0084, \"loss\": 0.7966, \"train_acc_t\": 0.9994, \"train_acc_s\": 0.9972, \"steps\": 635, \"teacher_test_acc\": 0.122, \"teacher_test_loss\": 5.2705, \"teacher_test_macro_f1\": 0.0221, \"gpu\": 0, \"peak_alloc_gb\": 3.3377, \"peak_reserved_gb\": 4.1133}\n"}
,{"stream_name":"stdout","time":23660.87843433,"data":"VRAM 2026/10/04 15:22:04.327, 0, 4367 MiB, 15360 MiB, 93 %\n"}
,{"stream_name":"stdout","time":23660.878942077,"data":"VRAM 2026/10/04 15:22:04.329, 1, 4359 MiB, 15360 MiB, 68 %\n"}
,{"stream_name":"stdout","time":23702.998471661,"data":"  round 19 client p050: {\"ce_t\": 0.0503, \"ce_s\": 0.0934, \"kl_t\": 0.0698, \"kl_s\": 0.06, \"hid\": 0.018, \"loss\": 0.9935, \"train_acc_t\": 0.9972, \"train_acc_s\": 0.9813, \"steps\": 495, \"teacher_test_acc\": 0.105, \"teacher_test_loss\": 3.4057, \"teacher_test_macro_f1\": 0.019, \"gpu\": 1, \"peak_alloc_gb\": 3.3232, \"peak_reserved_gb\": 4.1152}\n"}
,{"stream_name":"stdout","time":23720.887177868,"data":"VRAM 2026/10/04 15:23:04.337, 0, 4367 MiB, 15360 MiB, 88 %\n"}
,{"stream_name":"stdout","time":23720.888661313,"data":"VRAM 2026/10/04 15:23:04.339, 1, 4359 MiB, 15360 MiB, 90 %\n"}
,{"stream_name":"stdout","time":23760.034086577,"data":"  round 19 client p051: {\"ce_t\": 0.0367, \"ce_s\": 0.0552, \"kl_t\": 0.0398, \"kl_s\": 0.0362, \"hid\": 0.0129, \"loss\": 0.8941, \"train_acc_t\": 0.9978, \"train_acc_s\": 0.9907, \"steps\": 575, \"teacher_test_acc\": 0.184, \"teacher_test_loss\": 2.7714, \"teacher_test_macro_f1\": 0.1068, \"gpu\": 0, \"peak_alloc_gb\": 3.3206, \"peak_reserved_gb\": 4.1133}\n"}
,{"stream_name":"stdout","time":23780.902630605,"data":"VRAM 2026/10/04 15:24:04.346, 0, 4367 MiB, 15360 MiB, 79 %\n"}
,{"stream_name":"stdout","time":23780.902904771,"data":"VRAM 2026/10/04 15:24:04.350, 1, 4359 MiB, 15360 MiB, 81 %\n"}
,{"stream_name":"stdout","time":23796.782205445,"data":"  round 19 client p052: {\"ce_t\": 0.0352, \"ce_s\": 0.0497, \"kl_t\": 0.0347, \"kl_s\": 0.0326, \"hid\": 0.0143, \"loss\": 0.9101, \"train_acc_t\": 0.9976, \"train_acc_s\": 0.9919, \"steps\": 465, \"teacher_test_acc\": 0.209, \"teacher_test_loss\": 2.9938, \"teacher_test_macro_f1\": 0.1425, \"gpu\": 1, \"peak_alloc_gb\": 3.3126, \"peak_reserved_gb\": 4.1152}\n"}
,{"stream_name":"stdout","time":23840.911532911,"data":"VRAM 2026/10/04 15:25:04.361, 0, 4367 MiB, 15360 MiB, 86 %\n"}
,{"stream_name":"stdout","time":23840.913433737,"data":"VRAM 2026/10/04 15:25:04.363, 1, 4359 MiB, 15360 MiB, 86 %\n"}
,{"stream_name":"stdout","time":23859.689462843,"data":"  round 19 client p056: {\"ce_t\": 0.0343, \"ce_s\": 0.0591, \"kl_t\": 0.039, \"kl_s\": 0.0346, \"hid\": 0.0112, \"loss\": 0.7772, \"train_acc_t\": 0.9987, \"train_acc_s\": 0.9894, \"steps\": 500, \"teacher_test_acc\": 0.175, \"teacher_test_loss\": 2.9145, \"teacher_test_macro_f1\": 0.0863, \"gpu\": 0, \"peak_alloc_gb\": 3.3314, \"peak_reserved_gb\": 4.1133}\n"}
,{"stream_name":"stdout","time":23895.719915163,"data":"  round 19 client p061: {\"ce_t\": 0.0372, \"ce_s\": 0.048, \"kl_t\": 0.0384, \"kl_s\": 0.0387, \"hid\": 0.0124, \"loss\": 0.884, \"train_acc_t\": 0.9953, \"train_acc_s\": 0.9918, \"steps\": 510, \"teacher_test_acc\": 0.245, \"teacher_test_loss\": 3.3065, \"teacher_test_macro_f1\": 0.1779, \"gpu\": 1, \"peak_alloc_gb\": 3.3118, \"peak_reserved_gb\": 4.1152}\n"}
,{"stream_name":"stdout","time":23900.921659664,"data":"VRAM 2026/10/04 15:26:04.371, 0, 4367 MiB, 15360 MiB, 99 %\n"}
,{"stream_name":"stdout","time":23900.923222372,"data":"VRAM 2026/10/04 15:26:04.373, 1, 4359 MiB, 15360 MiB, 0 %\n"}
,{"stream_name":"stdout","time":23902.93150163,"data":"ROUND 19/30: global student acc 0.4639 F1 0.4548 | mean teacher acc 0.1434 F1 0.0710 | 19.7 min\n"}
,{"stream_name":"stdout","time":23960.932350906,"data":"VRAM 2026/10/04 15:27:04.381, 0, 4367 MiB, 15360 MiB, 91 %\n"}
,{"stream_name":"stdout","time":23960.936475853,"data":"VRAM 2026/10/04 15:27:04.384, 1, 4359 MiB, 15360 MiB, 88 %\n"}
,{"stream_name":"stdout","time":23994.454866397,"data":"  round 20 client p002: {\"ce_t\": 0.0307, \"ce_s\": 0.0464, \"kl_t\": 0.0357, \"kl_s\": 0.0318, \"hid\": 0.0131, \"loss\": 0.9262, \"train_acc_t\": 0.9983, \"train_acc_s\": 0.9937, \"steps\": 455, \"teacher_test_acc\": 0.078, \"teacher_test_loss\": 4.2392, \"teacher_test_macro_f1\": 0.0155, \"gpu\": 0, \"peak_alloc_gb\": 3.338, \"peak_reserved_gb\": 4.1133}\n"}
,{"stream_name":"stdout","time":24007.244279199,"data":"  round 20 client p012: {\"ce_t\": 0.0444, \"ce_s\": 0.0802, \"kl_t\": 0.0626, \"kl_s\": 0.0506, \"hid\": 0.0148, \"loss\": 0.9314, \"train_acc_t\": 0.999, \"train_acc_s\": 0.9832, \"steps\": 515, \"teacher_test_acc\": 0.116, \"teacher_test_loss\": 4.0675, \"teacher_test_macro_f1\": 0.0755, \"gpu\": 1, \"peak_alloc_gb\": 3.3271, \"peak_reserved_gb\": 4.1152}\n"}
,{"stream_name":"stdout","time":24020.944837476,"data":"VRAM 2026/10/04 15:28:04.395, 0, 4367 MiB, 15360 MiB, 82 %\n"}
,{"stream_name":"stdout","time":24020.946558754,"data":"VRAM 2026/10/04 15:28:04.397, 1, 4359 MiB, 15360 MiB, 87 %\n"}
,{"stream_name":"stdout","time":24080.955545104,"data":"VRAM 2026/10/04 15:29:04.405, 0, 4367 MiB, 15360 MiB, 74 %\n"}
,{"stream_name":"stdout","time":24080.957608854,"data":"VRAM 2026/10/04 15:29:04.407, 1, 4359 MiB, 15360 MiB, 89 %\n"}
,{"stream_name":"stdout","time":24104.95453858,"data":"  round 20 client p014: {\"ce_t\": 0.0411, \"ce_s\": 0.0571, \"kl_t\": 0.0358, \"kl_s\": 0.0309, \"hid\": 0.012, \"loss\": 0.8559, \"train_acc_t\": 0.9968, \"train_acc_s\": 0.9881, \"steps\": 550, \"teacher_test_acc\": 0.089, \"teacher_test_loss\": 3.1577, \"teacher_test_macro_f1\": 0.0231, \"gpu\": 0, \"peak_alloc_gb\": 3.3253, \"peak_reserved_gb\": 4.1133}\n"}
,{"stream_name":"stdout","time":24118.132647095,"data":"  round 20 client p015: {\"ce_t\": 0.0245, \"ce_s\": 0.0413, \"kl_t\": 0.0337, \"kl_s\": 0.0247, \"hid\": 0.0097, \"loss\": 0.7972, \"train_acc_t\": 0.9995, \"train_acc_s\": 0.9934, \"steps\": 550, \"teacher_test_acc\": 0.121, \"teacher_test_loss\": 4.7598, \"teacher_test_macro_f1\": 0.0263, \"gpu\": 1, \"peak_alloc_gb\": 3.3162, \"peak_reserved_gb\": 4.1152}\n"}
,{"stream_name":"stdout","time":24140.966659505,"data":"VRAM 2026/10/04 15:30:04.416, 0, 4367 MiB, 15360 MiB, 84 %\n"}
,{"stream_name":"stdout","time":24140.967553378,"data":"VRAM 2026/10/04 15:30:04.418, 1, 4359 MiB, 15360 MiB, 86 %\n"}
,{"stream_name":"stdout","time":24200.97841715,"data":"VRAM 2026/10/04 15:31:04.426, 0, 4367 MiB, 15360 MiB, 86 %\n"}
,{"stream_name":"stdout","time":24200.978698032,"data":"VRAM 2026/10/04 15:31:04.427, 1, 4359 MiB, 15360 MiB, 83 %\n"}
,{"stream_name":"stdout","time":24241.511656735,"data":"  round 20 client p016: {\"ce_t\": 0.023, \"ce_s\": 0.0309, \"kl_t\": 0.0194, \"kl_s\": 0.0183, \"hid\": 0.0079, \"loss\": 0.8099, \"train_acc_t\": 0.9985, \"train_acc_s\": 0.995, \"steps\": 675, \"teacher_test_acc\": 0.094, \"teacher_test_loss\": 5.1955, \"teacher_test_macro_f1\": 0.0174, \"gpu\": 0, \"peak_alloc_gb\": 3.331, \"peak_reserved_gb\": 4.1133}\n"}
,{"stream_name":"stdout","time":24260.989071118,"data":"VRAM 2026/10/04 15:32:04.437, 0, 4367 MiB, 15360 MiB, 85 %\n"}
,{"stream_name":"stdout","time":24260.992269452,"data":"VRAM 2026/10/04 15:32:04.441, 1, 4359 MiB, 15360 MiB, 87 %\n"}
,{"stream_name":"stdout","time":24271.910914714,"data":"  round 20 client p021: {\"ce_t\": 0.0338, \"ce_s\": 0.0639, \"kl_t\": 0.0468, \"kl_s\": 0.0401, \"hid\": 0.011, \"loss\": 0.7843, \"train_acc_t\": 0.999, \"train_acc_s\": 0.9887, \"steps\": 775, \"teacher_test_acc\": 0.116, \"teacher_test_loss\": 4.9031, \"teacher_test_macro_f1\": 0.0544, \"gpu\": 1, \"peak_alloc_gb\": 3.3175, \"peak_reserved_gb\": 4.1152}\n"}
,{"stream_name":"stdout","time":24321.000474739,"data":"VRAM 2026/10/04 15:33:04.450, 0, 4367 MiB, 15360 MiB, 91 %\n"}
,{"stream_name":"stdout","time":24321.002241639,"data":"VRAM 2026/10/04 15:33:04.452, 1, 4359 MiB, 15360 MiB, 87 %\n"}
,{"stream_name":"stdout","time":24381.011776394,"data":"VRAM 2026/10/04 15:34:04.460, 0, 4367 MiB, 15360 MiB, 88 %\n"}
,{"stream_name":"stdout","time":24381.012073131,"data":"VRAM 2026/10/04 15:34:04.462, 1, 4359 MiB, 15360 MiB, 85 %\n"}
,{"stream_name":"stdout","time":24393.399908231,"data":"  round 20 client p022: {\"ce_t\": 0.0213, \"ce_s\": 0.0271, \"kl_t\": 0.0161, \"kl_s\": 0.0135, \"hid\": 0.008, \"loss\": 0.7665, \"train_acc_t\": 0.9992, \"train_acc_s\": 0.9966, \"steps\": 775, \"teacher_test_acc\": 0.166, \"teacher_test_loss\": 3.4709, \"teacher_test_macro_f1\": 0.0867, \"gpu\": 0, \"peak_alloc_gb\": 3.3207, \"peak_reserved_gb\": 4.1133}\n"}
,{"stream_name":"stdout","time":24422.890690273,"data":"  round 20 client p024: {\"ce_t\": 0.0193, \"ce_s\": 0.0316, \"kl_t\": 0.0323, \"kl_s\": 0.0241, \"hid\": 0.0072, \"loss\": 0.7281, \"train_acc_t\": 0.999, \"train_acc_s\": 0.9943, \"steps\": 770, \"teacher_test_acc\": 0.117, \"teacher_test_loss\": 4.7502, \"teacher_test_macro_f1\": 0.0573, \"gpu\": 1, \"peak_alloc_gb\": 3.315, \"peak_reserved_gb\": 4.1152}\n"}
,{"stream_name":"stdout","time":24441.022446377,"data":"VRAM 2026/10/04 15:35:04.471, 0, 4367 MiB, 15360 MiB, 85 %\n"}
,{"stream_name":"stdout","time":24441.02281794,"data":"VRAM 2026/10/04 15:35:04.473, 1, 4359 MiB, 15360 MiB, 86 %\n"}
,{"stream_name":"stdout","time":24501.036413388,"data":"VRAM 2026/10/04 15:36:04.481, 0, 4367 MiB, 15360 MiB, 87 %\n"}
,{"stream_name":"stdout","time":24501.037844609,"data":"VRAM 2026/10/04 15:36:04.485, 1, 4359 MiB, 15360 MiB, 88 %\n"}
,{"stream_name":"stdout","time":24528.028998285,"data":"  round 20 client p035: {\"ce_t\": 0.0308, \"ce_s\": 0.037, \"kl_t\": 0.0328, \"kl_s\": 0.029, \"hid\": 0.0105, \"loss\": 0.8804, \"train_acc_t\": 0.9976, \"train_acc_s\": 0.995, \"steps\": 530, \"teacher_test_acc\": 0.086, \"teacher_test_loss\": 3.5356, \"teacher_test_macro_f1\": 0.0278, \"gpu\": 1, \"peak_alloc_gb\": 3.3093, \"peak_reserved_gb\": 4.1152}\n"}
,{"stream_name":"stdout","time":24541.729480016,"data":"  round 20 client p026: {\"ce_t\": 0.0296, \"ce_s\": 0.0499, \"kl_t\": 0.0366, \"kl_s\": 0.0296, \"hid\": 0.0111, \"loss\": 0.7852, \"train_acc_t\": 0.9983, \"train_acc_s\": 0.9915, \"steps\": 750, \"teacher_test_acc\": 0.095, \"teacher_test_loss\": 3.5706, \"teacher_test_macro_f1\": 0.0209, \"gpu\": 0, \"peak_alloc_gb\": 3.3172, \"peak_reserved_gb\": 4.1133}\n"}
,{"stream_name":"stdout","time":24561.046147153,"data":"VRAM 2026/10/04 15:37:04.496, 0, 4367 MiB, 15360 MiB, 86 %\n"}
,{"stream_name":"stdout","time":24561.047665865,"data":"VRAM 2026/10/04 15:37:04.498, 1, 4359 MiB, 15360 MiB, 59 %\n"}
,{"stream_name":"stdout","time":24612.236132182,"data":"  round 20 client p039: {\"ce_t\": 0.0394, \"ce_s\": 0.0449, \"kl_t\": 0.0393, \"kl_s\": 0.0366, \"hid\": 0.0156, \"loss\": 1.0128, \"train_acc_t\": 0.9966, \"train_acc_s\": 0.9926, \"steps\": 410, \"teacher_test_acc\": 0.124, \"teacher_test_loss\": 4.0423, \"teacher_test_macro_f1\": 0.0647, \"gpu\": 1, \"peak_alloc_gb\": 3.3197, \"peak_reserved_gb\": 4.1152}\n"}
,{"stream_name":"stdout","time":24621.056124939,"data":"VRAM 2026/10/04 15:38:04.506, 0, 4367 MiB, 15360 MiB, 0 %\n"}
,{"stream_name":"stdout","time":24621.057269565,"data":"VRAM 2026/10/04 15:38:04.507, 1, 4359 MiB, 15360 MiB, 86 %\n"}
,{"stream_name":"stdout","time":24621.077270698,"data":"  round 20 client p041: {\"ce_t\": 0.0197, \"ce_s\": 0.0307, \"kl_t\": 0.0198, \"kl_s\": 0.016, \"hid\": 0.0113, \"loss\": 0.9031, \"train_acc_t\": 1.0, \"train_acc_s\": 0.9957, \"steps\": 380, \"teacher_test_acc\": 0.162, \"teacher_test_loss\": 2.7463, \"teacher_test_macro_f1\": 0.077, \"gpu\": 0, \"peak_alloc_gb\": 3.3399, \"peak_reserved_gb\": 4.1133}\n"}
,{"stream_name":"stdout","time":24681.067443873,"data":"VRAM 2026/10/04 15:39:04.516, 0, 4367 MiB, 15360 MiB, 80 %\n"}
,{"stream_name":"stdout","time":24681.067751445,"data":"VRAM 2026/10/04 15:39:04.518, 1, 4359 MiB, 15360 MiB, 87 %\n"}
,{"stream_name":"stdout","time":24689.041922932,"data":"  round 20 client p042: {\"ce_t\": 0.022, \"ce_s\": 0.0386, \"kl_t\": 0.0327, \"kl_s\": 0.0292, \"hid\": 0.0099, \"loss\": 0.805, \"train_acc_t\": 0.9997, \"train_acc_s\": 0.9929, \"steps\": 370, \"teacher_test_acc\": 0.169, \"teacher_test_loss\": 2.9593, \"teacher_test_macro_f1\": 0.127, \"gpu\": 1, \"peak_alloc_gb\": 3.3374, \"peak_reserved_gb\": 4.1152}\n"}
,{"stream_name":"stdout","time":24712.956401444,"data":"  round 20 client p045: {\"ce_t\": 0.0297, \"ce_s\": 0.0371, \"kl_t\": 0.0212, \"kl_s\": 0.0213, \"hid\": 0.0113, \"loss\": 0.8887, \"train_acc_t\": 0.9972, \"train_acc_s\": 0.9942, \"steps\": 455, \"teacher_test_acc\": 0.089, \"teacher_test_loss\": 3.5529, \"teacher_test_macro_f1\": 0.0292, \"gpu\": 0, \"peak_alloc_gb\": 3.3246, \"peak_reserved_gb\": 4.1133}\n"}
,{"stream_name":"stdout","time":24741.076388958,"data":"VRAM 2026/10/04 15:40:04.526, 0, 4367 MiB, 15360 MiB, 90 %\n"}
,{"stream_name":"stdout","time":24741.077882634,"data":"VRAM 2026/10/04 15:40:04.528, 1, 4359 MiB, 15360 MiB, 83 %\n"}
,{"stream_name":"stdout","time":24794.062847811,"data":"  round 20 client p047: {\"ce_t\": 0.0405, \"ce_s\": 0.0697, \"kl_t\": 0.0431, \"kl_s\": 0.0378, \"hid\": 0.0103, \"loss\": 0.7547, \"train_acc_t\": 0.9971, \"train_acc_s\": 0.9856, \"steps\": 525, \"teacher_test_acc\": 0.181, \"teacher_test_loss\": 2.3447, \"teacher_test_macro_f1\": 0.1214, \"gpu\": 1, \"peak_alloc_gb\": 3.3183, \"peak_reserved_gb\": 4.1152}\n"}
,{"stream_name":"stdout","time":24801.087129963,"data":"VRAM 2026/10/04 15:41:04.536, 0, 4367 MiB, 15360 MiB, 88 %\n"}
,{"stream_name":"stdout","time":24801.089144881,"data":"VRAM 2026/10/04 15:41:04.539, 1, 4359 MiB, 15360 MiB, 84 %\n"}
,{"stream_name":"stdout","time":24839.574537899,"data":"  round 20 client p049: {\"ce_t\": 0.0134, \"ce_s\": 0.0167, \"kl_t\": 0.0107, \"kl_s\": 0.0081, \"hid\": 0.0064, \"loss\": 0.7805, \"train_acc_t\": 0.9996, \"train_acc_s\": 0.9982, \"steps\": 635, \"teacher_test_acc\": 0.123, \"teacher_test_loss\": 5.5946, \"teacher_test_macro_f1\": 0.0236, \"gpu\": 0, \"peak_alloc_gb\": 3.3324, \"peak_reserved_gb\": 4.1133}\n"}
,{"stream_name":"stdout","time":24861.098665966,"data":"VRAM 2026/10/04 15:42:04.548, 0, 4367 MiB, 15360 MiB, 87 %\n"}
,{"stream_name":"stdout","time":24861.101896393,"data":"VRAM 2026/10/04 15:42:04.551, 1, 4359 MiB, 15360 MiB, 86 %\n"}
,{"stream_name":"stdout","time":24895.28488958,"data":"  round 20 client p050: {\"ce_t\": 0.0467, \"ce_s\": 0.0752, \"kl_t\": 0.0543, \"kl_s\": 0.0456, \"hid\": 0.0159, \"loss\": 0.9625, \"train_acc_t\": 0.9982, \"train_acc_s\": 0.9828, \"steps\": 495, \"teacher_test_acc\": 0.1, \"teacher_test_loss\": 3.1328, \"teacher_test_macro_f1\": 0.0199, \"gpu\": 1, \"peak_alloc_gb\": 3.3246, \"peak_reserved_gb\": 4.1152}\n"}
,{"stream_name":"stdout","time":24921.111174382,"data":"VRAM 2026/10/04 15:43:04.561, 0, 4367 MiB, 15360 MiB, 86 %\n"}
,{"stream_name":"stdout","time":24921.112665678,"data":"VRAM 2026/10/04 15:43:04.563, 1, 4359 MiB, 15360 MiB, 87 %\n"}
,{"stream_name":"stdout","time":24956.030795782,"data":"  round 20 client p051: {\"ce_t\": 0.0408, \"ce_s\": 0.0559, \"kl_t\": 0.0373, \"kl_s\": 0.0418, \"hid\": 0.0127, \"loss\": 0.9096, \"train_acc_t\": 0.9952, \"train_acc_s\": 0.9911, \"steps\": 575, \"teacher_test_acc\": 0.128, \"teacher_test_loss\": 3.7699, \"teacher_test_macro_f1\": 0.0813, \"gpu\": 0, \"peak_alloc_gb\": 3.3154, \"peak_reserved_gb\": 4.1133}\n"}
,{"stream_name":"stdout","time":24981.123593796,"data":"VRAM 2026/10/04 15:44:04.571, 0, 4367 MiB, 15360 MiB, 88 %\n"}
,{"stream_name":"stdout","time":24981.128440246,"data":"VRAM 2026/10/04 15:44:04.576, 1, 4359 MiB, 15360 MiB, 90 %\n"}
,{"stream_name":"stdout","time":24990.812428058,"data":"  round 20 client p052: {\"ce_t\": 0.0281, \"ce_s\": 0.0412, \"kl_t\": 0.0283, \"kl_s\": 0.0233, \"hid\": 0.01, \"loss\": 0.8045, \"train_acc_t\": 0.9978, \"train_acc_s\": 0.9938, \"steps\": 465, \"teacher_test_acc\": 0.252, \"teacher_test_loss\": 2.7805, \"teacher_test_macro_f1\": 0.1876, \"gpu\": 1, \"peak_alloc_gb\": 3.3168, \"peak_reserved_gb\": 4.1152}\n"}
,{"stream_name":"stdout","time":25041.138503797,"data":"VRAM 2026/10/04 15:45:04.587, 0, 4367 MiB, 15360 MiB, 84 %\n"}
,{"stream_name":"stdout","time":25041.138902425,"data":"VRAM 2026/10/04 15:45:04.589, 1, 4359 MiB, 15360 MiB, 89 %\n"}
,{"stream_name":"stdout","time":25058.175004654,"data":"  round 20 client p056: {\"ce_t\": 0.0422, \"ce_s\": 0.0755, \"kl_t\": 0.0552, \"kl_s\": 0.0458, \"hid\": 0.0141, \"loss\": 0.8681, \"train_acc_t\": 0.9972, \"train_acc_s\": 0.9846, \"steps\": 500, \"teacher_test_acc\": 0.138, \"teacher_test_loss\": 2.9719, \"teacher_test_macro_f1\": 0.0933, \"gpu\": 0, \"peak_alloc_gb\": 3.3238, \"peak_reserved_gb\": 4.1133}\n"}
,{"stream_name":"stdout","time":25091.102777436,"data":"  round 20 client p061: {\"ce_t\": 0.0317, \"ce_s\": 0.0447, \"kl_t\": 0.0346, \"kl_s\": 0.0286, \"hid\": 0.0113, \"loss\": 0.8411, \"train_acc_t\": 0.9978, \"train_acc_s\": 0.9923, \"steps\": 510, \"teacher_test_acc\": 0.239, \"teacher_test_loss\": 3.9432, \"teacher_test_macro_f1\": 0.159, \"gpu\": 1, \"peak_alloc_gb\": 3.3097, \"peak_reserved_gb\": 4.1152}\n"}
,{"stream_name":"stdout","time":25098.354739595,"data":"ROUND 20/30: global student acc 0.4472 F1 0.4355 | mean teacher acc 0.1325 F1 0.0661 | 19.9 min\n"}
,{"stream_name":"stdout","time":25101.148621379,"data":"VRAM 2026/10/04 15:46:04.597, 0, 4367 MiB, 15360 MiB, 9 %\n"}
,{"stream_name":"stdout","time":25101.150510803,"data":"VRAM 2026/10/04 15:46:04.599, 1, 4359 MiB, 15360 MiB, 20 %\n"}
,{"stream_name":"stdout","time":25161.159814747,"data":"VRAM 2026/10/04 15:47:04.608, 0, 4367 MiB, 15360 MiB, 87 %\n"}
,{"stream_name":"stdout","time":25161.159908349,"data":"VRAM 2026/10/04 15:47:04.609, 1, 4359 MiB, 15360 MiB, 88 %\n"}
,{"stream_name":"stdout","time":25190.840533824,"data":"  round 21 client p002: {\"ce_t\": 0.0369, \"ce_s\": 0.0493, \"kl_t\": 0.0401, \"kl_s\": 0.0384, \"hid\": 0.0152, \"loss\": 0.9488, \"train_acc_t\": 0.9972, \"train_acc_s\": 0.9928, \"steps\": 455, \"teacher_test_acc\": 0.105, \"teacher_test_loss\": 3.9755, \"teacher_test_macro_f1\": 0.0497, \"gpu\": 0, \"peak_alloc_gb\": 3.3379, \"peak_reserved_gb\": 4.1133}\n"}
,{"stream_name":"stdout","time":25203.691487688,"data":"  round 21 client p012: {\"ce_t\": 0.0526, \"ce_s\": 0.0933, \"kl_t\": 0.0744, \"kl_s\": 0.0616, \"hid\": 0.0159, \"loss\": 0.9363, \"train_acc_t\": 0.9981, \"train_acc_s\": 0.982, \"steps\": 515, \"teacher_test_acc\": 0.11, \"teacher_test_loss\": 4.5128, \"teacher_test_macro_f1\": 0.0615, \"gpu\": 1, \"peak_alloc_gb\": 3.3312, \"peak_reserved_gb\": 4.1152}\n"}
,{"stream_name":"stdout","time":25221.16902191,"data":"VRAM 2026/10/04 15:48:04.618, 0, 4367 MiB, 15360 MiB, 84 %\n"}
,{"stream_name":"stdout","time":25221.169455757,"data":"VRAM 2026/10/04 15:48:04.619, 1, 4359 MiB, 15360 MiB, 86 %\n"}
,{"stream_name":"stdout","time":25281.178485897,"data":"VRAM 2026/10/04 15:49:04.628, 0, 4367 MiB, 15360 MiB, 93 %\n"}
,{"stream_name":"stdout","time":25281.180482034,"data":"VRAM 2026/10/04 15:49:04.630, 1, 4359 MiB, 15360 MiB, 87 %\n"}
,{"stream_name":"stdout","time":25300.146438272,"data":"  round 21 client p014: {\"ce_t\": 0.0327, \"ce_s\": 0.0509, \"kl_t\": 0.0266, \"kl_s\": 0.0231, \"hid\": 0.0108, \"loss\": 0.882, \"train_acc_t\": 0.9986, \"train_acc_s\": 0.9893, \"steps\": 550, \"teacher_test_acc\": 0.091, \"teacher_test_loss\": 3.9182, \"teacher_test_macro_f1\": 0.0249, \"gpu\": 0, \"peak_alloc_gb\": 3.3224, \"peak_reserved_gb\": 4.1133}\n"}
,{"stream_name":"stdout","time":25312.556107665,"data":"  round 21 client p015: {\"ce_t\": 0.0269, \"ce_s\": 0.0422, \"kl_t\": 0.0353, \"kl_s\": 0.0273, \"hid\": 0.0104, \"loss\": 0.8186, \"train_acc_t\": 0.9991, \"train_acc_s\": 0.9938, \"steps\": 550, \"teacher_test_acc\": 0.117, \"teacher_test_loss\": 4.6253, \"teacher_test_macro_f1\": 0.0217, \"gpu\": 1, \"peak_alloc_gb\": 3.3184, \"peak_reserved_gb\": 4.1152}\n"}
,{"stream_name":"stdout","time":25341.189014487,"data":"VRAM 2026/10/04 15:50:04.639, 0, 4367 MiB, 15360 MiB, 94 %\n"}
,{"stream_name":"stdout","time":25341.191296595,"data":"VRAM 2026/10/04 15:50:04.641, 1, 4359 MiB, 15360 MiB, 90 %\n"}
,{"stream_name":"stdout","time":25401.199768923,"data":"VRAM 2026/10/04 15:51:04.650, 0, 4367 MiB, 15360 MiB, 92 %\n"}
,{"stream_name":"stdout","time":25401.201205729,"data":"VRAM 2026/10/04 15:51:04.652, 1, 4359 MiB, 15360 MiB, 85 %\n"}
,{"stream_name":"stdout","time":25431.997395022,"data":"  round 21 client p016: {\"ce_t\": 0.016, \"ce_s\": 0.0267, \"kl_t\": 0.0125, \"kl_s\": 0.0114, \"hid\": 0.0058, \"loss\": 0.697, \"train_acc_t\": 0.9994, \"train_acc_s\": 0.9961, \"steps\": 675, \"teacher_test_acc\": 0.099, \"teacher_test_loss\": 5.5702, \"teacher_test_macro_f1\": 0.0219, \"gpu\": 0, \"peak_alloc_gb\": 3.3355, \"peak_reserved_gb\": 4.1133}\n"}
,{"stream_name":"stdout","time":25461.212515681,"data":"VRAM 2026/10/04 15:52:04.659, 0, 4367 MiB, 15360 MiB, 96 %\n"}
,{"stream_name":"stdout","time":25461.212800222,"data":"VRAM 2026/10/04 15:52:04.663, 1, 4359 MiB, 15360 MiB, 100 %\n"}
,{"stream_name":"stdout","time":25463.050014293,"data":"  round 21 client p021: {\"ce_t\": 0.0444, \"ce_s\": 0.0681, \"kl_t\": 0.0491, \"kl_s\": 0.0474, \"hid\": 0.013, \"loss\": 0.8037, \"train_acc_t\": 0.9956, \"train_acc_s\": 0.988, \"steps\": 775, \"teacher_test_acc\": 0.222, \"teacher_test_loss\": 3.1197, \"teacher_test_macro_f1\": 0.1359, \"gpu\": 1, \"peak_alloc_gb\": 3.3266, \"peak_reserved_gb\": 4.1152}\n"}
,{"stream_name":"stdout","time":25521.221439071,"data":"VRAM 2026/10/04 15:53:04.671, 0, 4367 MiB, 15360 MiB, 92 %\n"}
,{"stream_name":"stdout","time":25521.223362972,"data":"VRAM 2026/10/04 15:53:04.673, 1, 4359 MiB, 15360 MiB, 95 %\n"}
,{"stream_name":"stdout","time":25581.235694054,"data":"VRAM 2026/10/04 15:54:04.682, 0, 4367 MiB, 15360 MiB, 100 %\n"}
,{"stream_name":"stdout","time":25581.235760603,"data":"VRAM 2026/10/04 15:54:04.684, 1, 4359 MiB, 15360 MiB, 85 %\n"}
,{"stream_name":"stdout","time":25584.857679857,"data":"  round 21 client p022: {\"ce_t\": 0.0167, \"ce_s\": 0.0175, \"kl_t\": 0.0115, \"kl_s\": 0.0119, \"hid\": 0.0058, \"loss\": 0.6992, \"train_acc_t\": 0.999, \"train_acc_s\": 0.9987, \"steps\": 775, \"teacher_test_acc\": 0.121, \"teacher_test_loss\": 5.8318, \"teacher_test_macro_f1\": 0.0415, \"gpu\": 0, \"peak_alloc_gb\": 3.3221, \"peak_reserved_gb\": 4.1133}\n"}
,{"stream_name":"stdout","time":25615.013389977,"data":"  round 21 client p024: {\"ce_t\": 0.0172, \"ce_s\": 0.0269, \"kl_t\": 0.0285, \"kl_s\": 0.0193, \"hid\": 0.0061, \"loss\": 0.6952, \"train_acc_t\": 0.9995, \"train_acc_s\": 0.9956, \"steps\": 770, \"teacher_test_acc\": 0.126, \"teacher_test_loss\": 3.4179, \"teacher_test_macro_f1\": 0.0605, \"gpu\": 1, \"peak_alloc_gb\": 3.322, \"peak_reserved_gb\": 4.1152}\n"}
,{"stream_name":"stdout","time":25641.242261249,"data":"VRAM 2026/10/04 15:55:04.693, 0, 4367 MiB, 15360 MiB, 71 %\n"}
,{"stream_name":"stdout","time":25641.24429414,"data":"VRAM 2026/10/04 15:55:04.694, 1, 4359 MiB, 15360 MiB, 84 %\n"}
,{"stream_name":"stdout","time":25701.252539891,"data":"VRAM 2026/10/04 15:56:04.702, 0, 4367 MiB, 15360 MiB, 69 %\n"}
,{"stream_name":"stdout","time":25701.253867104,"data":"VRAM 2026/10/04 15:56:04.704, 1, 4359 MiB, 15360 MiB, 86 %\n"}
,{"stream_name":"stdout","time":25718.7630179,"data":"  round 21 client p035: {\"ce_t\": 0.0281, \"ce_s\": 0.0369, \"kl_t\": 0.0307, \"kl_s\": 0.0261, \"hid\": 0.0097, \"loss\": 0.8042, \"train_acc_t\": 0.9976, \"train_acc_s\": 0.9943, \"steps\": 530, \"teacher_test_acc\": 0.118, \"teacher_test_loss\": 2.918, \"teacher_test_macro_f1\": 0.0475, \"gpu\": 1, \"peak_alloc_gb\": 3.3057, \"peak_reserved_gb\": 4.1152}\n"}
,{"stream_name":"stdout","time":25731.027555772,"data":"  round 21 client p026: {\"ce_t\": 0.0302, \"ce_s\": 0.0475, \"kl_t\": 0.036, \"kl_s\": 0.0288, \"hid\": 0.0104, \"loss\": 0.8263, \"train_acc_t\": 0.9992, \"train_acc_s\": 0.9933, \"steps\": 750, \"teacher_test_acc\": 0.094, \"teacher_test_loss\": 5.1496, \"teacher_test_macro_f1\": 0.0191, \"gpu\": 0, \"peak_alloc_gb\": 3.3285, \"peak_reserved_gb\": 4.1133}\n"}
,{"stream_name":"stdout","time":25761.26353804,"data":"VRAM 2026/10/04 15:57:04.712, 0, 4367 MiB, 15360 MiB, 84 %\n"}
,{"stream_name":"stdout","time":25761.264210729,"data":"VRAM 2026/10/04 15:57:04.715, 1, 4359 MiB, 15360 MiB, 67 %\n"}
,{"stream_name":"stdout","time":25802.050363901,"data":"  round 21 client p039: {\"ce_t\": 0.0259, \"ce_s\": 0.0324, \"kl_t\": 0.0234, \"kl_s\": 0.0246, \"hid\": 0.0135, \"loss\": 1.0341, \"train_acc_t\": 0.9978, \"train_acc_s\": 0.9957, \"steps\": 410, \"teacher_test_acc\": 0.093, \"teacher_test_loss\": 4.929, \"teacher_test_macro_f1\": 0.0398, \"gpu\": 1, \"peak_alloc_gb\": 3.3236, \"peak_reserved_gb\": 4.1152}\n"}
,{"stream_name":"stdout","time":25808.4756415,"data":"  round 21 client p041: {\"ce_t\": 0.0187, \"ce_s\": 0.0284, \"kl_t\": 0.0199, \"kl_s\": 0.0175, \"hid\": 0.0118, \"loss\": 0.8789, \"train_acc_t\": 0.9997, \"train_acc_s\": 0.996, \"steps\": 380, \"teacher_test_acc\": 0.168, \"teacher_test_loss\": 2.7389, \"teacher_test_macro_f1\": 0.1111, \"gpu\": 0, \"peak_alloc_gb\": 3.3409, \"peak_reserved_gb\": 4.1133}\n"}
,{"stream_name":"stdout","time":25821.272181553,"data":"VRAM 2026/10/04 15:58:04.722, 0, 4367 MiB, 15360 MiB, 89 %\n"}
,{"stream_name":"stdout","time":25821.273846583,"data":"VRAM 2026/10/04 15:58:04.724, 1, 4359 MiB, 15360 MiB, 84 %\n"}
,{"stream_name":"stdout","time":25877.969725232,"data":"  round 21 client p042: {\"ce_t\": 0.0235, \"ce_s\": 0.0374, \"kl_t\": 0.0374, \"kl_s\": 0.0325, \"hid\": 0.0105, \"loss\": 0.9234, \"train_acc_t\": 0.9997, \"train_acc_s\": 0.9939, \"steps\": 370, \"teacher_test_acc\": 0.17, \"teacher_test_loss\": 2.2125, \"teacher_test_macro_f1\": 0.1292, \"gpu\": 1, \"peak_alloc_gb\": 3.327, \"peak_reserved_gb\": 4.1152}\n"}
,{"stream_name":"stdout","time":25881.282169258,"data":"VRAM 2026/10/04 15:59:04.732, 0, 4367 MiB, 15360 MiB, 97 %\n"}
,{"stream_name":"stdout","time":25881.285616459,"data":"VRAM 2026/10/04 15:59:04.734, 1, 4359 MiB, 15360 MiB, 79 %\n"}
,{"stream_name":"stdout","time":25899.865193582,"data":"  round 21 client p045: {\"ce_t\": 0.0254, \"ce_s\": 0.0293, \"kl_t\": 0.016, \"kl_s\": 0.0154, \"hid\": 0.009, \"loss\": 0.8169, \"train_acc_t\": 0.9978, \"train_acc_s\": 0.9967, \"steps\": 455, \"teacher_test_acc\": 0.104, \"teacher_test_loss\": 3.2242, \"teacher_test_macro_f1\": 0.0284, \"gpu\": 0, \"peak_alloc_gb\": 3.3279, \"peak_reserved_gb\": 4.1133}\n"}
,{"stream_name":"stdout","time":25941.294171459,"data":"VRAM 2026/10/04 16:00:04.744, 0, 4367 MiB, 15360 MiB, 76 %\n"}
,{"stream_name":"stdout","time":25941.295684668,"data":"VRAM 2026/10/04 16:00:04.746, 1, 4359 MiB, 15360 MiB, 87 %\n"}
,{"stream_name":"stdout","time":25983.205390035,"data":"  round 21 client p047: {\"ce_t\": 0.0408, \"ce_s\": 0.0744, \"kl_t\": 0.0498, \"kl_s\": 0.0487, \"hid\": 0.0113, \"loss\": 0.7759, \"train_acc_t\": 0.9962, \"train_acc_s\": 0.9861, \"steps\": 525, \"teacher_test_acc\": 0.225, \"teacher_test_loss\": 2.582, \"teacher_test_macro_f1\": 0.1007, \"gpu\": 1, \"peak_alloc_gb\": 3.3141, \"peak_reserved_gb\": 4.1152}\n"}
,{"stream_name":"stdout","time":26001.303842471,"data":"VRAM 2026/10/04 16:01:04.754, 0, 4367 MiB, 15360 MiB, 83 %\n"}
,{"stream_name":"stdout","time":26001.305746382,"data":"VRAM 2026/10/04 16:01:04.756, 1, 4359 MiB, 15360 MiB, 78 %\n"}
,{"stream_name":"stdout","time":26027.099525717,"data":"  round 21 client p049: {\"ce_t\": 0.0312, \"ce_s\": 0.0327, \"kl_t\": 0.0217, \"kl_s\": 0.0191, \"hid\": 0.009, \"loss\": 0.7702, \"train_acc_t\": 0.9966, \"train_acc_s\": 0.9966, \"steps\": 635, \"teacher_test_acc\": 0.122, \"teacher_test_loss\": 5.1845, \"teacher_test_macro_f1\": 0.0218, \"gpu\": 0, \"peak_alloc_gb\": 3.3358, \"peak_reserved_gb\": 4.1133}\n"}
,{"stream_name":"stdout","time":26061.314459044,"data":"VRAM 2026/10/04 16:02:04.764, 0, 4367 MiB, 15360 MiB, 68 %\n"}
,{"stream_name":"stdout","time":26061.316814372,"data":"VRAM 2026/10/04 16:02:04.766, 1, 4359 MiB, 15360 MiB, 71 %\n"}
,{"stream_name":"stdout","time":26084.273211569,"data":"  round 21 client p050: {\"ce_t\": 0.0471, \"ce_s\": 0.0837, \"kl_t\": 0.0632, \"kl_s\": 0.0502, \"hid\": 0.0139, \"loss\": 0.9001, \"train_acc_t\": 0.9972, \"train_acc_s\": 0.983, \"steps\": 495, \"teacher_test_acc\": 0.097, \"teacher_test_loss\": 2.6759, \"teacher_test_macro_f1\": 0.0241, \"gpu\": 1, \"peak_alloc_gb\": 3.3217, \"peak_reserved_gb\": 4.1152}\n"}
,{"stream_name":"stdout","time":26121.326902288,"data":"VRAM 2026/10/04 16:03:04.775, 0, 4367 MiB, 15360 MiB, 75 %\n"}
,{"stream_name":"stdout","time":26121.327245563,"data":"VRAM 2026/10/04 16:03:04.777, 1, 4359 MiB, 15360 MiB, 74 %\n"}
,{"stream_name":"stdout","time":26141.377892289,"data":"  round 21 client p051: {\"ce_t\": 0.0364, \"ce_s\": 0.0645, \"kl_t\": 0.0427, \"kl_s\": 0.0371, \"hid\": 0.012, \"loss\": 0.845, \"train_acc_t\": 0.9972, \"train_acc_s\": 0.9876, \"steps\": 575, \"teacher_test_acc\": 0.154, \"teacher_test_loss\": 3.5865, \"teacher_test_macro_f1\": 0.0983, \"gpu\": 0, \"peak_alloc_gb\": 3.318, \"peak_reserved_gb\": 4.1133}\n"}
,{"stream_name":"stdout","time":26179.005799041,"data":"  round 21 client p052: {\"ce_t\": 0.0254, \"ce_s\": 0.0441, \"kl_t\": 0.0297, \"kl_s\": 0.0253, \"hid\": 0.0101, \"loss\": 0.8126, \"train_acc_t\": 0.9978, \"train_acc_s\": 0.9922, \"steps\": 465, \"teacher_test_acc\": 0.256, \"teacher_test_loss\": 2.7472, \"teacher_test_macro_f1\": 0.2127, \"gpu\": 1, \"peak_alloc_gb\": 3.3132, \"peak_reserved_gb\": 4.1152}\n"}
,{"stream_name":"stdout","time":26181.33745523,"data":"VRAM 2026/10/04 16:04:04.785, 0, 4367 MiB, 15360 MiB, 62 %\n"}
,{"stream_name":"stdout","time":26181.338598065,"data":"VRAM 2026/10/04 16:04:04.789, 1, 4359 MiB, 15360 MiB, 73 %\n"}
,{"stream_name":"stdout","time":26241.347102079,"data":"VRAM 2026/10/04 16:05:04.796, 0, 4367 MiB, 15360 MiB, 3 %\n"}
,{"stream_name":"stdout","time":26241.347159246,"data":"VRAM 2026/10/04 16:05:04.798, 1, 4359 MiB, 15360 MiB, 69 %\n"}
,{"stream_name":"stdout","time":26241.770367093,"data":"  round 21 client p056: {\"ce_t\": 0.0322, \"ce_s\": 0.0535, \"kl_t\": 0.0378, \"kl_s\": 0.0315, \"hid\": 0.0112, \"loss\": 0.8305, \"train_acc_t\": 0.9995, \"train_acc_s\": 0.9909, \"steps\": 500, \"teacher_test_acc\": 0.151, \"teacher_test_loss\": 3.8228, \"teacher_test_macro_f1\": 0.0655, \"gpu\": 0, \"peak_alloc_gb\": 3.3265, \"peak_reserved_gb\": 4.1133}\n"}
,{"stream_name":"stdout","time":26278.365649055,"data":"  round 21 client p061: {\"ce_t\": 0.0286, \"ce_s\": 0.037, \"kl_t\": 0.039, \"kl_s\": 0.0302, \"hid\": 0.0095, \"loss\": 0.8177, \"train_acc_t\": 0.9963, \"train_acc_s\": 0.9933, \"steps\": 510, \"teacher_test_acc\": 0.213, \"teacher_test_loss\": 3.6115, \"teacher_test_macro_f1\": 0.1176, \"gpu\": 1, \"peak_alloc_gb\": 3.3064, \"peak_reserved_gb\": 4.1152}\n"}
,{"stream_name":"stdout","time":26285.694188816,"data":"ROUND 21/30: global student acc 0.4772 F1 0.4629 | mean teacher acc 0.1408 F1 0.0683 | 19.8 min\n"}
,{"stream_name":"stdout","time":26301.356596214,"data":"VRAM 2026/10/04 16:06:04.806, 0, 4367 MiB, 15360 MiB, 76 %\n"}
,{"stream_name":"stdout","time":26301.357514936,"data":"VRAM 2026/10/04 16:06:04.808, 1, 4359 MiB, 15360 MiB, 80 %\n"}
,{"stream_name":"stdout","time":26361.367275668,"data":"VRAM 2026/10/04 16:07:04.816, 0, 4367 MiB, 15360 MiB, 79 %\n"}
,{"stream_name":"stdout","time":26361.367641467,"data":"VRAM 2026/10/04 16:07:04.817, 1, 4359 MiB, 15360 MiB, 83 %\n"}
,{"stream_name":"stdout","time":26376.120819941,"data":"  round 22 client p002: {\"ce_t\": 0.028, \"ce_s\": 0.0333, \"kl_t\": 0.0251, \"kl_s\": 0.0242, \"hid\": 0.0107, \"loss\": 0.9103, \"train_acc_t\": 0.9975, \"train_acc_s\": 0.9953, \"steps\": 455, \"teacher_test_acc\": 0.153, \"teacher_test_loss\": 3.0587, \"teacher_test_macro_f1\": 0.0537, \"gpu\": 0, \"peak_alloc_gb\": 3.3412, \"peak_reserved_gb\": 4.1133}\n"}
,{"stream_name":"stdout","time":26389.033703118,"data":"  round 22 client p012: {\"ce_t\": 0.044, \"ce_s\": 0.0745, \"kl_t\": 0.0664, \"kl_s\": 0.0507, \"hid\": 0.0135, \"loss\": 0.8798, \"train_acc_t\": 0.9978, \"train_acc_s\": 0.9835, \"steps\": 515, \"teacher_test_acc\": 0.084, \"teacher_test_loss\": 4.105, \"teacher_test_macro_f1\": 0.0433, \"gpu\": 1, \"peak_alloc_gb\": 3.3296, \"peak_reserved_gb\": 4.1152}\n"}
,{"stream_name":"stdout","time":26421.376441409,"data":"VRAM 2026/10/04 16:08:04.826, 0, 4367 MiB, 15360 MiB, 88 %\n"}
,{"stream_name":"stdout","time":26421.37710947,"data":"VRAM 2026/10/04 16:08:04.828, 1, 4359 MiB, 15360 MiB, 94 %\n"}
,{"stream_name":"stdout","time":26481.389441334,"data":"VRAM 2026/10/04 16:09:04.835, 0, 4367 MiB, 15360 MiB, 100 %\n"}
,{"stream_name":"stdout","time":26481.38949007,"data":"VRAM 2026/10/04 16:09:04.837, 1, 4359 MiB, 15360 MiB, 92 %\n"}
,{"stream_name":"stdout","time":26484.692831872,"data":"  round 22 client p014: {\"ce_t\": 0.0468, \"ce_s\": 0.074, \"kl_t\": 0.0458, \"kl_s\": 0.0403, \"hid\": 0.0126, \"loss\": 0.8948, \"train_acc_t\": 0.997, \"train_acc_s\": 0.9849, \"steps\": 550, \"teacher_test_acc\": 0.149, \"teacher_test_loss\": 3.3203, \"teacher_test_macro_f1\": 0.0614, \"gpu\": 0, \"peak_alloc_gb\": 3.3244, \"peak_reserved_gb\": 4.1133}\n"}
,{"stream_name":"stdout","time":26497.382877593,"data":"  round 22 client p015: {\"ce_t\": 0.028, \"ce_s\": 0.0479, \"kl_t\": 0.0396, \"kl_s\": 0.0327, \"hid\": 0.0091, \"loss\": 0.7647, \"train_acc_t\": 0.9989, \"train_acc_s\": 0.9927, \"steps\": 550, \"teacher_test_acc\": 0.122, \"teacher_test_loss\": 5.1, \"teacher_test_macro_f1\": 0.0223, \"gpu\": 1, \"peak_alloc_gb\": 3.3123, \"peak_reserved_gb\": 4.1152}\n"}
,{"stream_name":"stdout","time":26541.397083386,"data":"VRAM 2026/10/04 16:10:04.847, 0, 4367 MiB, 15360 MiB, 88 %\n"}
,{"stream_name":"stdout","time":26541.398437609,"data":"VRAM 2026/10/04 16:10:04.849, 1, 4359 MiB, 15360 MiB, 84 %\n"}
,{"stream_name":"stdout","time":26601.410130045,"data":"VRAM 2026/10/04 16:11:04.857, 0, 4367 MiB, 15360 MiB, 86 %\n"}
,{"stream_name":"stdout","time":26601.415408159,"data":"VRAM 2026/10/04 16:11:04.862, 1, 4359 MiB, 15360 MiB, 83 %\n"}
,{"stream_name":"stdout","time":26618.576502866,"data":"  round 22 client p016: {\"ce_t\": 0.0296, \"ce_s\": 0.0332, \"kl_t\": 0.0248, \"kl_s\": 0.0262, \"hid\": 0.0089, \"loss\": 0.7833, \"train_acc_t\": 0.9954, \"train_acc_s\": 0.9961, \"steps\": 675, \"teacher_test_acc\": 0.125, \"teacher_test_loss\": 6.1027, \"teacher_test_macro_f1\": 0.0522, \"gpu\": 0, \"peak_alloc_gb\": 3.3393, \"peak_reserved_gb\": 4.1133}\n"}
,{"stream_name":"stdout","time":26650.135620043,"data":"  round 22 client p021: {\"ce_t\": 0.0305, \"ce_s\": 0.0578, \"kl_t\": 0.0369, \"kl_s\": 0.0343, \"hid\": 0.0085, \"loss\": 0.714, \"train_acc_t\": 0.9979, \"train_acc_s\": 0.989, \"steps\": 775, \"teacher_test_acc\": 0.171, \"teacher_test_loss\": 4.0976, \"teacher_test_macro_f1\": 0.0766, \"gpu\": 1, \"peak_alloc_gb\": 3.3256, \"peak_reserved_gb\": 4.1152}\n"}
,{"stream_name":"stdout","time":26661.423689637,"data":"VRAM 2026/10/04 16:12:04.873, 0, 4367 MiB, 15360 MiB, 83 %\n"}
,{"stream_name":"stdout","time":26661.42560367,"data":"VRAM 2026/10/04 16:12:04.875, 1, 4359 MiB, 15360 MiB, 80 %\n"}
,{"stream_name":"stdout","time":26721.434099239,"data":"VRAM 2026/10/04 16:13:04.884, 0, 4367 MiB, 15360 MiB, 79 %\n"}
,{"stream_name":"stdout","time":26721.436757908,"data":"VRAM 2026/10/04 16:13:04.886, 1, 4359 MiB, 15360 MiB, 74 %\n"}
,{"stream_name":"stdout","time":26772.32849286,"data":"  round 22 client p022: {\"ce_t\": 0.0177, \"ce_s\": 0.0217, \"kl_t\": 0.0164, \"kl_s\": 0.0162, \"hid\": 0.0062, \"loss\": 0.6903, \"train_acc_t\": 0.9989, \"train_acc_s\": 0.9976, \"steps\": 775, \"teacher_test_acc\": 0.114, \"teacher_test_loss\": 3.9883, \"teacher_test_macro_f1\": 0.0336, \"gpu\": 0, \"peak_alloc_gb\": 3.3182, \"peak_reserved_gb\": 4.1133}\n"}
,{"stream_name":"stdout","time":26781.444938786,"data":"VRAM 2026/10/04 16:14:04.895, 0, 4367 MiB, 15360 MiB, 74 %\n"}
,{"stream_name":"stdout","time":26781.446379922,"data":"VRAM 2026/10/04 16:14:04.897, 1, 4359 MiB, 15360 MiB, 83 %\n"}
,{"stream_name":"stdout","time":26802.934219956,"data":"  round 22 client p024: {\"ce_t\": 0.018, \"ce_s\": 0.0264, \"kl_t\": 0.0222, \"kl_s\": 0.0203, \"hid\": 0.0073, \"loss\": 0.7457, \"train_acc_t\": 0.9993, \"train_acc_s\": 0.9967, \"steps\": 770, \"teacher_test_acc\": 0.133, \"teacher_test_loss\": 4.7744, \"teacher_test_macro_f1\": 0.0803, \"gpu\": 1, \"peak_alloc_gb\": 3.3169, \"peak_reserved_gb\": 4.1152}\n"}
,{"stream_name":"stdout","time":26841.455427091,"data":"VRAM 2026/10/04 16:15:04.904, 0, 4367 MiB, 15360 MiB, 88 %\n"}
,{"stream_name":"stdout","time":26841.456223879,"data":"VRAM 2026/10/04 16:15:04.906, 1, 4359 MiB, 15360 MiB, 89 %\n"}
,{"stream_name":"stdout","time":26901.464063616,"data":"VRAM 2026/10/04 16:16:04.914, 0, 4367 MiB, 15360 MiB, 86 %\n"}
,{"stream_name":"stdout","time":26901.466043967,"data":"VRAM 2026/10/04 16:16:04.916, 1, 4359 MiB, 15360 MiB, 73 %\n"}
,{"stream_name":"stdout","time":26909.745065042,"data":"  round 22 client p035: {\"ce_t\": 0.0224, \"ce_s\": 0.0259, \"kl_t\": 0.0141, \"kl_s\": 0.0147, \"hid\": 0.0087, \"loss\": 0.8006, \"train_acc_t\": 0.9983, \"train_acc_s\": 0.9962, \"steps\": 530, \"teacher_test_acc\": 0.073, \"teacher_test_loss\": 3.3862, \"teacher_test_macro_f1\": 0.0484, \"gpu\": 1, \"peak_alloc_gb\": 3.3076, \"peak_reserved_gb\": 4.1152}\n"}
,{"stream_name":"stdout","time":26922.786131389,"data":"  round 22 client p026: {\"ce_t\": 0.0229, \"ce_s\": 0.0367, \"kl_t\": 0.0264, \"kl_s\": 0.0217, \"hid\": 0.0076, \"loss\": 0.6926, \"train_acc_t\": 0.999, \"train_acc_s\": 0.9933, \"steps\": 750, \"teacher_test_acc\": 0.094, \"teacher_test_loss\": 5.6551, \"teacher_test_macro_f1\": 0.0191, \"gpu\": 0, \"peak_alloc_gb\": 3.3239, \"peak_reserved_gb\": 4.1133}\n"}
,{"stream_name":"stdout","time":26961.478333738,"data":"VRAM 2026/10/04 16:17:04.925, 0, 4367 MiB, 15360 MiB, 74 %\n"}
,{"stream_name":"stdout","time":26961.478603121,"data":"VRAM 2026/10/04 16:17:04.927, 1, 4359 MiB, 15360 MiB, 89 %\n"}
,{"stream_name":"stdout","time":26995.475040692,"data":"  round 22 client p039: {\"ce_t\": 0.0313, \"ce_s\": 0.0306, \"kl_t\": 0.0258, \"kl_s\": 0.0265, \"hid\": 0.0143, \"loss\": 1.0626, \"train_acc_t\": 0.9975, \"train_acc_s\": 0.9963, \"steps\": 410, \"teacher_test_acc\": 0.145, \"teacher_test_loss\": 3.5744, \"teacher_test_macro_f1\": 0.0721, \"gpu\": 1, \"peak_alloc_gb\": 3.3156, \"peak_reserved_gb\": 4.1152}\n"}
,{"stream_name":"stdout","time":27001.958113284,"data":"  round 22 client p041: {\"ce_t\": 0.0242, \"ce_s\": 0.0434, \"kl_t\": 0.0294, \"kl_s\": 0.0306, \"hid\": 0.0124, \"loss\": 0.8574, \"train_acc_t\": 0.9997, \"train_acc_s\": 0.9934, \"steps\": 380, \"teacher_test_acc\": 0.158, \"teacher_test_loss\": 3.4189, \"teacher_test_macro_f1\": 0.094, \"gpu\": 0, \"peak_alloc_gb\": 3.3386, \"peak_reserved_gb\": 4.1133}\n"}
,{"stream_name":"stdout","time":27021.491436234,"data":"VRAM 2026/10/04 16:18:04.937, 0, 4367 MiB, 15360 MiB, 77 %\n"}
,{"stream_name":"stdout","time":27021.494268045,"data":"VRAM 2026/10/04 16:18:04.943, 1, 4359 MiB, 15360 MiB, 88 %\n"}
,{"stream_name":"stdout","time":27072.023289226,"data":"  round 22 client p042: {\"ce_t\": 0.0188, \"ce_s\": 0.0248, \"kl_t\": 0.0183, \"kl_s\": 0.016, \"hid\": 0.0081, \"loss\": 0.7659, \"train_acc_t\": 0.9993, \"train_acc_s\": 0.9963, \"steps\": 370, \"teacher_test_acc\": 0.199, \"teacher_test_loss\": 2.6283, \"teacher_test_macro_f1\": 0.1507, \"gpu\": 1, \"peak_alloc_gb\": 3.3277, \"peak_reserved_gb\": 4.1152}\n"}
,{"stream_name":"stdout","time":27081.502259055,"data":"VRAM 2026/10/04 16:19:04.953, 0, 4367 MiB, 15360 MiB, 73 %\n"}
,{"stream_name":"stdout","time":27081.503494079,"data":"VRAM 2026/10/04 16:19:04.954, 1, 4359 MiB, 15360 MiB, 82 %\n"}
,{"stream_name":"stdout","time":27094.103674032,"data":"  round 22 client p045: {\"ce_t\": 0.0259, \"ce_s\": 0.0323, \"kl_t\": 0.0189, \"kl_s\": 0.017, \"hid\": 0.0093, \"loss\": 0.8333, \"train_acc_t\": 0.9978, \"train_acc_s\": 0.9948, \"steps\": 455, \"teacher_test_acc\": 0.107, \"teacher_test_loss\": 2.8292, \"teacher_test_macro_f1\": 0.0417, \"gpu\": 0, \"peak_alloc_gb\": 3.3213, \"peak_reserved_gb\": 4.1133}\n"}
,{"stream_name":"stdout","time":27141.511767794,"data":"VRAM 2026/10/04 16:20:04.962, 0, 4367 MiB, 15360 MiB, 90 %\n"}
,{"stream_name":"stdout","time":27141.513139353,"data":"VRAM 2026/10/04 16:20:04.963, 1, 4359 MiB, 15360 MiB, 88 %\n"}
,{"stream_name":"stdout","time":27174.969924086,"data":"  round 22 client p047: {\"ce_t\": 0.0333, \"ce_s\": 0.0568, \"kl_t\": 0.0343, \"kl_s\": 0.0281, \"hid\": 0.0092, \"loss\": 0.7295, \"train_acc_t\": 0.9976, \"train_acc_s\": 0.989, \"steps\": 525, \"teacher_test_acc\": 0.188, \"teacher_test_loss\": 2.5968, \"teacher_test_macro_f1\": 0.0857, \"gpu\": 1, \"peak_alloc_gb\": 3.319, \"peak_reserved_gb\": 4.1152}\n"}
,{"stream_name":"stdout","time":27201.523953769,"data":"VRAM 2026/10/04 16:21:04.972, 0, 4367 MiB, 15360 MiB, 74 %\n"}
,{"stream_name":"stdout","time":27201.523996508,"data":"VRAM 2026/10/04 16:21:04.974, 1, 4359 MiB, 15360 MiB, 80 %\n"}
,{"stream_name":"stdout","time":27217.795299538,"data":"  round 22 client p049: {\"ce_t\": 0.0122, \"ce_s\": 0.0177, \"kl_t\": 0.0141, \"kl_s\": 0.0094, \"hid\": 0.0056, \"loss\": 0.7398, \"train_acc_t\": 0.9998, \"train_acc_s\": 0.9978, \"steps\": 635, \"teacher_test_acc\": 0.12, \"teacher_test_loss\": 5.4037, \"teacher_test_macro_f1\": 0.0214, \"gpu\": 0, \"peak_alloc_gb\": 3.3272, \"peak_reserved_gb\": 4.1133}\n"}
,{"stream_name":"stdout","time":27261.532651734,"data":"VRAM 2026/10/04 16:22:04.982, 0, 4367 MiB, 15360 MiB, 70 %\n"}
,{"stream_name":"stdout","time":27261.533286709,"data":"VRAM 2026/10/04 16:22:04.983, 1, 4359 MiB, 15360 MiB, 80 %\n"}
,{"stream_name":"stdout","time":27273.829903536,"data":"  round 22 client p050: {\"ce_t\": 0.0428, \"ce_s\": 0.068, \"kl_t\": 0.0503, \"kl_s\": 0.0385, \"hid\": 0.0116, \"loss\": 0.8346, \"train_acc_t\": 0.9975, \"train_acc_s\": 0.9853, \"steps\": 495, \"teacher_test_acc\": 0.106, \"teacher_test_loss\": 2.8375, \"teacher_test_macro_f1\": 0.0549, \"gpu\": 1, \"peak_alloc_gb\": 3.3172, \"peak_reserved_gb\": 4.1152}\n"}
,{"stream_name":"stdout","time":27321.54565643,"data":"VRAM 2026/10/04 16:23:04.992, 0, 4367 MiB, 15360 MiB, 89 %\n"}
,{"stream_name":"stdout","time":27321.546046595,"data":"VRAM 2026/10/04 16:23:04.993, 1, 4359 MiB, 15360 MiB, 86 %\n"}
,{"stream_name":"stdout","time":27331.952820124,"data":"  round 22 client p051: {\"ce_t\": 0.0295, \"ce_s\": 0.0495, \"kl_t\": 0.0329, \"kl_s\": 0.0299, \"hid\": 0.0095, \"loss\": 0.8012, \"train_acc_t\": 0.9985, \"train_acc_s\": 0.9907, \"steps\": 575, \"teacher_test_acc\": 0.126, \"teacher_test_loss\": 3.4991, \"teacher_test_macro_f1\": 0.0938, \"gpu\": 0, \"peak_alloc_gb\": 3.3177, \"peak_reserved_gb\": 4.1133}\n"}
,{"stream_name":"stdout","time":27367.43749544,"data":"  round 22 client p052: {\"ce_t\": 0.0256, \"ce_s\": 0.0463, \"kl_t\": 0.0383, \"kl_s\": 0.0277, \"hid\": 0.009, \"loss\": 0.7875, \"train_acc_t\": 0.9981, \"train_acc_s\": 0.9914, \"steps\": 465, \"teacher_test_acc\": 0.208, \"teacher_test_loss\": 3.7162, \"teacher_test_macro_f1\": 0.1438, \"gpu\": 1, \"peak_alloc_gb\": 3.3124, \"peak_reserved_gb\": 4.1152}\n"}
,{"stream_name":"stdout","time":27381.55955163,"data":"VRAM 2026/10/04 16:24:05.005, 0, 4367 MiB, 15360 MiB, 85 %\n"}
,{"stream_name":"stdout","time":27381.559894048,"data":"VRAM 2026/10/04 16:24:05.008, 1, 4359 MiB, 15360 MiB, 88 %\n"}
,{"stream_name":"stdout","time":27432.317825779,"data":"  round 22 client p056: {\"ce_t\": 0.03, \"ce_s\": 0.0514, \"kl_t\": 0.038, \"kl_s\": 0.0326, \"hid\": 0.01, \"loss\": 0.7973, \"train_acc_t\": 0.999, \"train_acc_s\": 0.9912, \"steps\": 500, \"teacher_test_acc\": 0.176, \"teacher_test_loss\": 3.5968, \"teacher_test_macro_f1\": 0.0981, \"gpu\": 0, \"peak_alloc_gb\": 3.3209, \"peak_reserved_gb\": 4.1133}\n"}
,{"stream_name":"stdout","time":27441.568214535,"data":"VRAM 2026/10/04 16:25:05.018, 0, 4367 MiB, 15360 MiB, 0 %\n"}
,{"stream_name":"stdout","time":27441.569785743,"data":"VRAM 2026/10/04 16:25:05.020, 1, 4359 MiB, 15360 MiB, 96 %\n"}
,{"stream_name":"stdout","time":27466.617060111,"data":"  round 22 client p061: {\"ce_t\": 0.0277, \"ce_s\": 0.0353, \"kl_t\": 0.031, \"kl_s\": 0.0264, \"hid\": 0.0104, \"loss\": 0.8533, \"train_acc_t\": 0.998, \"train_acc_s\": 0.9946, \"steps\": 510, \"teacher_test_acc\": 0.272, \"teacher_test_loss\": 3.1196, \"teacher_test_macro_f1\": 0.2008, \"gpu\": 1, \"peak_alloc_gb\": 3.3061, \"peak_reserved_gb\": 4.1152}\n"}
,{"stream_name":"stdout","time":27473.857517103,"data":"ROUND 22/30: global student acc 0.4639 F1 0.4506 | mean teacher acc 0.1440 F1 0.0737 | 19.8 min\n"}
,{"stream_name":"stdout","time":27501.580434439,"data":"VRAM 2026/10/04 16:26:05.027, 0, 4367 MiB, 15360 MiB, 88 %\n"}
,{"stream_name":"stdout","time":27501.581756175,"data":"VRAM 2026/10/04 16:26:05.029, 1, 4359 MiB, 15360 MiB, 91 %\n"}
,{"stream_name":"stdout","time":27561.590659408,"data":"VRAM 2026/10/04 16:27:05.039, 0, 4367 MiB, 15360 MiB, 100 %\n"}
,{"stream_name":"stdout","time":27561.590692853,"data":"VRAM 2026/10/04 16:27:05.041, 1, 4359 MiB, 15360 MiB, 96 %\n"}
,{"stream_name":"stdout","time":27565.05611681,"data":"  round 23 client p002: {\"ce_t\": 0.0343, \"ce_s\": 0.0613, \"kl_t\": 0.0451, \"kl_s\": 0.0401, \"hid\": 0.0131, \"loss\": 0.9201, \"train_acc_t\": 0.9975, \"train_acc_s\": 0.9901, \"steps\": 455, \"teacher_test_acc\": 0.132, \"teacher_test_loss\": 3.1697, \"teacher_test_macro_f1\": 0.0546, \"gpu\": 0, \"peak_alloc_gb\": 3.3304, \"peak_reserved_gb\": 4.1133}\n"}
,{"stream_name":"stdout","time":27577.227140887,"data":"  round 23 client p012: {\"ce_t\": 0.0467, \"ce_s\": 0.0742, \"kl_t\": 0.0664, \"kl_s\": 0.0539, \"hid\": 0.0138, \"loss\": 0.8938, \"train_acc_t\": 0.9968, \"train_acc_s\": 0.984, \"steps\": 515, \"teacher_test_acc\": 0.064, \"teacher_test_loss\": 3.891, \"teacher_test_macro_f1\": 0.0488, \"gpu\": 1, \"peak_alloc_gb\": 3.3315, \"peak_reserved_gb\": 4.1152}\n"}
,{"stream_name":"stdout","time":27621.599241188,"data":"VRAM 2026/10/04 16:28:05.049, 0, 4367 MiB, 15360 MiB, 90 %\n"}
,{"stream_name":"stdout","time":27621.601266059,"data":"VRAM 2026/10/04 16:28:05.051, 1, 4359 MiB, 15360 MiB, 87 %\n"}
,{"stream_name":"stdout","time":27673.913531569,"data":"  round 23 client p014: {\"ce_t\": 0.0434, \"ce_s\": 0.0665, \"kl_t\": 0.0347, \"kl_s\": 0.0316, \"hid\": 0.0114, \"loss\": 0.8536, \"train_acc_t\": 0.9973, \"train_acc_s\": 0.9858, \"steps\": 550, \"teacher_test_acc\": 0.093, \"teacher_test_loss\": 3.7099, \"teacher_test_macro_f1\": 0.0279, \"gpu\": 0, \"peak_alloc_gb\": 3.3243, \"peak_reserved_gb\": 4.1133}\n"}
,{"stream_name":"stdout","time":27681.609799736,"data":"VRAM 2026/10/04 16:29:05.060, 0, 4367 MiB, 15360 MiB, 36 %\n"}
,{"stream_name":"stdout","time":27681.611114666,"data":"VRAM 2026/10/04 16:29:05.061, 1, 4359 MiB, 15360 MiB, 8 %\n"}
,{"stream_name":"stdout","time":27686.375378978,"data":"  round 23 client p015: {\"ce_t\": 0.0417, \"ce_s\": 0.0557, \"kl_t\": 0.0499, \"kl_s\": 0.0442, \"hid\": 0.0114, \"loss\": 0.8249, \"train_acc_t\": 0.9952, \"train_acc_s\": 0.992, \"steps\": 550, \"teacher_test_acc\": 0.077, \"teacher_test_loss\": 4.1356, \"teacher_test_macro_f1\": 0.0241, \"gpu\": 1, \"peak_alloc_gb\": 3.3205, \"peak_reserved_gb\": 4.1152}\n"}
,{"stream_name":"stdout","time":27741.619611527,"data":"VRAM 2026/10/04 16:30:05.069, 0, 4367 MiB, 15360 MiB, 92 %\n"}
,{"stream_name":"stdout","time":27741.626121967,"data":"VRAM 2026/10/04 16:30:05.071, 1, 4359 MiB, 15360 MiB, 96 %\n"}
,{"stream_name":"stdout","time":27801.635414219,"data":"VRAM 2026/10/04 16:31:05.083, 0, 4367 MiB, 15360 MiB, 100 %\n"}
,{"stream_name":"stdout","time":27801.636281211,"data":"VRAM 2026/10/04 16:31:05.085, 1, 4359 MiB, 15360 MiB, 73 %\n"}
,{"stream_name":"stdout","time":27805.760019135,"data":"  round 23 client p016: {\"ce_t\": 0.0189, \"ce_s\": 0.0246, \"kl_t\": 0.0142, \"kl_s\": 0.0123, \"hid\": 0.0059, \"loss\": 0.6857, \"train_acc_t\": 0.9983, \"train_acc_s\": 0.9967, \"steps\": 675, \"teacher_test_acc\": 0.107, \"teacher_test_loss\": 6.4023, \"teacher_test_macro_f1\": 0.0377, \"gpu\": 0, \"peak_alloc_gb\": 3.3367, \"peak_reserved_gb\": 4.1133}\n"}
,{"stream_name":"stdout","time":27836.700285808,"data":"  round 23 client p021: {\"ce_t\": 0.0592, \"ce_s\": 0.0619, \"kl_t\": 0.0389, \"kl_s\": 0.039, \"hid\": 0.0116, \"loss\": 0.7821, \"train_acc_t\": 0.9892, \"train_acc_s\": 0.9922, \"steps\": 775, \"teacher_test_acc\": 0.221, \"teacher_test_loss\": 3.3332, \"teacher_test_macro_f1\": 0.1405, \"gpu\": 1, \"peak_alloc_gb\": 3.3178, \"peak_reserved_gb\": 4.1152}\n"}
,{"stream_name":"stdout","time":27861.645041265,"data":"VRAM 2026/10/04 16:32:05.095, 0, 4367 MiB, 15360 MiB, 87 %\n"}
,{"stream_name":"stdout","time":27861.646577277,"data":"VRAM 2026/10/04 16:32:05.097, 1, 4359 MiB, 15360 MiB, 89 %\n"}
,{"stream_name":"stdout","time":27921.654543363,"data":"VRAM 2026/10/04 16:33:05.105, 0, 4367 MiB, 15360 MiB, 93 %\n"}
,{"stream_name":"stdout","time":27921.65640435,"data":"VRAM 2026/10/04 16:33:05.106, 1, 4359 MiB, 15360 MiB, 84 %\n"}
,{"stream_name":"stdout","time":27956.605864251,"data":"  round 23 client p022: {\"ce_t\": 0.0159, \"ce_s\": 0.0213, \"kl_t\": 0.0157, \"kl_s\": 0.0164, \"hid\": 0.0056, \"loss\": 0.6665, \"train_acc_t\": 0.9987, \"train_acc_s\": 0.9979, \"steps\": 775, \"teacher_test_acc\": 0.161, \"teacher_test_loss\": 3.2806, \"teacher_test_macro_f1\": 0.0869, \"gpu\": 0, \"peak_alloc_gb\": 3.3207, \"peak_reserved_gb\": 4.1133}\n"}
,{"stream_name":"stdout","time":27981.666952717,"data":"VRAM 2026/10/04 16:34:05.115, 0, 4367 MiB, 15360 MiB, 56 %\n"}
,{"stream_name":"stdout","time":27981.667405911,"data":"VRAM 2026/10/04 16:34:05.117, 1, 4359 MiB, 15360 MiB, 62 %\n"}
,{"stream_name":"stdout","time":27986.470424205,"data":"  round 23 client p024: {\"ce_t\": 0.0223, \"ce_s\": 0.03, \"kl_t\": 0.027, \"kl_s\": 0.0224, \"hid\": 0.0077, \"loss\": 0.7566, \"train_acc_t\": 0.9989, \"train_acc_s\": 0.9958, \"steps\": 770, \"teacher_test_acc\": 0.114, \"teacher_test_loss\": 3.6954, \"teacher_test_macro_f1\": 0.0572, \"gpu\": 1, \"peak_alloc_gb\": 3.3221, \"peak_reserved_gb\": 4.1152}\n"}
,{"stream_name":"stdout","time":28041.676057937,"data":"VRAM 2026/10/04 16:35:05.126, 0, 4367 MiB, 15360 MiB, 54 %\n"}
,{"stream_name":"stdout","time":28041.679486211,"data":"VRAM 2026/10/04 16:35:05.128, 1, 4359 MiB, 15360 MiB, 25 %\n"}
,{"stream_name":"stdout","time":28090.343794421,"data":"  round 23 client p035: {\"ce_t\": 0.0219, \"ce_s\": 0.0294, \"kl_t\": 0.0197, \"kl_s\": 0.0192, \"hid\": 0.0084, \"loss\": 0.7732, \"train_acc_t\": 0.9993, \"train_acc_s\": 0.9967, \"steps\": 530, \"teacher_test_acc\": 0.097, \"teacher_test_loss\": 2.8856, \"teacher_test_macro_f1\": 0.0527, \"gpu\": 1, \"peak_alloc_gb\": 3.3096, \"peak_reserved_gb\": 4.1152}\n"}
,{"stream_name":"stdout","time":28101.689731265,"data":"VRAM 2026/10/04 16:36:05.138, 0, 4367 MiB, 15360 MiB, 0 %\n"}
,{"stream_name":"stdout","time":28101.690041039,"data":"VRAM 2026/10/04 16:36:05.139, 1, 4359 MiB, 15360 MiB, 95 %\n"}
,{"stream_name":"stdout","time":28102.932252961,"data":"  round 23 client p026: {\"ce_t\": 0.0243, \"ce_s\": 0.0361, \"kl_t\": 0.027, \"kl_s\": 0.0199, \"hid\": 0.0075, \"loss\": 0.7056, \"train_acc_t\": 0.9995, \"train_acc_s\": 0.9946, \"steps\": 750, \"teacher_test_acc\": 0.095, \"teacher_test_loss\": 5.7482, \"teacher_test_macro_f1\": 0.0209, \"gpu\": 0, \"peak_alloc_gb\": 3.3234, \"peak_reserved_gb\": 4.1133}\n"}
,{"stream_name":"stdout","time":28161.699633492,"data":"VRAM 2026/10/04 16:37:05.149, 0, 4367 MiB, 15360 MiB, 86 %\n"}
,{"stream_name":"stdout","time":28161.702401023,"data":"VRAM 2026/10/04 16:37:05.152, 1, 4359 MiB, 15360 MiB, 87 %\n"}
,{"stream_name":"stdout","time":28173.95005761,"data":"  round 23 client p039: {\"ce_t\": 0.0387, \"ce_s\": 0.0389, \"kl_t\": 0.0374, \"kl_s\": 0.0372, \"hid\": 0.0137, \"loss\": 0.9658, \"train_acc_t\": 0.9957, \"train_acc_s\": 0.9948, \"steps\": 410, \"teacher_test_acc\": 0.134, \"teacher_test_loss\": 3.415, \"teacher_test_macro_f1\": 0.1129, \"gpu\": 1, \"peak_alloc_gb\": 3.3214, \"peak_reserved_gb\": 4.1152}\n"}
,{"stream_name":"stdout","time":28181.227874058,"data":"  round 23 client p041: {\"ce_t\": 0.0223, \"ce_s\": 0.0361, \"kl_t\": 0.0283, \"kl_s\": 0.0221, \"hid\": 0.0101, \"loss\": 0.8873, \"train_acc_t\": 0.9997, \"train_acc_s\": 0.994, \"steps\": 380, \"teacher_test_acc\": 0.127, \"teacher_test_loss\": 2.6316, \"teacher_test_macro_f1\": 0.0898, \"gpu\": 0, \"peak_alloc_gb\": 3.3343, \"peak_reserved_gb\": 4.1133}\n"}
,{"stream_name":"stdout","time":28221.714409191,"data":"VRAM 2026/10/04 16:38:05.161, 0, 4367 MiB, 15360 MiB, 85 %\n"}
,{"stream_name":"stdout","time":28221.716191714,"data":"VRAM 2026/10/04 16:38:05.164, 1, 4359 MiB, 15360 MiB, 88 %\n"}
,{"stream_name":"stdout","time":28250.173329007,"data":"  round 23 client p042: {\"ce_t\": 0.0198, \"ce_s\": 0.0318, \"kl_t\": 0.0301, \"kl_s\": 0.0224, \"hid\": 0.0086, \"loss\": 0.804, \"train_acc_t\": 0.9997, \"train_acc_s\": 0.9946, \"steps\": 370, \"teacher_test_acc\": 0.155, \"teacher_test_loss\": 2.3834, \"teacher_test_macro_f1\": 0.101, \"gpu\": 1, \"peak_alloc_gb\": 3.3389, \"peak_reserved_gb\": 4.1152}\n"}
,{"stream_name":"stdout","time":28272.950066758,"data":"  round 23 client p045: {\"ce_t\": 0.0349, \"ce_s\": 0.0294, \"kl_t\": 0.0219, \"kl_s\": 0.0274, \"hid\": 0.0113, \"loss\": 0.8853, \"train_acc_t\": 0.9956, \"train_acc_s\": 0.9967, \"steps\": 455, \"teacher_test_acc\": 0.113, \"teacher_test_loss\": 3.0909, \"teacher_test_macro_f1\": 0.0411, \"gpu\": 0, \"peak_alloc_gb\": 3.3299, \"peak_reserved_gb\": 4.1133}\n"}
,{"stream_name":"stdout","time":28281.726176558,"data":"VRAM 2026/10/04 16:39:05.175, 0, 4367 MiB, 15360 MiB, 79 %\n"}
,{"stream_name":"stdout","time":28281.726216905,"data":"VRAM 2026/10/04 16:39:05.176, 1, 4359 MiB, 15360 MiB, 82 %\n"}
,{"stream_name":"stdout","time":28341.735719836,"data":"VRAM 2026/10/04 16:40:05.185, 0, 4367 MiB, 15360 MiB, 91 %\n"}
,{"stream_name":"stdout","time":28341.737628079,"data":"VRAM 2026/10/04 16:40:05.187, 1, 4359 MiB, 15360 MiB, 88 %\n"}
,{"stream_name":"stdout","time":28354.195962954,"data":"  round 23 client p047: {\"ce_t\": 0.0457, \"ce_s\": 0.0834, \"kl_t\": 0.0526, \"kl_s\": 0.0507, \"hid\": 0.0107, \"loss\": 0.7742, \"train_acc_t\": 0.995, \"train_acc_s\": 0.9842, \"steps\": 525, \"teacher_test_acc\": 0.194, \"teacher_test_loss\": 2.8433, \"teacher_test_macro_f1\": 0.1464, \"gpu\": 1, \"peak_alloc_gb\": 3.3214, \"peak_reserved_gb\": 4.1152}\n"}
,{"stream_name":"stdout","time":28396.635006913,"data":"  round 23 client p049: {\"ce_t\": 0.0162, \"ce_s\": 0.0217, \"kl_t\": 0.0189, \"kl_s\": 0.0155, \"hid\": 0.0054, \"loss\": 0.7072, \"train_acc_t\": 0.9992, \"train_acc_s\": 0.9968, \"steps\": 635, \"teacher_test_acc\": 0.113, \"teacher_test_loss\": 5.2261, \"teacher_test_macro_f1\": 0.0205, \"gpu\": 0, \"peak_alloc_gb\": 3.3299, \"peak_reserved_gb\": 4.1133}\n"}
,{"stream_name":"stdout","time":28401.747472309,"data":"VRAM 2026/10/04 16:41:05.196, 0, 4367 MiB, 15360 MiB, 96 %\n"}
,{"stream_name":"stdout","time":28401.748699139,"data":"VRAM 2026/10/04 16:41:05.199, 1, 4359 MiB, 15360 MiB, 96 %\n"}
,{"stream_name":"stdout","time":28450.962463116,"data":"  round 23 client p050: {\"ce_t\": 0.0383, \"ce_s\": 0.0612, \"kl_t\": 0.0403, \"kl_s\": 0.0324, \"hid\": 0.0103, \"loss\": 0.7996, \"train_acc_t\": 0.9982, \"train_acc_s\": 0.9871, \"steps\": 495, \"teacher_test_acc\": 0.109, \"teacher_test_loss\": 2.8505, \"teacher_test_macro_f1\": 0.0198, \"gpu\": 1, \"peak_alloc_gb\": 3.3211, \"peak_reserved_gb\": 4.1152}\n"}
,{"stream_name":"stdout","time":28461.757312067,"data":"VRAM 2026/10/04 16:42:05.207, 0, 4367 MiB, 15360 MiB, 87 %\n"}
,{"stream_name":"stdout","time":28461.759481369,"data":"VRAM 2026/10/04 16:42:05.209, 1, 4359 MiB, 15360 MiB, 90 %\n"}
,{"stream_name":"stdout","time":28509.403266028,"data":"  round 23 client p051: {\"ce_t\": 0.0365, \"ce_s\": 0.0669, \"kl_t\": 0.0451, \"kl_s\": 0.0432, \"hid\": 0.0117, \"loss\": 0.7873, \"train_acc_t\": 0.9976, \"train_acc_s\": 0.9878, \"steps\": 575, \"teacher_test_acc\": 0.108, \"teacher_test_loss\": 5.2499, \"teacher_test_macro_f1\": 0.0518, \"gpu\": 0, \"peak_alloc_gb\": 3.3167, \"peak_reserved_gb\": 4.1133}\n"}
,{"stream_name":"stdout","time":28521.767602724,"data":"VRAM 2026/10/04 16:43:05.218, 0, 4367 MiB, 15360 MiB, 85 %\n"}
,{"stream_name":"stdout","time":28521.769236772,"data":"VRAM 2026/10/04 16:43:05.219, 1, 4359 MiB, 15360 MiB, 88 %\n"}
,{"stream_name":"stdout","time":28544.537278423,"data":"  round 23 client p052: {\"ce_t\": 0.0208, \"ce_s\": 0.033, \"kl_t\": 0.0209, \"kl_s\": 0.0165, \"hid\": 0.0072, \"loss\": 0.7183, \"train_acc_t\": 0.9978, \"train_acc_s\": 0.9938, \"steps\": 465, \"teacher_test_acc\": 0.228, \"teacher_test_loss\": 3.1772, \"teacher_test_macro_f1\": 0.1883, \"gpu\": 1, \"peak_alloc_gb\": 3.3157, \"peak_reserved_gb\": 4.1152}\n"}
,{"stream_name":"stdout","time":28581.777774456,"data":"VRAM 2026/10/04 16:44:05.227, 0, 4367 MiB, 15360 MiB, 90 %\n"}
,{"stream_name":"stdout","time":28581.779209264,"data":"VRAM 2026/10/04 16:44:05.230, 1, 4359 MiB, 15360 MiB, 88 %\n"}
,{"stream_name":"stdout","time":28608.916119461,"data":"  round 23 client p056: {\"ce_t\": 0.0467, \"ce_s\": 0.0898, \"kl_t\": 0.0673, \"kl_s\": 0.0577, \"hid\": 0.0143, \"loss\": 0.894, \"train_acc_t\": 0.9975, \"train_acc_s\": 0.9829, \"steps\": 500, \"teacher_test_acc\": 0.149, \"teacher_test_loss\": 2.7301, \"teacher_test_macro_f1\": 0.0855, \"gpu\": 0, \"peak_alloc_gb\": 3.3266, \"peak_reserved_gb\": 4.1133}\n"}
,{"stream_name":"stdout","time":28641.787113217,"data":"VRAM 2026/10/04 16:45:05.238, 0, 4367 MiB, 15360 MiB, 0 %\n"}
,{"stream_name":"stdout","time":28641.788535741,"data":"VRAM 2026/10/04 16:45:05.239, 1, 4359 MiB, 15360 MiB, 100 %\n"}
,{"stream_name":"stdout","time":28642.95705733,"data":"  round 23 client p061: {\"ce_t\": 0.0252, \"ce_s\": 0.0405, \"kl_t\": 0.0319, \"kl_s\": 0.0244, \"hid\": 0.0107, \"loss\": 0.8328, \"train_acc_t\": 0.9995, \"train_acc_s\": 0.9938, \"steps\": 510, \"teacher_test_acc\": 0.241, \"teacher_test_loss\": 3.909, \"teacher_test_macro_f1\": 0.1654, \"gpu\": 1, \"peak_alloc_gb\": 3.3156, \"peak_reserved_gb\": 4.1152}\n"}
,{"stream_name":"stdout","time":28650.199956585,"data":"ROUND 23/30: global student acc 0.4595 F1 0.4562 | mean teacher acc 0.1349 F1 0.0749 | 19.6 min\n"}
,{"stream_name":"stdout","time":28701.798437865,"data":"VRAM 2026/10/04 16:46:05.247, 0, 4367 MiB, 15360 MiB, 94 %\n"}
,{"stream_name":"stdout","time":28701.800611652,"data":"VRAM 2026/10/04 16:46:05.250, 1, 4359 MiB, 15360 MiB, 95 %\n"}
,{"stream_name":"stdout","time":28738.742823268,"data":"  round 24 client p002: {\"ce_t\": 0.036, \"ce_s\": 0.033, \"kl_t\": 0.0281, \"kl_s\": 0.0333, \"hid\": 0.0129, \"loss\": 0.9218, \"train_acc_t\": 0.9959, \"train_acc_s\": 0.9967, \"steps\": 455, \"teacher_test_acc\": 0.135, \"teacher_test_loss\": 3.9409, \"teacher_test_macro_f1\": 0.0435, \"gpu\": 0, \"peak_alloc_gb\": 3.3399, \"peak_reserved_gb\": 4.1133}\n"}
,{"stream_name":"stdout","time":28751.468623912,"data":"  round 24 client p012: {\"ce_t\": 0.0563, \"ce_s\": 0.0715, \"kl_t\": 0.0535, \"kl_s\": 0.0463, \"hid\": 0.0123, \"loss\": 0.8203, \"train_acc_t\": 0.9937, \"train_acc_s\": 0.9876, \"steps\": 515, \"teacher_test_acc\": 0.139, \"teacher_test_loss\": 4.2883, \"teacher_test_macro_f1\": 0.0637, \"gpu\": 1, \"peak_alloc_gb\": 3.3305, \"peak_reserved_gb\": 4.1152}\n"}
,{"stream_name":"stdout","time":28761.808206292,"data":"VRAM 2026/10/04 16:47:05.258, 0, 4367 MiB, 15360 MiB, 87 %\n"}
,{"stream_name":"stdout","time":28761.809860719,"data":"VRAM 2026/10/04 16:47:05.260, 1, 4359 MiB, 15360 MiB, 93 %\n"}
,{"stream_name":"stdout","time":28821.818641826,"data":"VRAM 2026/10/04 16:48:05.268, 0, 4367 MiB, 15360 MiB, 91 %\n"}
,{"stream_name":"stdout","time":28821.82184766,"data":"VRAM 2026/10/04 16:48:05.270, 1, 4359 MiB, 15360 MiB, 89 %\n"}
,{"stream_name":"stdout","time":28846.583264706,"data":"  round 24 client p014: {\"ce_t\": 0.0412, \"ce_s\": 0.0656, \"kl_t\": 0.0379, \"kl_s\": 0.0341, \"hid\": 0.0113, \"loss\": 0.8486, \"train_acc_t\": 0.9961, \"train_acc_s\": 0.987, \"steps\": 550, \"teacher_test_acc\": 0.094, \"teacher_test_loss\": 3.555, \"teacher_test_macro_f1\": 0.0283, \"gpu\": 0, \"peak_alloc_gb\": 3.3241, \"peak_reserved_gb\": 4.1133}\n"}
,{"stream_name":"stdout","time":28858.980815692,"data":"  round 24 client p015: {\"ce_t\": 0.0326, \"ce_s\": 0.0441, \"kl_t\": 0.0401, \"kl_s\": 0.0318, \"hid\": 0.0105, \"loss\": 0.8026, \"train_acc_t\": 0.9979, \"train_acc_s\": 0.9925, \"steps\": 550, \"teacher_test_acc\": 0.12, \"teacher_test_loss\": 4.0389, \"teacher_test_macro_f1\": 0.0485, \"gpu\": 1, \"peak_alloc_gb\": 3.3216, \"peak_reserved_gb\": 4.1152}\n"}
,{"stream_name":"stdout","time":28881.830373397,"data":"VRAM 2026/10/04 16:49:05.280, 0, 4367 MiB, 15360 MiB, 90 %\n"}
,{"stream_name":"stdout","time":28881.83245379,"data":"VRAM 2026/10/04 16:49:05.282, 1, 4359 MiB, 15360 MiB, 88 %\n"}
,{"stream_name":"stdout","time":28941.843124584,"data":"VRAM 2026/10/04 16:50:05.291, 0, 4367 MiB, 15360 MiB, 85 %\n"}
,{"stream_name":"stdout","time":28941.843429011,"data":"VRAM 2026/10/04 16:50:05.293, 1, 4359 MiB, 15360 MiB, 85 %\n"}
,{"stream_name":"stdout","time":28978.150644712,"data":"  round 24 client p016: {\"ce_t\": 0.0348, \"ce_s\": 0.0353, \"kl_t\": 0.028, \"kl_s\": 0.03, \"hid\": 0.0073, \"loss\": 0.6772, \"train_acc_t\": 0.9957, \"train_acc_s\": 0.9954, \"steps\": 675, \"teacher_test_acc\": 0.112, \"teacher_test_loss\": 5.1492, \"teacher_test_macro_f1\": 0.0357, \"gpu\": 0, \"peak_alloc_gb\": 3.3432, \"peak_reserved_gb\": 4.1133}\n"}
,{"stream_name":"stdout","time":29001.85141365,"data":"VRAM 2026/10/04 16:51:05.301, 0, 4367 MiB, 15360 MiB, 94 %\n"}
,{"stream_name":"stdout","time":29001.852782933,"data":"VRAM 2026/10/04 16:51:05.303, 1, 4359 MiB, 15360 MiB, 95 %\n"}
,{"stream_name":"stdout","time":29008.498177194,"data":"  round 24 client p021: {\"ce_t\": 0.0495, \"ce_s\": 0.0637, \"kl_t\": 0.0394, \"kl_s\": 0.0399, \"hid\": 0.0107, \"loss\": 0.8108, \"train_acc_t\": 0.996, \"train_acc_s\": 0.9901, \"steps\": 775, \"teacher_test_acc\": 0.225, \"teacher_test_loss\": 2.7764, \"teacher_test_macro_f1\": 0.1572, \"gpu\": 1, \"peak_alloc_gb\": 3.3301, \"peak_reserved_gb\": 4.1152}\n"}
,{"stream_name":"stdout","time":29061.861539453,"data":"VRAM 2026/10/04 16:52:05.311, 0, 4367 MiB, 15360 MiB, 85 %\n"}
,{"stream_name":"stdout","time":29061.863382297,"data":"VRAM 2026/10/04 16:52:05.313, 1, 4359 MiB, 15360 MiB, 81 %\n"}
,{"stream_name":"stdout","time":29121.872858023,"data":"VRAM 2026/10/04 16:53:05.321, 0, 4367 MiB, 15360 MiB, 0 %\n"}
,{"stream_name":"stdout","time":29121.87292925,"data":"VRAM 2026/10/04 16:53:05.323, 1, 4359 MiB, 15360 MiB, 76 %\n"}
,{"stream_name":"stdout","time":29126.872573886,"data":"  round 24 client p022: {\"ce_t\": 0.0081, \"ce_s\": 0.0129, \"kl_t\": 0.0085, \"kl_s\": 0.0057, \"hid\": 0.0033, \"loss\": 0.6079, \"train_acc_t\": 1.0, \"train_acc_s\": 0.9985, \"steps\": 775, \"teacher_test_acc\": 0.159, \"teacher_test_loss\": 3.5586, \"teacher_test_macro_f1\": 0.0875, \"gpu\": 0, \"peak_alloc_gb\": 3.3217, \"peak_reserved_gb\": 4.1133}\n"}
,{"stream_name":"stdout","time":29156.575673186,"data":"  round 24 client p024: {\"ce_t\": 0.0215, \"ce_s\": 0.0328, \"kl_t\": 0.0298, \"kl_s\": 0.0241, \"hid\": 0.0078, \"loss\": 0.7732, \"train_acc_t\": 0.999, \"train_acc_s\": 0.9948, \"steps\": 770, \"teacher_test_acc\": 0.135, \"teacher_test_loss\": 3.6735, \"teacher_test_macro_f1\": 0.0717, \"gpu\": 1, \"peak_alloc_gb\": 3.3212, \"peak_reserved_gb\": 4.1152}\n"}
,{"stream_name":"stdout","time":29181.882490306,"data":"VRAM 2026/10/04 16:54:05.331, 0, 4367 MiB, 15360 MiB, 94 %\n"}
,{"stream_name":"stdout","time":29181.884217,"data":"VRAM 2026/10/04 16:54:05.334, 1, 4359 MiB, 15360 MiB, 90 %\n"}
,{"stream_name":"stdout","time":29241.892573028,"data":"VRAM 2026/10/04 16:55:05.343, 0, 4367 MiB, 15360 MiB, 92 %\n"}
,{"stream_name":"stdout","time":29241.894389463,"data":"VRAM 2026/10/04 16:55:05.344, 1, 4359 MiB, 15360 MiB, 90 %\n"}
,{"stream_name":"stdout","time":29261.316404553,"data":"  round 24 client p035: {\"ce_t\": 0.0152, \"ce_s\": 0.0206, \"kl_t\": 0.0114, \"kl_s\": 0.0097, \"hid\": 0.006, \"loss\": 0.6981, \"train_acc_t\": 0.9998, \"train_acc_s\": 0.9965, \"steps\": 530, \"teacher_test_acc\": 0.113, \"teacher_test_loss\": 3.6748, \"teacher_test_macro_f1\": 0.0627, \"gpu\": 1, \"peak_alloc_gb\": 3.3047, \"peak_reserved_gb\": 4.1152}\n"}
,{"stream_name":"stdout","time":29273.316818834,"data":"  round 24 client p026: {\"ce_t\": 0.031, \"ce_s\": 0.0333, \"kl_t\": 0.0313, \"kl_s\": 0.0277, \"hid\": 0.0089, \"loss\": 0.7764, \"train_acc_t\": 0.9968, \"train_acc_s\": 0.995, \"steps\": 750, \"teacher_test_acc\": 0.094, \"teacher_test_loss\": 3.9021, \"teacher_test_macro_f1\": 0.0191, \"gpu\": 0, \"peak_alloc_gb\": 3.3209, \"peak_reserved_gb\": 4.1133}\n"}
,{"stream_name":"stdout","time":29301.904399288,"data":"VRAM 2026/10/04 16:56:05.352, 0, 4367 MiB, 15360 MiB, 91 %\n"}
,{"stream_name":"stdout","time":29301.904769494,"data":"VRAM 2026/10/04 16:56:05.355, 1, 4359 MiB, 15360 MiB, 91 %\n"}
,{"stream_name":"stdout","time":29343.938418831,"data":"  round 24 client p039: {\"ce_t\": 0.034, \"ce_s\": 0.0419, \"kl_t\": 0.0329, \"kl_s\": 0.0302, \"hid\": 0.0144, \"loss\": 0.9697, \"train_acc_t\": 0.9975, \"train_acc_s\": 0.9957, \"steps\": 410, \"teacher_test_acc\": 0.087, \"teacher_test_loss\": 4.1136, \"teacher_test_macro_f1\": 0.0554, \"gpu\": 1, \"peak_alloc_gb\": 3.3244, \"peak_reserved_gb\": 4.1152}\n"}
,{"stream_name":"stdout","time":29350.874495948,"data":"  round 24 client p041: {\"ce_t\": 0.0439, \"ce_s\": 0.0529, \"kl_t\": 0.0472, \"kl_s\": 0.0455, \"hid\": 0.0156, \"loss\": 0.9414, \"train_acc_t\": 0.995, \"train_acc_s\": 0.9901, \"steps\": 380, \"teacher_test_acc\": 0.134, \"teacher_test_loss\": 2.4683, \"teacher_test_macro_f1\": 0.1015, \"gpu\": 0, \"peak_alloc_gb\": 3.3387, \"peak_reserved_gb\": 4.1133}\n"}
,{"stream_name":"stdout","time":29361.916125766,"data":"VRAM 2026/10/04 16:57:05.363, 0, 4367 MiB, 15360 MiB, 88 %\n"}
,{"stream_name":"stdout","time":29361.916952559,"data":"VRAM 2026/10/04 16:57:05.367, 1, 4359 MiB, 15360 MiB, 93 %\n"}
,{"stream_name":"stdout","time":29419.917269646,"data":"  round 24 client p042: {\"ce_t\": 0.0141, \"ce_s\": 0.0172, \"kl_t\": 0.0131, \"kl_s\": 0.0106, \"hid\": 0.006, \"loss\": 0.7221, \"train_acc_t\": 1.0, \"train_acc_s\": 0.9976, \"steps\": 370, \"teacher_test_acc\": 0.172, \"teacher_test_loss\": 2.4195, \"teacher_test_macro_f1\": 0.1183, \"gpu\": 1, \"peak_alloc_gb\": 3.3294, \"peak_reserved_gb\": 4.1152}\n"}
,{"stream_name":"stdout","time":29421.925954342,"data":"VRAM 2026/10/04 16:58:05.375, 0, 4367 MiB, 15360 MiB, 19 %\n"}
,{"stream_name":"stdout","time":29421.926246625,"data":"VRAM 2026/10/04 16:58:05.376, 1, 4359 MiB, 15360 MiB, 2 %\n"}
,{"stream_name":"stdout","time":29442.057466384,"data":"  round 24 client p045: {\"ce_t\": 0.0202, \"ce_s\": 0.0247, \"kl_t\": 0.013, \"kl_s\": 0.0108, \"hid\": 0.0075, \"loss\": 0.7524, \"train_acc_t\": 0.9992, \"train_acc_s\": 0.9967, \"steps\": 455, \"teacher_test_acc\": 0.099, \"teacher_test_loss\": 3.5382, \"teacher_test_macro_f1\": 0.022, \"gpu\": 0, \"peak_alloc_gb\": 3.3224, \"peak_reserved_gb\": 4.1133}\n"}
,{"stream_name":"stdout","time":29481.933620356,"data":"VRAM 2026/10/04 16:59:05.384, 0, 4367 MiB, 15360 MiB, 85 %\n"}
,{"stream_name":"stdout","time":29481.935076661,"data":"VRAM 2026/10/04 16:59:05.385, 1, 4359 MiB, 15360 MiB, 89 %\n"}
,{"stream_name":"stdout","time":29523.402396306,"data":"  round 24 client p047: {\"ce_t\": 0.0445, \"ce_s\": 0.0719, \"kl_t\": 0.0423, \"kl_s\": 0.0411, \"hid\": 0.0109, \"loss\": 0.7881, \"train_acc_t\": 0.9962, \"train_acc_s\": 0.9861, \"steps\": 525, \"teacher_test_acc\": 0.177, \"teacher_test_loss\": 2.7618, \"teacher_test_macro_f1\": 0.1086, \"gpu\": 1, \"peak_alloc_gb\": 3.3168, \"peak_reserved_gb\": 4.1152}\n"}
,{"stream_name":"stdout","time":29541.944895645,"data":"VRAM 2026/10/04 17:00:05.393, 0, 4367 MiB, 15360 MiB, 88 %\n"}
,{"stream_name":"stdout","time":29541.945235778,"data":"VRAM 2026/10/04 17:00:05.395, 1, 4359 MiB, 15360 MiB, 85 %\n"}
,{"stream_name":"stdout","time":29565.762787527,"data":"  round 24 client p049: {\"ce_t\": 0.0178, \"ce_s\": 0.0146, \"kl_t\": 0.0111, \"kl_s\": 0.0146, \"hid\": 0.0066, \"loss\": 0.8268, \"train_acc_t\": 0.9974, \"train_acc_s\": 0.9994, \"steps\": 635, \"teacher_test_acc\": 0.094, \"teacher_test_loss\": 4.7766, \"teacher_test_macro_f1\": 0.0377, \"gpu\": 0, \"peak_alloc_gb\": 3.3359, \"peak_reserved_gb\": 4.1133}\n"}
,{"stream_name":"stdout","time":29601.953284139,"data":"VRAM 2026/10/04 17:01:05.403, 0, 4367 MiB, 15360 MiB, 88 %\n"}
,{"stream_name":"stdout","time":29601.956382232,"data":"VRAM 2026/10/04 17:01:05.405, 1, 4359 MiB, 15360 MiB, 87 %\n"}
,{"stream_name":"stdout","time":29622.189908761,"data":"  round 24 client p050: {\"ce_t\": 0.0403, \"ce_s\": 0.0684, \"kl_t\": 0.0539, \"kl_s\": 0.0417, \"hid\": 0.0113, \"loss\": 0.8149, \"train_acc_t\": 0.9987, \"train_acc_s\": 0.9878, \"steps\": 495, \"teacher_test_acc\": 0.099, \"teacher_test_loss\": 2.6262, \"teacher_test_macro_f1\": 0.0443, \"gpu\": 1, \"peak_alloc_gb\": 3.3255, \"peak_reserved_gb\": 4.1152}\n"}
,{"stream_name":"stdout","time":29661.9631047,"data":"VRAM 2026/10/04 17:02:05.413, 0, 4367 MiB, 15360 MiB, 91 %\n"}
,{"stream_name":"stdout","time":29661.964495229,"data":"VRAM 2026/10/04 17:02:05.415, 1, 4359 MiB, 15360 MiB, 86 %\n"}
,{"stream_name":"stdout","time":29680.496113505,"data":"  round 24 client p051: {\"ce_t\": 0.0283, \"ce_s\": 0.042, \"kl_t\": 0.0295, \"kl_s\": 0.0237, \"hid\": 0.0086, \"loss\": 0.7819, \"train_acc_t\": 0.9978, \"train_acc_s\": 0.9928, \"steps\": 575, \"teacher_test_acc\": 0.124, \"teacher_test_loss\": 4.8598, \"teacher_test_macro_f1\": 0.0766, \"gpu\": 0, \"peak_alloc_gb\": 3.3203, \"peak_reserved_gb\": 4.1133}\n"}
,{"stream_name":"stdout","time":29716.683986912,"data":"  round 24 client p052: {\"ce_t\": 0.0185, \"ce_s\": 0.0287, \"kl_t\": 0.0205, \"kl_s\": 0.0169, \"hid\": 0.0064, \"loss\": 0.7303, \"train_acc_t\": 0.9976, \"train_acc_s\": 0.9949, \"steps\": 465, \"teacher_test_acc\": 0.268, \"teacher_test_loss\": 3.3945, \"teacher_test_macro_f1\": 0.1507, \"gpu\": 1, \"peak_alloc_gb\": 3.3129, \"peak_reserved_gb\": 4.1152}\n"}
,{"stream_name":"stdout","time":29721.973301756,"data":"VRAM 2026/10/04 17:03:05.422, 0, 4367 MiB, 15360 MiB, 85 %\n"}
,{"stream_name":"stdout","time":29721.977265383,"data":"VRAM 2026/10/04 17:03:05.425, 1, 4359 MiB, 15360 MiB, 78 %\n"}
,{"stream_name":"stdout","time":29780.599446577,"data":"  round 24 client p056: {\"ce_t\": 0.0388, \"ce_s\": 0.074, \"kl_t\": 0.0579, \"kl_s\": 0.0468, \"hid\": 0.0124, \"loss\": 0.8408, \"train_acc_t\": 0.9985, \"train_acc_s\": 0.9851, \"steps\": 500, \"teacher_test_acc\": 0.154, \"teacher_test_loss\": 2.8467, \"teacher_test_macro_f1\": 0.074, \"gpu\": 0, \"peak_alloc_gb\": 3.3256, \"peak_reserved_gb\": 4.1133}\n"}
,{"stream_name":"stdout","time":29781.984791489,"data":"VRAM 2026/10/04 17:04:05.435, 0, 4367 MiB, 15360 MiB, 0 %\n"}
,{"stream_name":"stdout","time":29781.986406257,"data":"VRAM 2026/10/04 17:04:05.437, 1, 4359 MiB, 15360 MiB, 90 %\n"}
,{"stream_name":"stdout","time":29815.736638723,"data":"  round 24 client p061: {\"ce_t\": 0.0251, \"ce_s\": 0.0451, \"kl_t\": 0.0401, \"kl_s\": 0.032, \"hid\": 0.0104, \"loss\": 0.8373, \"train_acc_t\": 0.9995, \"train_acc_s\": 0.9926, \"steps\": 510, \"teacher_test_acc\": 0.232, \"teacher_test_loss\": 4.2249, \"teacher_test_macro_f1\": 0.1838, \"gpu\": 1, \"peak_alloc_gb\": 3.3165, \"peak_reserved_gb\": 4.1152}\n"}
,{"stream_name":"stdout","time":29823.025924212,"data":"ROUND 24/30: global student acc 0.4699 F1 0.4608 | mean teacher acc 0.1412 F1 0.0758 | 19.5 min\n"}
,{"stream_name":"stdout","time":29841.995110772,"data":"VRAM 2026/10/04 17:05:05.445, 0, 4367 MiB, 15360 MiB, 88 %\n"}
,{"stream_name":"stdout","time":29841.996572861,"data":"VRAM 2026/10/04 17:05:05.447, 1, 4359 MiB, 15360 MiB, 91 %\n"}
,{"stream_name":"stdout","time":29902.005557006,"data":"VRAM 2026/10/04 17:06:05.455, 0, 4367 MiB, 15360 MiB, 91 %\n"}
,{"stream_name":"stdout","time":29902.006642375,"data":"VRAM 2026/10/04 17:06:05.457, 1, 4359 MiB, 15360 MiB, 86 %\n"}
,{"stream_name":"stdout","time":29914.132316787,"data":"  round 25 client p002: {\"ce_t\": 0.0169, \"ce_s\": 0.0268, \"kl_t\": 0.0196, \"kl_s\": 0.0162, \"hid\": 0.0086, \"loss\": 0.8316, \"train_acc_t\": 0.9994, \"train_acc_s\": 0.9961, \"steps\": 455, \"teacher_test_acc\": 0.131, \"teacher_test_loss\": 4.0611, \"teacher_test_macro_f1\": 0.0473, \"gpu\": 0, \"peak_alloc_gb\": 3.3379, \"peak_reserved_gb\": 4.1133}\n"}
,{"stream_name":"stdout","time":29926.97068089,"data":"  round 25 client p012: {\"ce_t\": 0.0437, \"ce_s\": 0.0641, \"kl_t\": 0.059, \"kl_s\": 0.0535, \"hid\": 0.0124, \"loss\": 0.8678, \"train_acc_t\": 0.9961, \"train_acc_s\": 0.9876, \"steps\": 515, \"teacher_test_acc\": 0.118, \"teacher_test_loss\": 4.3088, \"teacher_test_macro_f1\": 0.0597, \"gpu\": 1, \"peak_alloc_gb\": 3.3285, \"peak_reserved_gb\": 4.1152}\n"}
,{"stream_name":"stdout","time":29962.014771354,"data":"VRAM 2026/10/04 17:07:05.464, 0, 4367 MiB, 15360 MiB, 87 %\n"}
,{"stream_name":"stdout","time":29962.020153816,"data":"VRAM 2026/10/04 17:07:05.466, 1, 4359 MiB, 15360 MiB, 92 %\n"}
,{"stream_name":"stdout","time":30022.029381892,"data":"VRAM 2026/10/04 17:08:05.478, 0, 4367 MiB, 15360 MiB, 4 %\n"}
,{"stream_name":"stdout","time":30022.0294296,"data":"VRAM 2026/10/04 17:08:05.480, 1, 4359 MiB, 15360 MiB, 95 %\n"}
,{"stream_name":"stdout","time":30023.376083244,"data":"  round 25 client p014: {\"ce_t\": 0.0358, \"ce_s\": 0.0524, \"kl_t\": 0.0349, \"kl_s\": 0.0307, \"hid\": 0.0107, \"loss\": 0.878, \"train_acc_t\": 0.9963, \"train_acc_s\": 0.99, \"steps\": 550, \"teacher_test_acc\": 0.107, \"teacher_test_loss\": 4.4881, \"teacher_test_macro_f1\": 0.0496, \"gpu\": 0, \"peak_alloc_gb\": 3.3224, \"peak_reserved_gb\": 4.1133}\n"}
,{"stream_name":"stdout","time":30035.966922279,"data":"  round 25 client p015: {\"ce_t\": 0.0199, \"ce_s\": 0.0308, \"kl_t\": 0.0256, \"kl_s\": 0.0201, \"hid\": 0.0074, \"loss\": 0.7205, \"train_acc_t\": 0.9995, \"train_acc_s\": 0.9952, \"steps\": 550, \"teacher_test_acc\": 0.128, \"teacher_test_loss\": 4.5189, \"teacher_test_macro_f1\": 0.0349, \"gpu\": 1, \"peak_alloc_gb\": 3.3216, \"peak_reserved_gb\": 4.1152}\n"}
,{"stream_name":"stdout","time":30082.038757385,"data":"VRAM 2026/10/04 17:09:05.487, 0, 4367 MiB, 15360 MiB, 88 %\n"}
,{"stream_name":"stdout","time":30082.041633457,"data":"VRAM 2026/10/04 17:09:05.491, 1, 4359 MiB, 15360 MiB, 85 %\n"}
,{"stream_name":"stdout","time":30142.051674092,"data":"VRAM 2026/10/04 17:10:05.499, 0, 4367 MiB, 15360 MiB, 84 %\n"}
,{"stream_name":"stdout","time":30142.051718647,"data":"VRAM 2026/10/04 17:10:05.502, 1, 4359 MiB, 15360 MiB, 88 %\n"}
,{"stream_name":"stdout","time":30156.085845323,"data":"  round 25 client p016: {\"ce_t\": 0.0119, \"ce_s\": 0.0176, \"kl_t\": 0.0057, \"kl_s\": 0.0053, \"hid\": 0.0041, \"loss\": 0.6346, \"train_acc_t\": 0.9991, \"train_acc_s\": 0.9983, \"steps\": 675, \"teacher_test_acc\": 0.105, \"teacher_test_loss\": 5.5042, \"teacher_test_macro_f1\": 0.0313, \"gpu\": 0, \"peak_alloc_gb\": 3.3315, \"peak_reserved_gb\": 4.1133}\n"}
,{"stream_name":"stdout","time":30185.79128127,"data":"  round 25 client p021: {\"ce_t\": 0.0329, \"ce_s\": 0.0438, \"kl_t\": 0.0256, \"kl_s\": 0.0241, \"hid\": 0.0088, \"loss\": 0.6982, \"train_acc_t\": 0.9977, \"train_acc_s\": 0.9937, \"steps\": 775, \"teacher_test_acc\": 0.178, \"teacher_test_loss\": 3.34, \"teacher_test_macro_f1\": 0.1202, \"gpu\": 1, \"peak_alloc_gb\": 3.3274, \"peak_reserved_gb\": 4.1152}\n"}
,{"stream_name":"stdout","time":30202.06123885,"data":"VRAM 2026/10/04 17:11:05.510, 0, 4367 MiB, 15360 MiB, 89 %\n"}
,{"stream_name":"stdout","time":30202.061279134,"data":"VRAM 2026/10/04 17:11:05.512, 1, 4359 MiB, 15360 MiB, 89 %\n"}
,{"stream_name":"stdout","time":30262.069781995,"data":"VRAM 2026/10/04 17:12:05.519, 0, 4367 MiB, 15360 MiB, 92 %\n"}
,{"stream_name":"stdout","time":30262.071771948,"data":"VRAM 2026/10/04 17:12:05.522, 1, 4359 MiB, 15360 MiB, 82 %\n"}
,{"stream_name":"stdout","time":30304.756532115,"data":"  round 25 client p022: {\"ce_t\": 0.016, \"ce_s\": 0.0227, \"kl_t\": 0.0208, \"kl_s\": 0.0167, \"hid\": 0.0045, \"loss\": 0.6533, \"train_acc_t\": 0.9992, \"train_acc_s\": 0.9964, \"steps\": 775, \"teacher_test_acc\": 0.149, \"teacher_test_loss\": 3.2946, \"teacher_test_macro_f1\": 0.0893, \"gpu\": 0, \"peak_alloc_gb\": 3.3218, \"peak_reserved_gb\": 4.1133}\n"}
,{"stream_name":"stdout","time":30322.081573602,"data":"VRAM 2026/10/04 17:13:05.530, 0, 4367 MiB, 15360 MiB, 83 %\n"}
,{"stream_name":"stdout","time":30322.082066663,"data":"VRAM 2026/10/04 17:13:05.533, 1, 4359 MiB, 15360 MiB, 83 %\n"}
,{"stream_name":"stdout","time":30335.1936542,"data":"  round 25 client p024: {\"ce_t\": 0.0137, \"ce_s\": 0.0203, \"kl_t\": 0.0154, \"kl_s\": 0.0123, \"hid\": 0.0044, \"loss\": 0.62, \"train_acc_t\": 0.9995, \"train_acc_s\": 0.9967, \"steps\": 770, \"teacher_test_acc\": 0.16, \"teacher_test_loss\": 5.1165, \"teacher_test_macro_f1\": 0.0983, \"gpu\": 1, \"peak_alloc_gb\": 3.3173, \"peak_reserved_gb\": 4.1152}\n"}
,{"stream_name":"stdout","time":30382.090511144,"data":"VRAM 2026/10/04 17:14:05.540, 0, 4367 MiB, 15360 MiB, 89 %\n"}
,{"stream_name":"stdout","time":30382.093184212,"data":"VRAM 2026/10/04 17:14:05.542, 1, 4359 MiB, 15360 MiB, 86 %\n"}
,{"stream_name":"stdout","time":30439.215214427,"data":"  round 25 client p035: {\"ce_t\": 0.0171, \"ce_s\": 0.0237, \"kl_t\": 0.0162, \"kl_s\": 0.0139, \"hid\": 0.0064, \"loss\": 0.6806, \"train_acc_t\": 0.9995, \"train_acc_s\": 0.9969, \"steps\": 530, \"teacher_test_acc\": 0.082, \"teacher_test_loss\": 3.3956, \"teacher_test_macro_f1\": 0.0281, \"gpu\": 1, \"peak_alloc_gb\": 3.3078, \"peak_reserved_gb\": 4.1152}\n"}
,{"stream_name":"stdout","time":30442.104102429,"data":"VRAM 2026/10/04 17:15:05.552, 0, 4367 MiB, 15360 MiB, 97 %\n"}
,{"stream_name":"stdout","time":30442.105642309,"data":"VRAM 2026/10/04 17:15:05.556, 1, 4359 MiB, 15360 MiB, 93 %\n"}
,{"stream_name":"stdout","time":30452.93294226,"data":"  round 25 client p026: {\"ce_t\": 0.0299, \"ce_s\": 0.0341, \"kl_t\": 0.0295, \"kl_s\": 0.0279, \"hid\": 0.0081, \"loss\": 0.7004, \"train_acc_t\": 0.9978, \"train_acc_s\": 0.9955, \"steps\": 750, \"teacher_test_acc\": 0.094, \"teacher_test_loss\": 4.7112, \"teacher_test_macro_f1\": 0.0191, \"gpu\": 0, \"peak_alloc_gb\": 3.3235, \"peak_reserved_gb\": 4.1133}\n"}
,{"stream_name":"stdout","time":30502.117307523,"data":"VRAM 2026/10/04 17:16:05.564, 0, 4367 MiB, 15360 MiB, 89 %\n"}
,{"stream_name":"stdout","time":30502.117382836,"data":"VRAM 2026/10/04 17:16:05.566, 1, 4359 MiB, 15360 MiB, 86 %\n"}
,{"stream_name":"stdout","time":30521.929638132,"data":"  round 25 client p039: {\"ce_t\": 0.0298, \"ce_s\": 0.0337, \"kl_t\": 0.0268, \"kl_s\": 0.028, \"hid\": 0.0118, \"loss\": 0.9193, \"train_acc_t\": 0.9982, \"train_acc_s\": 0.996, \"steps\": 410, \"teacher_test_acc\": 0.125, \"teacher_test_loss\": 5.0157, \"teacher_test_macro_f1\": 0.0559, \"gpu\": 1, \"peak_alloc_gb\": 3.3198, \"peak_reserved_gb\": 4.1152}\n"}
,{"stream_name":"stdout","time":30531.548509832,"data":"  round 25 client p041: {\"ce_t\": 0.0169, \"ce_s\": 0.0255, \"kl_t\": 0.0176, \"kl_s\": 0.0158, \"hid\": 0.0076, \"loss\": 0.7767, \"train_acc_t\": 0.9997, \"train_acc_s\": 0.9964, \"steps\": 380, \"teacher_test_acc\": 0.154, \"teacher_test_loss\": 2.7756, \"teacher_test_macro_f1\": 0.1166, \"gpu\": 0, \"peak_alloc_gb\": 3.3382, \"peak_reserved_gb\": 4.1133}\n"}
,{"stream_name":"stdout","time":30562.125149933,"data":"VRAM 2026/10/04 17:17:05.574, 0, 4367 MiB, 15360 MiB, 87 %\n"}
,{"stream_name":"stdout","time":30562.126426128,"data":"VRAM 2026/10/04 17:17:05.577, 1, 4359 MiB, 15360 MiB, 84 %\n"}
,{"stream_name":"stdout","time":30597.447832789,"data":"  round 25 client p042: {\"ce_t\": 0.0257, \"ce_s\": 0.0236, \"kl_t\": 0.025, \"kl_s\": 0.0281, \"hid\": 0.0097, \"loss\": 0.7469, \"train_acc_t\": 0.9976, \"train_acc_s\": 0.9963, \"steps\": 370, \"teacher_test_acc\": 0.126, \"teacher_test_loss\": 3.7522, \"teacher_test_macro_f1\": 0.0822, \"gpu\": 1, \"peak_alloc_gb\": 3.3318, \"peak_reserved_gb\": 4.1152}\n"}
,{"stream_name":"stdout","time":30622.133835039,"data":"VRAM 2026/10/04 17:18:05.584, 0, 4367 MiB, 15360 MiB, 3 %\n"}
,{"stream_name":"stdout","time":30622.135629176,"data":"VRAM 2026/10/04 17:18:05.586, 1, 4359 MiB, 15360 MiB, 81 %\n"}
,{"stream_name":"stdout","time":30622.722628324,"data":"  round 25 client p045: {\"ce_t\": 0.029, \"ce_s\": 0.0328, \"kl_t\": 0.0209, \"kl_s\": 0.0222, \"hid\": 0.0099, \"loss\": 0.8678, \"train_acc_t\": 0.9978, \"train_acc_s\": 0.9942, \"steps\": 455, \"teacher_test_acc\": 0.119, \"teacher_test_loss\": 3.5549, \"teacher_test_macro_f1\": 0.0304, \"gpu\": 0, \"peak_alloc_gb\": 3.3238, \"peak_reserved_gb\": 4.1133}\n"}
,{"stream_name":"stdout","time":30682.146219836,"data":"VRAM 2026/10/04 17:19:05.594, 0, 4367 MiB, 15360 MiB, 95 %\n"}
,{"stream_name":"stdout","time":30682.14786014,"data":"VRAM 2026/10/04 17:19:05.597, 1, 4359 MiB, 15360 MiB, 92 %\n"}
,{"stream_name":"stdout","time":30701.305620152,"data":"  round 25 client p047: {\"ce_t\": 0.0397, \"ce_s\": 0.0763, \"kl_t\": 0.054, \"kl_s\": 0.0418, \"hid\": 0.0105, \"loss\": 0.8193, \"train_acc_t\": 0.9971, \"train_acc_s\": 0.983, \"steps\": 525, \"teacher_test_acc\": 0.211, \"teacher_test_loss\": 2.3895, \"teacher_test_macro_f1\": 0.1118, \"gpu\": 1, \"peak_alloc_gb\": 3.322, \"peak_reserved_gb\": 4.1152}\n"}
,{"stream_name":"stdout","time":30742.161464076,"data":"VRAM 2026/10/04 17:20:05.607, 0, 4367 MiB, 15360 MiB, 100 %\n"}
,{"stream_name":"stdout","time":30742.161504628,"data":"VRAM 2026/10/04 17:20:05.609, 1, 4359 MiB, 15360 MiB, 90 %\n"}
,{"stream_name":"stdout","time":30746.868908838,"data":"  round 25 client p049: {\"ce_t\": 0.0208, \"ce_s\": 0.0278, \"kl_t\": 0.0229, \"kl_s\": 0.02, \"hid\": 0.0079, \"loss\": 0.8062, \"train_acc_t\": 0.9986, \"train_acc_s\": 0.9966, \"steps\": 635, \"teacher_test_acc\": 0.121, \"teacher_test_loss\": 4.0752, \"teacher_test_macro_f1\": 0.0218, \"gpu\": 0, \"peak_alloc_gb\": 3.3328, \"peak_reserved_gb\": 4.1133}\n"}
,{"stream_name":"stdout","time":30800.138308307,"data":"  round 25 client p050: {\"ce_t\": 0.0377, \"ce_s\": 0.0653, \"kl_t\": 0.0487, \"kl_s\": 0.0371, \"hid\": 0.0108, \"loss\": 0.8279, \"train_acc_t\": 0.9987, \"train_acc_s\": 0.9861, \"steps\": 495, \"teacher_test_acc\": 0.095, \"teacher_test_loss\": 2.455, \"teacher_test_macro_f1\": 0.0339, \"gpu\": 1, \"peak_alloc_gb\": 3.3229, \"peak_reserved_gb\": 4.1152}\n"}
,{"stream_name":"stdout","time":30802.170546734,"data":"VRAM 2026/10/04 17:21:05.619, 0, 4367 MiB, 15360 MiB, 24 %\n"}
,{"stream_name":"stdout","time":30802.173164591,"data":"VRAM 2026/10/04 17:21:05.622, 1, 4359 MiB, 15360 MiB, 44 %\n"}
,{"stream_name":"stdout","time":30860.669440766,"data":"  round 25 client p051: {\"ce_t\": 0.0284, \"ce_s\": 0.0531, \"kl_t\": 0.0355, \"kl_s\": 0.0305, \"hid\": 0.009, \"loss\": 0.7567, \"train_acc_t\": 0.9993, \"train_acc_s\": 0.9913, \"steps\": 575, \"teacher_test_acc\": 0.136, \"teacher_test_loss\": 4.0713, \"teacher_test_macro_f1\": 0.0707, \"gpu\": 0, \"peak_alloc_gb\": 3.3195, \"peak_reserved_gb\": 4.1133}\n"}
,{"stream_name":"stdout","time":30862.181446225,"data":"VRAM 2026/10/04 17:22:05.632, 0, 4367 MiB, 15360 MiB, 17 %\n"}
,{"stream_name":"stdout","time":30862.182333739,"data":"VRAM 2026/10/04 17:22:05.633, 1, 4359 MiB, 15360 MiB, 88 %\n"}
,{"stream_name":"stdout","time":30893.683433136,"data":"  round 25 client p052: {\"ce_t\": 0.0427, \"ce_s\": 0.0639, \"kl_t\": 0.0489, \"kl_s\": 0.04, \"hid\": 0.0104, \"loss\": 0.7851, \"train_acc_t\": 0.9954, \"train_acc_s\": 0.9868, \"steps\": 465, \"teacher_test_acc\": 0.21, \"teacher_test_loss\": 3.5315, \"teacher_test_macro_f1\": 0.127, \"gpu\": 1, \"peak_alloc_gb\": 3.3162, \"peak_reserved_gb\": 4.1152}\n"}
,{"stream_name":"stdout","time":30922.191129755,"data":"VRAM 2026/10/04 17:23:05.641, 0, 4367 MiB, 15360 MiB, 89 %\n"}
,{"stream_name":"stdout","time":30922.192266368,"data":"VRAM 2026/10/04 17:23:05.643, 1, 4359 MiB, 15360 MiB, 85 %\n"}
,{"stream_name":"stdout","time":30960.900532858,"data":"  round 25 client p056: {\"ce_t\": 0.0345, \"ce_s\": 0.0589, \"kl_t\": 0.0428, \"kl_s\": 0.0378, \"hid\": 0.011, \"loss\": 0.7952, \"train_acc_t\": 0.9977, \"train_acc_s\": 0.9889, \"steps\": 500, \"teacher_test_acc\": 0.163, \"teacher_test_loss\": 2.8544, \"teacher_test_macro_f1\": 0.0803, \"gpu\": 0, \"peak_alloc_gb\": 3.3306, \"peak_reserved_gb\": 4.1133}\n"}
,{"stream_name":"stdout","time":30982.20020212,"data":"VRAM 2026/10/04 17:24:05.650, 0, 4367 MiB, 15360 MiB, 0 %\n"}
,{"stream_name":"stdout","time":30982.201657152,"data":"VRAM 2026/10/04 17:24:05.652, 1, 4359 MiB, 15360 MiB, 96 %\n"}
,{"stream_name":"stdout","time":30992.675747247,"data":"  round 25 client p061: {\"ce_t\": 0.0231, \"ce_s\": 0.0327, \"kl_t\": 0.026, \"kl_s\": 0.0221, \"hid\": 0.0088, \"loss\": 0.7813, \"train_acc_t\": 0.9988, \"train_acc_s\": 0.9956, \"steps\": 510, \"teacher_test_acc\": 0.249, \"teacher_test_loss\": 3.6756, \"teacher_test_macro_f1\": 0.1844, \"gpu\": 1, \"peak_alloc_gb\": 3.3071, \"peak_reserved_gb\": 4.1152}\n"}
,{"stream_name":"stdout","time":30999.876936007,"data":"ROUND 25/30: global student acc 0.4522 F1 0.4317 | mean teacher acc 0.1410 F1 0.0711 | 19.6 min\n"}
,{"stream_name":"stdout","time":31042.212459921,"data":"VRAM 2026/10/04 17:25:05.660, 0, 4367 MiB, 15360 MiB, 94 %\n"}
,{"stream_name":"stdout","time":31042.213082942,"data":"VRAM 2026/10/04 17:25:05.663, 1, 4359 MiB, 15360 MiB, 94 %\n"}
,{"stream_name":"stdout","time":31090.32204776,"data":"  round 26 client p002: {\"ce_t\": 0.0234, \"ce_s\": 0.0359, \"kl_t\": 0.0306, \"kl_s\": 0.029, \"hid\": 0.0088, \"loss\": 0.8084, \"train_acc_t\": 0.9986, \"train_acc_s\": 0.9945, \"steps\": 455, \"teacher_test_acc\": 0.119, \"teacher_test_loss\": 4.5901, \"teacher_test_macro_f1\": 0.0214, \"gpu\": 0, \"peak_alloc_gb\": 3.3309, \"peak_reserved_gb\": 4.1133}\n"}
,{"stream_name":"stdout","time":31102.221619969,"data":"VRAM 2026/10/04 17:26:05.672, 0, 4367 MiB, 15360 MiB, 82 %\n"}
,{"stream_name":"stdout","time":31102.222652904,"data":"VRAM 2026/10/04 17:26:05.673, 1, 4359 MiB, 15360 MiB, 3 %\n"}
,{"stream_name":"stdout","time":31102.64726749,"data":"  round 26 client p012: {\"ce_t\": 0.0439, \"ce_s\": 0.0706, \"kl_t\": 0.0591, \"kl_s\": 0.0472, \"hid\": 0.0133, \"loss\": 0.877, \"train_acc_t\": 0.9983, \"train_acc_s\": 0.9869, \"steps\": 515, \"teacher_test_acc\": 0.144, \"teacher_test_loss\": 4.3478, \"teacher_test_macro_f1\": 0.0674, \"gpu\": 1, \"peak_alloc_gb\": 3.3319, \"peak_reserved_gb\": 4.1152}\n"}
,{"stream_name":"stdout","time":31162.233958839,"data":"VRAM 2026/10/04 17:27:05.681, 0, 4367 MiB, 15360 MiB, 76 %\n"}
,{"stream_name":"stdout","time":31162.236448412,"data":"VRAM 2026/10/04 17:27:05.686, 1, 4359 MiB, 15360 MiB, 89 %\n"}
,{"stream_name":"stdout","time":31198.991210732,"data":"  round 26 client p014: {\"ce_t\": 0.0379, \"ce_s\": 0.0636, \"kl_t\": 0.0398, \"kl_s\": 0.0325, \"hid\": 0.01, \"loss\": 0.8098, \"train_acc_t\": 0.9984, \"train_acc_s\": 0.9865, \"steps\": 550, \"teacher_test_acc\": 0.094, \"teacher_test_loss\": 3.3799, \"teacher_test_macro_f1\": 0.0353, \"gpu\": 0, \"peak_alloc_gb\": 3.3249, \"peak_reserved_gb\": 4.1133}\n"}
,{"stream_name":"stdout","time":31211.991072826,"data":"  round 26 client p015: {\"ce_t\": 0.0291, \"ce_s\": 0.0462, \"kl_t\": 0.042, \"kl_s\": 0.033, \"hid\": 0.009, \"loss\": 0.7694, \"train_acc_t\": 0.9984, \"train_acc_s\": 0.992, \"steps\": 550, \"teacher_test_acc\": 0.118, \"teacher_test_loss\": 4.5895, \"teacher_test_macro_f1\": 0.0217, \"gpu\": 1, \"peak_alloc_gb\": 3.3209, \"peak_reserved_gb\": 4.1152}\n"}
,{"stream_name":"stdout","time":31222.244934864,"data":"VRAM 2026/10/04 17:28:05.695, 0, 4367 MiB, 15360 MiB, 78 %\n"}
,{"stream_name":"stdout","time":31222.246155768,"data":"VRAM 2026/10/04 17:28:05.697, 1, 4359 MiB, 15360 MiB, 78 %\n"}
,{"stream_name":"stdout","time":31282.254075363,"data":"VRAM 2026/10/04 17:29:05.704, 0, 4367 MiB, 15360 MiB, 89 %\n"}
,{"stream_name":"stdout","time":31282.255289429,"data":"VRAM 2026/10/04 17:29:05.706, 1, 4359 MiB, 15360 MiB, 90 %\n"}
,{"stream_name":"stdout","time":31332.365487078,"data":"  round 26 client p016: {\"ce_t\": 0.0292, \"ce_s\": 0.0468, \"kl_t\": 0.0276, \"kl_s\": 0.0244, \"hid\": 0.0073, \"loss\": 0.7048, \"train_acc_t\": 0.9972, \"train_acc_s\": 0.9905, \"steps\": 675, \"teacher_test_acc\": 0.101, \"teacher_test_loss\": 5.3182, \"teacher_test_macro_f1\": 0.0246, \"gpu\": 0, \"peak_alloc_gb\": 3.3363, \"peak_reserved_gb\": 4.1133}\n"}
,{"stream_name":"stdout","time":31342.263654861,"data":"VRAM 2026/10/04 17:30:05.713, 0, 4367 MiB, 15360 MiB, 95 %\n"}
,{"stream_name":"stdout","time":31342.265148343,"data":"VRAM 2026/10/04 17:30:05.715, 1, 4359 MiB, 15360 MiB, 96 %\n"}
,{"stream_name":"stdout","time":31362.753568059,"data":"  round 26 client p021: {\"ce_t\": 0.0303, \"ce_s\": 0.0448, \"kl_t\": 0.0277, \"kl_s\": 0.0274, \"hid\": 0.0077, \"loss\": 0.6818, \"train_acc_t\": 0.9984, \"train_acc_s\": 0.9934, \"steps\": 775, \"teacher_test_acc\": 0.195, \"teacher_test_loss\": 3.6728, \"teacher_test_macro_f1\": 0.12, \"gpu\": 1, \"peak_alloc_gb\": 3.3286, \"peak_reserved_gb\": 4.1152}\n"}
,{"stream_name":"stdout","time":31402.273732176,"data":"VRAM 2026/10/04 17:31:05.724, 0, 4367 MiB, 15360 MiB, 85 %\n"}
,{"stream_name":"stdout","time":31402.275445123,"data":"VRAM 2026/10/04 17:31:05.726, 1, 4359 MiB, 15360 MiB, 89 %\n"}
,{"stream_name":"stdout","time":31462.284170724,"data":"VRAM 2026/10/04 17:32:05.734, 0, 4367 MiB, 15360 MiB, 90 %\n"}
,{"stream_name":"stdout","time":31462.285485289,"data":"VRAM 2026/10/04 17:32:05.736, 1, 4359 MiB, 15360 MiB, 91 %\n"}
,{"stream_name":"stdout","time":31482.999592285,"data":"  round 26 client p022: {\"ce_t\": 0.0104, \"ce_s\": 0.015, \"kl_t\": 0.0097, \"kl_s\": 0.0086, \"hid\": 0.0036, \"loss\": 0.578, \"train_acc_t\": 0.9995, \"train_acc_s\": 0.9982, \"steps\": 775, \"teacher_test_acc\": 0.153, \"teacher_test_loss\": 3.7544, \"teacher_test_macro_f1\": 0.0706, \"gpu\": 0, \"peak_alloc_gb\": 3.3151, \"peak_reserved_gb\": 4.1133}\n"}
,{"stream_name":"stdout","time":31512.233154051,"data":"  round 26 client p024: {\"ce_t\": 0.0118, \"ce_s\": 0.0216, \"kl_t\": 0.0191, \"kl_s\": 0.0142, \"hid\": 0.0043, \"loss\": 0.6287, \"train_acc_t\": 0.9997, \"train_acc_s\": 0.9972, \"steps\": 770, \"teacher_test_acc\": 0.115, \"teacher_test_loss\": 5.077, \"teacher_test_macro_f1\": 0.0552, \"gpu\": 1, \"peak_alloc_gb\": 3.3161, \"peak_reserved_gb\": 4.1152}\n"}
,{"stream_name":"stdout","time":31522.294096945,"data":"VRAM 2026/10/04 17:33:05.744, 0, 4367 MiB, 15360 MiB, 92 %\n"}
,{"stream_name":"stdout","time":31522.29556174,"data":"VRAM 2026/10/04 17:33:05.746, 1, 4359 MiB, 15360 MiB, 94 %\n"}
,{"stream_name":"stdout","time":31582.304025099,"data":"VRAM 2026/10/04 17:34:05.754, 0, 4367 MiB, 15360 MiB, 88 %\n"}
,{"stream_name":"stdout","time":31582.305765295,"data":"VRAM 2026/10/04 17:34:05.756, 1, 4359 MiB, 15360 MiB, 86 %\n"}
,{"stream_name":"stdout","time":31616.806389811,"data":"  round 26 client p035: {\"ce_t\": 0.0169, \"ce_s\": 0.0181, \"kl_t\": 0.0126, \"kl_s\": 0.0128, \"hid\": 0.0068, \"loss\": 0.7773, \"train_acc_t\": 0.9986, \"train_acc_s\": 0.9979, \"steps\": 530, \"teacher_test_acc\": 0.114, \"teacher_test_loss\": 3.5997, \"teacher_test_macro_f1\": 0.0511, \"gpu\": 1, \"peak_alloc_gb\": 3.3009, \"peak_reserved_gb\": 4.1152}\n"}
,{"stream_name":"stdout","time":31629.311837513,"data":"  round 26 client p026: {\"ce_t\": 0.0219, \"ce_s\": 0.0372, \"kl_t\": 0.0378, \"kl_s\": 0.0252, \"hid\": 0.0088, \"loss\": 0.7664, \"train_acc_t\": 0.9993, \"train_acc_s\": 0.9915, \"steps\": 750, \"teacher_test_acc\": 0.079, \"teacher_test_loss\": 3.5941, \"teacher_test_macro_f1\": 0.0185, \"gpu\": 0, \"peak_alloc_gb\": 3.3234, \"peak_reserved_gb\": 4.1133}\n"}
,{"stream_name":"stdout","time":31642.316170815,"data":"VRAM 2026/10/04 17:35:05.763, 0, 4367 MiB, 15360 MiB, 87 %\n"}
,{"stream_name":"stdout","time":31642.316470427,"data":"VRAM 2026/10/04 17:35:05.766, 1, 4359 MiB, 15360 MiB, 87 %\n"}
,{"stream_name":"stdout","time":31701.78910749,"data":"  round 26 client p039: {\"ce_t\": 0.0452, \"ce_s\": 0.0394, \"kl_t\": 0.0461, \"kl_s\": 0.0448, \"hid\": 0.0133, \"loss\": 1.0092, \"train_acc_t\": 0.9945, \"train_acc_s\": 0.9945, \"steps\": 410, \"teacher_test_acc\": 0.136, \"teacher_test_loss\": 3.8674, \"teacher_test_macro_f1\": 0.0695, \"gpu\": 1, \"peak_alloc_gb\": 3.3146, \"peak_reserved_gb\": 4.1152}\n"}
,{"stream_name":"stdout","time":31702.324609132,"data":"VRAM 2026/10/04 17:36:05.775, 0, 4367 MiB, 15360 MiB, 15 %\n"}
,{"stream_name":"stdout","time":31702.32575612,"data":"VRAM 2026/10/04 17:36:05.776, 1, 4359 MiB, 15360 MiB, 0 %\n"}
,{"stream_name":"stdout","time":31709.005916585,"data":"  round 26 client p041: {\"ce_t\": 0.0258, \"ce_s\": 0.029, \"kl_t\": 0.0238, \"kl_s\": 0.0232, \"hid\": 0.011, \"loss\": 0.9535, \"train_acc_t\": 0.998, \"train_acc_s\": 0.996, \"steps\": 380, \"teacher_test_acc\": 0.161, \"teacher_test_loss\": 3.2643, \"teacher_test_macro_f1\": 0.0823, \"gpu\": 0, \"peak_alloc_gb\": 3.3383, \"peak_reserved_gb\": 4.1133}\n"}
,{"stream_name":"stdout","time":31762.337577828,"data":"VRAM 2026/10/04 17:37:05.784, 0, 4367 MiB, 15360 MiB, 91 %\n"}
,{"stream_name":"stdout","time":31762.339590045,"data":"VRAM 2026/10/04 17:37:05.786, 1, 4359 MiB, 15360 MiB, 92 %\n"}
,{"stream_name":"stdout","time":31778.685082063,"data":"  round 26 client p042: {\"ce_t\": 0.0292, \"ce_s\": 0.0423, \"kl_t\": 0.0378, \"kl_s\": 0.0306, \"hid\": 0.0101, \"loss\": 0.7787, \"train_acc_t\": 0.9983, \"train_acc_s\": 0.9929, \"steps\": 370, \"teacher_test_acc\": 0.107, \"teacher_test_loss\": 3.7547, \"teacher_test_macro_f1\": 0.0614, \"gpu\": 1, \"peak_alloc_gb\": 3.3328, \"peak_reserved_gb\": 4.1152}\n"}
,{"stream_name":"stdout","time":31801.359509352,"data":"  round 26 client p045: {\"ce_t\": 0.0239, \"ce_s\": 0.0346, \"kl_t\": 0.0212, \"kl_s\": 0.0188, \"hid\": 0.0082, \"loss\": 0.7478, \"train_acc_t\": 0.9983, \"train_acc_s\": 0.9939, \"steps\": 455, \"teacher_test_acc\": 0.106, \"teacher_test_loss\": 3.3552, \"teacher_test_macro_f1\": 0.0308, \"gpu\": 0, \"peak_alloc_gb\": 3.3247, \"peak_reserved_gb\": 4.1133}\n"}
,{"stream_name":"stdout","time":31822.350933943,"data":"VRAM 2026/10/04 17:38:05.798, 0, 4367 MiB, 15360 MiB, 87 %\n"}
,{"stream_name":"stdout","time":31822.355204486,"data":"VRAM 2026/10/04 17:38:05.803, 1, 4359 MiB, 15360 MiB, 89 %\n"}
,{"stream_name":"stdout","time":31882.365638849,"data":"VRAM 2026/10/04 17:39:05.814, 0, 4367 MiB, 15360 MiB, 84 %\n"}
,{"stream_name":"stdout","time":31882.365676207,"data":"VRAM 2026/10/04 17:39:05.816, 1, 4359 MiB, 15360 MiB, 4 %\n"}
,{"stream_name":"stdout","time":31882.749252499,"data":"  round 26 client p047: {\"ce_t\": 0.0368, \"ce_s\": 0.0698, \"kl_t\": 0.0436, \"kl_s\": 0.0392, \"hid\": 0.0103, \"loss\": 0.7536, \"train_acc_t\": 0.9976, \"train_acc_s\": 0.9859, \"steps\": 525, \"teacher_test_acc\": 0.171, \"teacher_test_loss\": 2.6547, \"teacher_test_macro_f1\": 0.1196, \"gpu\": 1, \"peak_alloc_gb\": 3.321, \"peak_reserved_gb\": 4.1152}\n"}
,{"stream_name":"stdout","time":31926.341646028,"data":"  round 26 client p049: {\"ce_t\": 0.0179, \"ce_s\": 0.0225, \"kl_t\": 0.0174, \"kl_s\": 0.0132, \"hid\": 0.007, \"loss\": 0.7488, \"train_acc_t\": 0.9992, \"train_acc_s\": 0.9978, \"steps\": 635, \"teacher_test_acc\": 0.133, \"teacher_test_loss\": 4.7045, \"teacher_test_macro_f1\": 0.0396, \"gpu\": 0, \"peak_alloc_gb\": 3.3326, \"peak_reserved_gb\": 4.1133}\n"}
,{"stream_name":"stdout","time":31942.374144163,"data":"VRAM 2026/10/04 17:40:05.824, 0, 4367 MiB, 15360 MiB, 94 %\n"}
,{"stream_name":"stdout","time":31942.374494778,"data":"VRAM 2026/10/04 17:40:05.825, 1, 4359 MiB, 15360 MiB, 90 %\n"}
,{"stream_name":"stdout","time":31983.13433718,"data":"  round 26 client p050: {\"ce_t\": 0.0472, \"ce_s\": 0.072, \"kl_t\": 0.059, \"kl_s\": 0.0512, \"hid\": 0.0126, \"loss\": 0.8849, \"train_acc_t\": 0.9962, \"train_acc_s\": 0.9856, \"steps\": 495, \"teacher_test_acc\": 0.105, \"teacher_test_loss\": 2.8248, \"teacher_test_macro_f1\": 0.019, \"gpu\": 1, \"peak_alloc_gb\": 3.3266, \"peak_reserved_gb\": 4.1152}\n"}
,{"stream_name":"stdout","time":32002.382833173,"data":"VRAM 2026/10/04 17:41:05.833, 0, 4367 MiB, 15360 MiB, 91 %\n"}
,{"stream_name":"stdout","time":32002.384324619,"data":"VRAM 2026/10/04 17:41:05.834, 1, 4359 MiB, 15360 MiB, 88 %\n"}
,{"stream_name":"stdout","time":32041.324271143,"data":"  round 26 client p051: {\"ce_t\": 0.0316, \"ce_s\": 0.0415, \"kl_t\": 0.0273, \"kl_s\": 0.0327, \"hid\": 0.0095, \"loss\": 0.7928, \"train_acc_t\": 0.9974, \"train_acc_s\": 0.9935, \"steps\": 575, \"teacher_test_acc\": 0.124, \"teacher_test_loss\": 4.5729, \"teacher_test_macro_f1\": 0.0689, \"gpu\": 0, \"peak_alloc_gb\": 3.3127, \"peak_reserved_gb\": 4.1133}\n"}
,{"stream_name":"stdout","time":32062.392573033,"data":"VRAM 2026/10/04 17:42:05.842, 0, 4367 MiB, 15360 MiB, 89 %\n"}
,{"stream_name":"stdout","time":32062.393573338,"data":"VRAM 2026/10/04 17:42:05.844, 1, 4359 MiB, 15360 MiB, 86 %\n"}
,{"stream_name":"stdout","time":32077.440936857,"data":"  round 26 client p052: {\"ce_t\": 0.0236, \"ce_s\": 0.034, \"kl_t\": 0.0239, \"kl_s\": 0.0207, \"hid\": 0.0073, \"loss\": 0.7502, \"train_acc_t\": 0.9976, \"train_acc_s\": 0.9938, \"steps\": 465, \"teacher_test_acc\": 0.307, \"teacher_test_loss\": 2.6279, \"teacher_test_macro_f1\": 0.2198, \"gpu\": 1, \"peak_alloc_gb\": 3.3121, \"peak_reserved_gb\": 4.1152}\n"}
,{"stream_name":"stdout","time":32122.402203224,"data":"VRAM 2026/10/04 17:43:05.851, 0, 4367 MiB, 15360 MiB, 89 %\n"}
,{"stream_name":"stdout","time":32122.40356164,"data":"VRAM 2026/10/04 17:43:05.853, 1, 4359 MiB, 15360 MiB, 88 %\n"}
,{"stream_name":"stdout","time":32142.734617814,"data":"  round 26 client p056: {\"ce_t\": 0.031, \"ce_s\": 0.0519, \"kl_t\": 0.0366, \"kl_s\": 0.0314, \"hid\": 0.0084, \"loss\": 0.6755, \"train_acc_t\": 0.9985, \"train_acc_s\": 0.9924, \"steps\": 500, \"teacher_test_acc\": 0.167, \"teacher_test_loss\": 3.2342, \"teacher_test_macro_f1\": 0.0738, \"gpu\": 0, \"peak_alloc_gb\": 3.3283, \"peak_reserved_gb\": 4.1133}\n"}
,{"stream_name":"stdout","time":32177.587987299,"data":"  round 26 client p061: {\"ce_t\": 0.0205, \"ce_s\": 0.0315, \"kl_t\": 0.0259, \"kl_s\": 0.0214, \"hid\": 0.0092, \"loss\": 0.9072, \"train_acc_t\": 0.9988, \"train_acc_s\": 0.9951, \"steps\": 510, \"teacher_test_acc\": 0.217, \"teacher_test_loss\": 4.0438, \"teacher_test_macro_f1\": 0.1698, \"gpu\": 1, \"peak_alloc_gb\": 3.3148, \"peak_reserved_gb\": 4.1152}\n"}
,{"stream_name":"stdout","time":32182.411867153,"data":"VRAM 2026/10/04 17:44:05.862, 0, 4367 MiB, 15360 MiB, 99 %\n"}
,{"stream_name":"stdout","time":32182.41310817,"data":"VRAM 2026/10/04 17:44:05.864, 1, 4359 MiB, 15360 MiB, 0 %\n"}
,{"stream_name":"stdout","time":32184.856716262,"data":"ROUND 26/30: global student acc 0.4670 F1 0.4563 | mean teacher acc 0.1412 F1 0.0686 | 19.7 min\n"}
,{"stream_name":"stdout","time":32242.421462138,"data":"VRAM 2026/10/04 17:45:05.871, 0, 4367 MiB, 15360 MiB, 89 %\n"}
,{"stream_name":"stdout","time":32242.423045616,"data":"VRAM 2026/10/04 17:45:05.873, 1, 4359 MiB, 15360 MiB, 88 %\n"}
,{"stream_name":"stdout","time":32275.298161965,"data":"  round 27 client p002: {\"ce_t\": 0.0261, \"ce_s\": 0.035, \"kl_t\": 0.0313, \"kl_s\": 0.03, \"hid\": 0.0073, \"loss\": 0.7634, \"train_acc_t\": 0.9983, \"train_acc_s\": 0.9953, \"steps\": 455, \"teacher_test_acc\": 0.165, \"teacher_test_loss\": 3.2625, \"teacher_test_macro_f1\": 0.1133, \"gpu\": 0, \"peak_alloc_gb\": 3.3349, \"peak_reserved_gb\": 4.1133}\n"}
,{"stream_name":"stdout","time":32288.421311451,"data":"  round 27 client p012: {\"ce_t\": 0.0409, \"ce_s\": 0.0752, \"kl_t\": 0.0605, \"kl_s\": 0.0464, \"hid\": 0.0106, \"loss\": 0.7768, \"train_acc_t\": 0.9993, \"train_acc_s\": 0.984, \"steps\": 515, \"teacher_test_acc\": 0.113, \"teacher_test_loss\": 4.3061, \"teacher_test_macro_f1\": 0.0596, \"gpu\": 1, \"peak_alloc_gb\": 3.3425, \"peak_reserved_gb\": 4.1152}\n"}
,{"stream_name":"stdout","time":32302.432931661,"data":"VRAM 2026/10/04 17:46:05.881, 0, 4367 MiB, 15360 MiB, 88 %\n"}
,{"stream_name":"stdout","time":32302.433587337,"data":"VRAM 2026/10/04 17:46:05.883, 1, 4359 MiB, 15360 MiB, 92 %\n"}
,{"stream_name":"stdout","time":32362.442421594,"data":"VRAM 2026/10/04 17:47:05.892, 0, 4367 MiB, 15360 MiB, 95 %\n"}
,{"stream_name":"stdout","time":32362.443448753,"data":"VRAM 2026/10/04 17:47:05.894, 1, 4359 MiB, 15360 MiB, 92 %\n"}
,{"stream_name":"stdout","time":32382.504481837,"data":"  round 27 client p014: {\"ce_t\": 0.0315, \"ce_s\": 0.0478, \"kl_t\": 0.0244, \"kl_s\": 0.0204, \"hid\": 0.009, \"loss\": 0.8704, \"train_acc_t\": 0.9993, \"train_acc_s\": 0.9922, \"steps\": 550, \"teacher_test_acc\": 0.102, \"teacher_test_loss\": 3.0158, \"teacher_test_macro_f1\": 0.0426, \"gpu\": 0, \"peak_alloc_gb\": 3.3215, \"peak_reserved_gb\": 4.1133}\n"}
,{"stream_name":"stdout","time":32395.700742003,"data":"  round 27 client p015: {\"ce_t\": 0.0283, \"ce_s\": 0.0454, \"kl_t\": 0.0408, \"kl_s\": 0.032, \"hid\": 0.0096, \"loss\": 0.8149, \"train_acc_t\": 0.9984, \"train_acc_s\": 0.992, \"steps\": 550, \"teacher_test_acc\": 0.121, \"teacher_test_loss\": 3.4462, \"teacher_test_macro_f1\": 0.022, \"gpu\": 1, \"peak_alloc_gb\": 3.3205, \"peak_reserved_gb\": 4.1152}\n"}
,{"stream_name":"stdout","time":32422.451210858,"data":"VRAM 2026/10/04 17:48:05.901, 0, 4367 MiB, 15360 MiB, 91 %\n"}
,{"stream_name":"stdout","time":32422.452667685,"data":"VRAM 2026/10/04 17:48:05.903, 1, 4359 MiB, 15360 MiB, 93 %\n"}
,{"stream_name":"stdout","time":32482.460434898,"data":"VRAM 2026/10/04 17:49:05.910, 0, 4367 MiB, 15360 MiB, 94 %\n"}
,{"stream_name":"stdout","time":32482.462186143,"data":"VRAM 2026/10/04 17:49:05.912, 1, 4359 MiB, 15360 MiB, 90 %\n"}
,{"stream_name":"stdout","time":32514.229785948,"data":"  round 27 client p016: {\"ce_t\": 0.0245, \"ce_s\": 0.0321, \"kl_t\": 0.022, \"kl_s\": 0.0223, \"hid\": 0.007, \"loss\": 0.6385, \"train_acc_t\": 0.9972, \"train_acc_s\": 0.9959, \"steps\": 675, \"teacher_test_acc\": 0.105, \"teacher_test_loss\": 4.7998, \"teacher_test_macro_f1\": 0.0314, \"gpu\": 0, \"peak_alloc_gb\": 3.3357, \"peak_reserved_gb\": 4.1133}\n"}
,{"stream_name":"stdout","time":32542.47154121,"data":"VRAM 2026/10/04 17:50:05.920, 0, 4367 MiB, 15360 MiB, 86 %\n"}
,{"stream_name":"stdout","time":32542.473431766,"data":"VRAM 2026/10/04 17:50:05.923, 1, 4359 MiB, 15360 MiB, 100 %\n"}
,{"stream_name":"stdout","time":32545.195817438,"data":"  round 27 client p021: {\"ce_t\": 0.0304, \"ce_s\": 0.0541, \"kl_t\": 0.0391, \"kl_s\": 0.034, \"hid\": 0.0087, \"loss\": 0.755, \"train_acc_t\": 0.9982, \"train_acc_s\": 0.9906, \"steps\": 775, \"teacher_test_acc\": 0.173, \"teacher_test_loss\": 3.4158, \"teacher_test_macro_f1\": 0.0956, \"gpu\": 1, \"peak_alloc_gb\": 3.3285, \"peak_reserved_gb\": 4.1152}\n"}
,{"stream_name":"stdout","time":32602.483490872,"data":"VRAM 2026/10/04 17:51:05.931, 0, 4367 MiB, 15360 MiB, 92 %\n"}
,{"stream_name":"stdout","time":32602.48381576,"data":"VRAM 2026/10/04 17:51:05.933, 1, 4359 MiB, 15360 MiB, 94 %\n"}
,{"stream_name":"stdout","time":32662.494138268,"data":"VRAM 2026/10/04 17:52:05.942, 0, 4367 MiB, 15360 MiB, 100 %\n"}
,{"stream_name":"stdout","time":32662.494318359,"data":"VRAM 2026/10/04 17:52:05.945, 1, 4359 MiB, 15360 MiB, 96 %\n"}
,{"stream_name":"stdout","time":32664.267179087,"data":"  round 27 client p022: {\"ce_t\": 0.0143, \"ce_s\": 0.0172, \"kl_t\": 0.0141, \"kl_s\": 0.0122, \"hid\": 0.0046, \"loss\": 0.6659, \"train_acc_t\": 0.9987, \"train_acc_s\": 0.9981, \"steps\": 775, \"teacher_test_acc\": 0.172, \"teacher_test_loss\": 3.0768, \"teacher_test_macro_f1\": 0.1018, \"gpu\": 0, \"peak_alloc_gb\": 3.3186, \"peak_reserved_gb\": 4.1133}\n"}
,{"stream_name":"stdout","time":32694.455503373,"data":"  round 27 client p024: {\"ce_t\": 0.0144, \"ce_s\": 0.021, \"kl_t\": 0.0216, \"kl_s\": 0.0168, \"hid\": 0.0056, \"loss\": 0.7131, \"train_acc_t\": 0.9993, \"train_acc_s\": 0.9966, \"steps\": 770, \"teacher_test_acc\": 0.127, \"teacher_test_loss\": 3.6089, \"teacher_test_macro_f1\": 0.0683, \"gpu\": 1, \"peak_alloc_gb\": 3.3239, \"peak_reserved_gb\": 4.1152}\n"}
,{"stream_name":"stdout","time":32722.502723934,"data":"VRAM 2026/10/04 17:53:05.953, 0, 4367 MiB, 15360 MiB, 93 %\n"}
,{"stream_name":"stdout","time":32722.504081309,"data":"VRAM 2026/10/04 17:53:05.954, 1, 4359 MiB, 15360 MiB, 88 %\n"}
,{"stream_name":"stdout","time":32782.514485357,"data":"VRAM 2026/10/04 17:54:05.962, 0, 4367 MiB, 15360 MiB, 88 %\n"}
,{"stream_name":"stdout","time":32782.514531689,"data":"VRAM 2026/10/04 17:54:05.964, 1, 4359 MiB, 15360 MiB, 87 %\n"}
,{"stream_name":"stdout","time":32797.88226221,"data":"  round 27 client p035: {\"ce_t\": 0.0195, \"ce_s\": 0.0336, \"kl_t\": 0.0265, \"kl_s\": 0.0221, \"hid\": 0.0083, \"loss\": 0.8043, \"train_acc_t\": 0.9995, \"train_acc_s\": 0.9943, \"steps\": 530, \"teacher_test_acc\": 0.106, \"teacher_test_loss\": 3.1218, \"teacher_test_macro_f1\": 0.0401, \"gpu\": 1, \"peak_alloc_gb\": 3.3074, \"peak_reserved_gb\": 4.1152}\n"}
,{"stream_name":"stdout","time":32810.500936657,"data":"  round 27 client p026: {\"ce_t\": 0.0245, \"ce_s\": 0.0302, \"kl_t\": 0.023, \"kl_s\": 0.0204, \"hid\": 0.0061, \"loss\": 0.6026, \"train_acc_t\": 0.9983, \"train_acc_s\": 0.9957, \"steps\": 750, \"teacher_test_acc\": 0.094, \"teacher_test_loss\": 4.1533, \"teacher_test_macro_f1\": 0.0191, \"gpu\": 0, \"peak_alloc_gb\": 3.3197, \"peak_reserved_gb\": 4.1133}\n"}
,{"stream_name":"stdout","time":32842.52262033,"data":"VRAM 2026/10/04 17:55:05.972, 0, 4367 MiB, 15360 MiB, 89 %\n"}
,{"stream_name":"stdout","time":32842.524495636,"data":"VRAM 2026/10/04 17:55:05.975, 1, 4359 MiB, 15360 MiB, 88 %\n"}
,{"stream_name":"stdout","time":32883.486851063,"data":"  round 27 client p039: {\"ce_t\": 0.0206, \"ce_s\": 0.0283, \"kl_t\": 0.0145, \"kl_s\": 0.0154, \"hid\": 0.01, \"loss\": 0.8821, \"train_acc_t\": 0.9991, \"train_acc_s\": 0.996, \"steps\": 410, \"teacher_test_acc\": 0.149, \"teacher_test_loss\": 4.899, \"teacher_test_macro_f1\": 0.0543, \"gpu\": 1, \"peak_alloc_gb\": 3.3226, \"peak_reserved_gb\": 4.1152}\n"}
,{"stream_name":"stdout","time":32889.308438897,"data":"  round 27 client p041: {\"ce_t\": 0.0185, \"ce_s\": 0.0284, \"kl_t\": 0.0213, \"kl_s\": 0.0162, \"hid\": 0.0098, \"loss\": 0.8148, \"train_acc_t\": 0.9997, \"train_acc_s\": 0.9967, \"steps\": 380, \"teacher_test_acc\": 0.188, \"teacher_test_loss\": 2.7198, \"teacher_test_macro_f1\": 0.1062, \"gpu\": 0, \"peak_alloc_gb\": 3.3352, \"peak_reserved_gb\": 4.1133}\n"}
,{"stream_name":"stdout","time":32902.533391347,"data":"VRAM 2026/10/04 17:56:05.983, 0, 4367 MiB, 15360 MiB, 93 %\n"}
,{"stream_name":"stdout","time":32902.535665259,"data":"VRAM 2026/10/04 17:56:05.985, 1, 4359 MiB, 15360 MiB, 95 %\n"}
,{"stream_name":"stdout","time":32958.457179207,"data":"  round 27 client p042: {\"ce_t\": 0.0277, \"ce_s\": 0.0293, \"kl_t\": 0.0295, \"kl_s\": 0.0269, \"hid\": 0.0075, \"loss\": 0.733, \"train_acc_t\": 0.9976, \"train_acc_s\": 0.9956, \"steps\": 370, \"teacher_test_acc\": 0.105, \"teacher_test_loss\": 3.2979, \"teacher_test_macro_f1\": 0.06, \"gpu\": 1, \"peak_alloc_gb\": 3.3391, \"peak_reserved_gb\": 4.1152}\n"}
,{"stream_name":"stdout","time":32962.54481552,"data":"VRAM 2026/10/04 17:57:05.993, 0, 4367 MiB, 15360 MiB, 90 %\n"}
,{"stream_name":"stdout","time":32962.546843163,"data":"VRAM 2026/10/04 17:57:05.997, 1, 4359 MiB, 15360 MiB, 90 %\n"}
,{"stream_name":"stdout","time":32980.722099284,"data":"  round 27 client p045: {\"ce_t\": 0.0186, \"ce_s\": 0.0241, \"kl_t\": 0.0092, \"kl_s\": 0.01, \"hid\": 0.0068, \"loss\": 0.7308, \"train_acc_t\": 0.9989, \"train_acc_s\": 0.9964, \"steps\": 455, \"teacher_test_acc\": 0.113, \"teacher_test_loss\": 4.0864, \"teacher_test_macro_f1\": 0.0514, \"gpu\": 0, \"peak_alloc_gb\": 3.3236, \"peak_reserved_gb\": 4.1133}\n"}
,{"stream_name":"stdout","time":33022.555446062,"data":"VRAM 2026/10/04 17:58:06.005, 0, 4367 MiB, 15360 MiB, 86 %\n"}
,{"stream_name":"stdout","time":33022.556355495,"data":"VRAM 2026/10/04 17:58:06.007, 1, 4359 MiB, 15360 MiB, 88 %\n"}
,{"stream_name":"stdout","time":33064.149369882,"data":"  round 27 client p047: {\"ce_t\": 0.0324, \"ce_s\": 0.0639, \"kl_t\": 0.0392, \"kl_s\": 0.0377, \"hid\": 0.009, \"loss\": 0.7442, \"train_acc_t\": 0.9969, \"train_acc_s\": 0.9885, \"steps\": 525, \"teacher_test_acc\": 0.189, \"teacher_test_loss\": 2.6322, \"teacher_test_macro_f1\": 0.0969, \"gpu\": 1, \"peak_alloc_gb\": 3.3157, \"peak_reserved_gb\": 4.1152}\n"}
,{"stream_name":"stdout","time":33082.564596867,"data":"VRAM 2026/10/04 17:59:06.015, 0, 4367 MiB, 15360 MiB, 82 %\n"}
,{"stream_name":"stdout","time":33082.566874094,"data":"VRAM 2026/10/04 17:59:06.016, 1, 4359 MiB, 15360 MiB, 82 %\n"}
,{"stream_name":"stdout","time":33106.707356676,"data":"  round 27 client p049: {\"ce_t\": 0.0156, \"ce_s\": 0.0254, \"kl_t\": 0.0204, \"kl_s\": 0.017, \"hid\": 0.0059, \"loss\": 0.7111, \"train_acc_t\": 0.9998, \"train_acc_s\": 0.9966, \"steps\": 635, \"teacher_test_acc\": 0.122, \"teacher_test_loss\": 5.2989, \"teacher_test_macro_f1\": 0.0217, \"gpu\": 0, \"peak_alloc_gb\": 3.3305, \"peak_reserved_gb\": 4.1133}\n"}
,{"stream_name":"stdout","time":33142.578800609,"data":"VRAM 2026/10/04 18:00:06.025, 0, 4367 MiB, 15360 MiB, 90 %\n"}
,{"stream_name":"stdout","time":33142.578842988,"data":"VRAM 2026/10/04 18:00:06.028, 1, 4359 MiB, 15360 MiB, 91 %\n"}
,{"stream_name":"stdout","time":33163.737393244,"data":"  round 27 client p050: {\"ce_t\": 0.0413, \"ce_s\": 0.0653, \"kl_t\": 0.0485, \"kl_s\": 0.0398, \"hid\": 0.011, \"loss\": 0.8406, \"train_acc_t\": 0.9977, \"train_acc_s\": 0.9871, \"steps\": 495, \"teacher_test_acc\": 0.106, \"teacher_test_loss\": 2.9135, \"teacher_test_macro_f1\": 0.0213, \"gpu\": 1, \"peak_alloc_gb\": 3.3271, \"peak_reserved_gb\": 4.1152}\n"}
,{"stream_name":"stdout","time":33202.587087254,"data":"VRAM 2026/10/04 18:01:06.037, 0, 4367 MiB, 15360 MiB, 84 %\n"}
,{"stream_name":"stdout","time":33202.588454366,"data":"VRAM 2026/10/04 18:01:06.039, 1, 4359 MiB, 15360 MiB, 84 %\n"}
,{"stream_name":"stdout","time":33221.96637458,"data":"  round 27 client p051: {\"ce_t\": 0.0391, \"ce_s\": 0.0581, \"kl_t\": 0.0412, \"kl_s\": 0.0398, \"hid\": 0.0098, \"loss\": 0.7998, \"train_acc_t\": 0.9965, \"train_acc_s\": 0.9902, \"steps\": 575, \"teacher_test_acc\": 0.133, \"teacher_test_loss\": 4.2176, \"teacher_test_macro_f1\": 0.0987, \"gpu\": 0, \"peak_alloc_gb\": 3.3181, \"peak_reserved_gb\": 4.1133}\n"}
,{"stream_name":"stdout","time":33258.92512759,"data":"  round 27 client p052: {\"ce_t\": 0.0305, \"ce_s\": 0.0436, \"kl_t\": 0.0335, \"kl_s\": 0.0276, \"hid\": 0.0094, \"loss\": 0.7963, \"train_acc_t\": 0.9965, \"train_acc_s\": 0.9914, \"steps\": 465, \"teacher_test_acc\": 0.195, \"teacher_test_loss\": 3.1783, \"teacher_test_macro_f1\": 0.1791, \"gpu\": 1, \"peak_alloc_gb\": 3.3148, \"peak_reserved_gb\": 4.1152}\n"}
,{"stream_name":"stdout","time":33262.596915179,"data":"VRAM 2026/10/04 18:02:06.047, 0, 4367 MiB, 15360 MiB, 93 %\n"}
,{"stream_name":"stdout","time":33262.598187568,"data":"VRAM 2026/10/04 18:02:06.049, 1, 4359 MiB, 15360 MiB, 93 %\n"}
,{"stream_name":"stdout","time":33322.606127443,"data":"VRAM 2026/10/04 18:03:06.057, 0, 4367 MiB, 15360 MiB, 3 %\n"}
,{"stream_name":"stdout","time":33322.607412727,"data":"VRAM 2026/10/04 18:03:06.058, 1, 4359 MiB, 15360 MiB, 75 %\n"}
,{"stream_name":"stdout","time":33323.339503076,"data":"  round 27 client p056: {\"ce_t\": 0.0411, \"ce_s\": 0.0781, \"kl_t\": 0.0506, \"kl_s\": 0.0515, \"hid\": 0.0132, \"loss\": 0.7837, \"train_acc_t\": 0.9975, \"train_acc_s\": 0.9821, \"steps\": 500, \"teacher_test_acc\": 0.136, \"teacher_test_loss\": 3.2048, \"teacher_test_macro_f1\": 0.0692, \"gpu\": 0, \"peak_alloc_gb\": 3.3299, \"peak_reserved_gb\": 4.1133}\n"}
,{"stream_name":"stdout","time":33359.022913137,"data":"  round 27 client p061: {\"ce_t\": 0.0311, \"ce_s\": 0.046, \"kl_t\": 0.0425, \"kl_s\": 0.0343, \"hid\": 0.0102, \"loss\": 0.842, \"train_acc_t\": 0.9985, \"train_acc_s\": 0.9916, \"steps\": 510, \"teacher_test_acc\": 0.213, \"teacher_test_loss\": 4.1418, \"teacher_test_macro_f1\": 0.143, \"gpu\": 1, \"peak_alloc_gb\": 3.3094, \"peak_reserved_gb\": 4.1152}\n"}
,{"stream_name":"stdout","time":33366.285544798,"data":"ROUND 27/30: global student acc 0.4587 F1 0.4411 | mean teacher acc 0.1394 F1 0.0712 | 19.7 min\n"}
,{"stream_name":"stdout","time":33382.615355196,"data":"VRAM 2026/10/04 18:04:06.065, 0, 4367 MiB, 15360 MiB, 86 %\n"}
,{"stream_name":"stdout","time":33382.616711449,"data":"VRAM 2026/10/04 18:04:06.067, 1, 4359 MiB, 15360 MiB, 87 %\n"}
,{"stream_name":"stdout","time":33442.625557517,"data":"VRAM 2026/10/04 18:05:06.075, 0, 4367 MiB, 15360 MiB, 87 %\n"}
,{"stream_name":"stdout","time":33442.626665407,"data":"VRAM 2026/10/04 18:05:06.077, 1, 4359 MiB, 15360 MiB, 91 %\n"}
,{"stream_name":"stdout","time":33457.331464221,"data":"  round 28 client p002: {\"ce_t\": 0.032, \"ce_s\": 0.0488, \"kl_t\": 0.0428, \"kl_s\": 0.0391, \"hid\": 0.0112, \"loss\": 0.8246, \"train_acc_t\": 0.9983, \"train_acc_s\": 0.9914, \"steps\": 455, \"teacher_test_acc\": 0.085, \"teacher_test_loss\": 5.8631, \"teacher_test_macro_f1\": 0.0158, \"gpu\": 0, \"peak_alloc_gb\": 3.3307, \"peak_reserved_gb\": 4.1133}\n"}
,{"stream_name":"stdout","time":33469.832119968,"data":"  round 28 client p012: {\"ce_t\": 0.0374, \"ce_s\": 0.0713, \"kl_t\": 0.0516, \"kl_s\": 0.0419, \"hid\": 0.0108, \"loss\": 0.8157, \"train_acc_t\": 0.9988, \"train_acc_s\": 0.9864, \"steps\": 515, \"teacher_test_acc\": 0.088, \"teacher_test_loss\": 5.2531, \"teacher_test_macro_f1\": 0.0493, \"gpu\": 1, \"peak_alloc_gb\": 3.3412, \"peak_reserved_gb\": 4.1152}\n"}
,{"stream_name":"stdout","time":33502.635621362,"data":"VRAM 2026/10/04 18:06:06.085, 0, 4367 MiB, 15360 MiB, 88 %\n"}
,{"stream_name":"stdout","time":33502.637200194,"data":"VRAM 2026/10/04 18:06:06.087, 1, 4359 MiB, 15360 MiB, 93 %\n"}
,{"stream_name":"stdout","time":33562.645454227,"data":"VRAM 2026/10/04 18:07:06.095, 0, 4367 MiB, 15360 MiB, 100 %\n"}
,{"stream_name":"stdout","time":33562.64657208,"data":"VRAM 2026/10/04 18:07:06.097, 1, 4359 MiB, 15360 MiB, 91 %\n"}
,{"stream_name":"stdout","time":33566.532025747,"data":"  round 28 client p014: {\"ce_t\": 0.0382, \"ce_s\": 0.0613, \"kl_t\": 0.0363, \"kl_s\": 0.0315, \"hid\": 0.0081, \"loss\": 0.7595, \"train_acc_t\": 0.9977, \"train_acc_s\": 0.9872, \"steps\": 550, \"teacher_test_acc\": 0.083, \"teacher_test_loss\": 3.6298, \"teacher_test_macro_f1\": 0.0174, \"gpu\": 0, \"peak_alloc_gb\": 3.3209, \"peak_reserved_gb\": 4.1133}\n"}
,{"stream_name":"stdout","time":33579.03714734,"data":"  round 28 client p015: {\"ce_t\": 0.0244, \"ce_s\": 0.0415, \"kl_t\": 0.0333, \"kl_s\": 0.0264, \"hid\": 0.0077, \"loss\": 0.7067, \"train_acc_t\": 0.9993, \"train_acc_s\": 0.9943, \"steps\": 550, \"teacher_test_acc\": 0.118, \"teacher_test_loss\": 4.3422, \"teacher_test_macro_f1\": 0.0231, \"gpu\": 1, \"peak_alloc_gb\": 3.3212, \"peak_reserved_gb\": 4.1152}\n"}
,{"stream_name":"stdout","time":33622.655606313,"data":"VRAM 2026/10/04 18:08:06.105, 0, 4367 MiB, 15360 MiB, 88 %\n"}
,{"stream_name":"stdout","time":33622.657050754,"data":"VRAM 2026/10/04 18:08:06.107, 1, 4359 MiB, 15360 MiB, 88 %\n"}
,{"stream_name":"stdout","time":33682.664835797,"data":"VRAM 2026/10/04 18:09:06.115, 0, 4367 MiB, 15360 MiB, 88 %\n"}
,{"stream_name":"stdout","time":33682.66680232,"data":"VRAM 2026/10/04 18:09:06.117, 1, 4359 MiB, 15360 MiB, 86 %\n"}
,{"stream_name":"stdout","time":33696.908889457,"data":"  round 28 client p016: {\"ce_t\": 0.0142, \"ce_s\": 0.0223, \"kl_t\": 0.0104, \"kl_s\": 0.0086, \"hid\": 0.0044, \"loss\": 0.6199, \"train_acc_t\": 0.9993, \"train_acc_s\": 0.997, \"steps\": 675, \"teacher_test_acc\": 0.104, \"teacher_test_loss\": 4.4169, \"teacher_test_macro_f1\": 0.0314, \"gpu\": 0, \"peak_alloc_gb\": 3.332, \"peak_reserved_gb\": 4.1133}\n"}
,{"stream_name":"stdout","time":33727.75029398,"data":"  round 28 client p021: {\"ce_t\": 0.0386, \"ce_s\": 0.0414, \"kl_t\": 0.0289, \"kl_s\": 0.0326, \"hid\": 0.008, \"loss\": 0.6576, \"train_acc_t\": 0.9956, \"train_acc_s\": 0.9955, \"steps\": 775, \"teacher_test_acc\": 0.124, \"teacher_test_loss\": 4.8058, \"teacher_test_macro_f1\": 0.0603, \"gpu\": 1, \"peak_alloc_gb\": 3.3355, \"peak_reserved_gb\": 4.1152}\n"}
,{"stream_name":"stdout","time":33742.675169594,"data":"VRAM 2026/10/04 18:10:06.125, 0, 4367 MiB, 15360 MiB, 97 %\n"}
,{"stream_name":"stdout","time":33742.676961307,"data":"VRAM 2026/10/04 18:10:06.127, 1, 4359 MiB, 15360 MiB, 93 %\n"}
,{"stream_name":"stdout","time":33802.686948037,"data":"VRAM 2026/10/04 18:11:06.136, 0, 4367 MiB, 15360 MiB, 90 %\n"}
,{"stream_name":"stdout","time":33802.687693387,"data":"VRAM 2026/10/04 18:11:06.138, 1, 4359 MiB, 15360 MiB, 90 %\n"}
,{"stream_name":"stdout","time":33847.724911836,"data":"  round 28 client p022: {\"ce_t\": 0.0237, \"ce_s\": 0.0346, \"kl_t\": 0.0257, \"kl_s\": 0.026, \"hid\": 0.007, \"loss\": 0.6912, \"train_acc_t\": 0.9974, \"train_acc_s\": 0.9945, \"steps\": 775, \"teacher_test_acc\": 0.139, \"teacher_test_loss\": 3.6384, \"teacher_test_macro_f1\": 0.0891, \"gpu\": 0, \"peak_alloc_gb\": 3.3143, \"peak_reserved_gb\": 4.1133}\n"}
,{"stream_name":"stdout","time":33862.696412316,"data":"VRAM 2026/10/04 18:12:06.146, 0, 4367 MiB, 15360 MiB, 93 %\n"}
,{"stream_name":"stdout","time":33862.697022744,"data":"VRAM 2026/10/04 18:12:06.147, 1, 4359 MiB, 15360 MiB, 92 %\n"}
,{"stream_name":"stdout","time":33877.333131207,"data":"  round 28 client p024: {\"ce_t\": 0.0093, \"ce_s\": 0.0184, \"kl_t\": 0.0174, \"kl_s\": 0.0109, \"hid\": 0.0031, \"loss\": 0.6011, \"train_acc_t\": 1.0, \"train_acc_s\": 0.9962, \"steps\": 770, \"teacher_test_acc\": 0.116, \"teacher_test_loss\": 5.0372, \"teacher_test_macro_f1\": 0.0547, \"gpu\": 1, \"peak_alloc_gb\": 3.3208, \"peak_reserved_gb\": 4.1152}\n"}
,{"stream_name":"stdout","time":33922.7052298,"data":"VRAM 2026/10/04 18:13:06.155, 0, 4367 MiB, 15360 MiB, 89 %\n"}
,{"stream_name":"stdout","time":33922.706857914,"data":"VRAM 2026/10/04 18:13:06.157, 1, 4359 MiB, 15360 MiB, 87 %\n"}
,{"stream_name":"stdout","time":33981.699271555,"data":"  round 28 client p035: {\"ce_t\": 0.0139, \"ce_s\": 0.016, \"kl_t\": 0.0098, \"kl_s\": 0.0082, \"hid\": 0.0052, \"loss\": 0.6609, \"train_acc_t\": 0.9993, \"train_acc_s\": 0.9981, \"steps\": 530, \"teacher_test_acc\": 0.078, \"teacher_test_loss\": 3.4068, \"teacher_test_macro_f1\": 0.0212, \"gpu\": 1, \"peak_alloc_gb\": 3.306, \"peak_reserved_gb\": 4.1152}\n"}
,{"stream_name":"stdout","time":33982.715576778,"data":"VRAM 2026/10/04 18:14:06.165, 0, 4367 MiB, 15360 MiB, 93 %\n"}
,{"stream_name":"stdout","time":33982.716845143,"data":"VRAM 2026/10/04 18:14:06.167, 1, 4359 MiB, 15360 MiB, 0 %\n"}
,{"stream_name":"stdout","time":33994.631691124,"data":"  round 28 client p026: {\"ce_t\": 0.0223, \"ce_s\": 0.0377, \"kl_t\": 0.0319, \"kl_s\": 0.0223, \"hid\": 0.0061, \"loss\": 0.6422, \"train_acc_t\": 0.9993, \"train_acc_s\": 0.9935, \"steps\": 750, \"teacher_test_acc\": 0.094, \"teacher_test_loss\": 3.5921, \"teacher_test_macro_f1\": 0.0192, \"gpu\": 0, \"peak_alloc_gb\": 3.3164, \"peak_reserved_gb\": 4.1133}\n"}
,{"stream_name":"stdout","time":34042.726126319,"data":"VRAM 2026/10/04 18:15:06.175, 0, 4367 MiB, 15360 MiB, 87 %\n"}
,{"stream_name":"stdout","time":34042.72624285,"data":"VRAM 2026/10/04 18:15:06.177, 1, 4359 MiB, 15360 MiB, 85 %\n"}
,{"stream_name":"stdout","time":34065.744371964,"data":"  round 28 client p039: {\"ce_t\": 0.0372, \"ce_s\": 0.029, \"kl_t\": 0.0318, \"kl_s\": 0.0372, \"hid\": 0.0157, \"loss\": 1.0904, \"train_acc_t\": 0.9951, \"train_acc_s\": 0.9969, \"steps\": 410, \"teacher_test_acc\": 0.124, \"teacher_test_loss\": 4.2941, \"teacher_test_macro_f1\": 0.0757, \"gpu\": 1, \"peak_alloc_gb\": 3.3206, \"peak_reserved_gb\": 4.1152}\n"}
,{"stream_name":"stdout","time":34072.918287084,"data":"  round 28 client p041: {\"ce_t\": 0.0227, \"ce_s\": 0.0394, \"kl_t\": 0.0253, \"kl_s\": 0.0208, \"hid\": 0.008, \"loss\": 0.7627, \"train_acc_t\": 1.0, \"train_acc_s\": 0.9931, \"steps\": 380, \"teacher_test_acc\": 0.196, \"teacher_test_loss\": 2.9151, \"teacher_test_macro_f1\": 0.0897, \"gpu\": 0, \"peak_alloc_gb\": 3.341, \"peak_reserved_gb\": 4.1133}\n"}
,{"stream_name":"stdout","time":34102.734354922,"data":"VRAM 2026/10/04 18:16:06.184, 0, 4367 MiB, 15360 MiB, 86 %\n"}
,{"stream_name":"stdout","time":34102.736206034,"data":"VRAM 2026/10/04 18:16:06.186, 1, 4359 MiB, 15360 MiB, 87 %\n"}
,{"stream_name":"stdout","time":34143.398178224,"data":"  round 28 client p042: {\"ce_t\": 0.0151, \"ce_s\": 0.0216, \"kl_t\": 0.0189, \"kl_s\": 0.0102, \"hid\": 0.0057, \"loss\": 0.6686, \"train_acc_t\": 1.0, \"train_acc_s\": 0.9953, \"steps\": 370, \"teacher_test_acc\": 0.102, \"teacher_test_loss\": 3.8047, \"teacher_test_macro_f1\": 0.0553, \"gpu\": 1, \"peak_alloc_gb\": 3.3341, \"peak_reserved_gb\": 4.1152}\n"}
,{"stream_name":"stdout","time":34162.746698294,"data":"VRAM 2026/10/04 18:17:06.195, 0, 4367 MiB, 15360 MiB, 100 %\n"}
,{"stream_name":"stdout","time":34162.746732444,"data":"VRAM 2026/10/04 18:17:06.197, 1, 4359 MiB, 15360 MiB, 83 %\n"}
,{"stream_name":"stdout","time":34165.503057466,"data":"  round 28 client p045: {\"ce_t\": 0.0181, \"ce_s\": 0.0217, \"kl_t\": 0.0092, \"kl_s\": 0.0095, \"hid\": 0.0056, \"loss\": 0.6521, \"train_acc_t\": 0.9983, \"train_acc_s\": 0.997, \"steps\": 455, \"teacher_test_acc\": 0.102, \"teacher_test_loss\": 4.0119, \"teacher_test_macro_f1\": 0.0282, \"gpu\": 0, \"peak_alloc_gb\": 3.3182, \"peak_reserved_gb\": 4.1133}\n"}
,{"stream_name":"stdout","time":34222.756213365,"data":"VRAM 2026/10/04 18:18:06.205, 0, 4367 MiB, 15360 MiB, 95 %\n"}
,{"stream_name":"stdout","time":34222.758757678,"data":"VRAM 2026/10/04 18:18:06.208, 1, 4359 MiB, 15360 MiB, 93 %\n"}
,{"stream_name":"stdout","time":34246.884094277,"data":"  round 28 client p047: {\"ce_t\": 0.028, \"ce_s\": 0.0534, \"kl_t\": 0.0331, \"kl_s\": 0.0303, \"hid\": 0.0068, \"loss\": 0.6645, \"train_acc_t\": 0.9966, \"train_acc_s\": 0.9892, \"steps\": 525, \"teacher_test_acc\": 0.203, \"teacher_test_loss\": 2.7273, \"teacher_test_macro_f1\": 0.1042, \"gpu\": 1, \"peak_alloc_gb\": 3.321, \"peak_reserved_gb\": 4.1152}\n"}
,{"stream_name":"stdout","time":34282.766797315,"data":"VRAM 2026/10/04 18:19:06.217, 0, 4367 MiB, 15360 MiB, 94 %\n"}
,{"stream_name":"stdout","time":34282.769755722,"data":"VRAM 2026/10/04 18:19:06.219, 1, 4359 MiB, 15360 MiB, 91 %\n"}
,{"stream_name":"stdout","time":34289.582494156,"data":"  round 28 client p049: {\"ce_t\": 0.0158, \"ce_s\": 0.0171, \"kl_t\": 0.0142, \"kl_s\": 0.0135, \"hid\": 0.0059, \"loss\": 0.753, \"train_acc_t\": 0.999, \"train_acc_s\": 0.9986, \"steps\": 635, \"teacher_test_acc\": 0.122, \"teacher_test_loss\": 4.1737, \"teacher_test_macro_f1\": 0.0238, \"gpu\": 0, \"peak_alloc_gb\": 3.3254, \"peak_reserved_gb\": 4.1133}\n"}
,{"stream_name":"stdout","time":34342.77906289,"data":"VRAM 2026/10/04 18:20:06.228, 0, 4367 MiB, 15360 MiB, 96 %\n"}
,{"stream_name":"stdout","time":34342.780588193,"data":"VRAM 2026/10/04 18:20:06.231, 1, 4359 MiB, 15360 MiB, 100 %\n"}
,{"stream_name":"stdout","time":34344.928798005,"data":"  round 28 client p050: {\"ce_t\": 0.0358, \"ce_s\": 0.0514, \"kl_t\": 0.0307, \"kl_s\": 0.0232, \"hid\": 0.0094, \"loss\": 0.7325, \"train_acc_t\": 0.9987, \"train_acc_s\": 0.9901, \"steps\": 495, \"teacher_test_acc\": 0.108, \"teacher_test_loss\": 4.7976, \"teacher_test_macro_f1\": 0.0344, \"gpu\": 1, \"peak_alloc_gb\": 3.3233, \"peak_reserved_gb\": 4.1152}\n"}
,{"stream_name":"stdout","time":34401.765863233,"data":"  round 28 client p051: {\"ce_t\": 0.0409, \"ce_s\": 0.0566, \"kl_t\": 0.0413, \"kl_s\": 0.0448, \"hid\": 0.0093, \"loss\": 0.7471, \"train_acc_t\": 0.995, \"train_acc_s\": 0.9889, \"steps\": 575, \"teacher_test_acc\": 0.188, \"teacher_test_loss\": 3.4908, \"teacher_test_macro_f1\": 0.0937, \"gpu\": 0, \"peak_alloc_gb\": 3.3144, \"peak_reserved_gb\": 4.1133}\n"}
,{"stream_name":"stdout","time":34402.788605075,"data":"VRAM 2026/10/04 18:21:06.239, 0, 4367 MiB, 15360 MiB, 0 %\n"}
,{"stream_name":"stdout","time":34402.790693169,"data":"VRAM 2026/10/04 18:21:06.240, 1, 4359 MiB, 15360 MiB, 95 %\n"}
,{"stream_name":"stdout","time":34438.362401673,"data":"  round 28 client p052: {\"ce_t\": 0.0187, \"ce_s\": 0.0287, \"kl_t\": 0.0188, \"kl_s\": 0.0187, \"hid\": 0.0062, \"loss\": 0.6663, \"train_acc_t\": 0.9981, \"train_acc_s\": 0.9951, \"steps\": 465, \"teacher_test_acc\": 0.233, \"teacher_test_loss\": 2.8158, \"teacher_test_macro_f1\": 0.1724, \"gpu\": 1, \"peak_alloc_gb\": 3.3254, \"peak_reserved_gb\": 4.1152}\n"}
,{"stream_name":"stdout","time":34462.800425638,"data":"VRAM 2026/10/04 18:22:06.249, 0, 4367 MiB, 15360 MiB, 82 %\n"}
,{"stream_name":"stdout","time":34462.800728054,"data":"VRAM 2026/10/04 18:22:06.251, 1, 4359 MiB, 15360 MiB, 87 %\n"}
,{"stream_name":"stdout","time":34503.221545311,"data":"  round 28 client p056: {\"ce_t\": 0.032, \"ce_s\": 0.0469, \"kl_t\": 0.034, \"kl_s\": 0.0333, \"hid\": 0.0092, \"loss\": 0.7411, \"train_acc_t\": 0.9985, \"train_acc_s\": 0.9914, \"steps\": 500, \"teacher_test_acc\": 0.147, \"teacher_test_loss\": 3.1084, \"teacher_test_macro_f1\": 0.107, \"gpu\": 0, \"peak_alloc_gb\": 3.3196, \"peak_reserved_gb\": 4.1133}\n"}
,{"stream_name":"stdout","time":34522.808739764,"data":"VRAM 2026/10/04 18:23:06.259, 0, 4367 MiB, 15360 MiB, 0 %\n"}
,{"stream_name":"stdout","time":34522.810266024,"data":"VRAM 2026/10/04 18:23:06.260, 1, 4359 MiB, 15360 MiB, 94 %\n"}
,{"stream_name":"stdout","time":34538.317515197,"data":"  round 28 client p061: {\"ce_t\": 0.0274, \"ce_s\": 0.0456, \"kl_t\": 0.0369, \"kl_s\": 0.0312, \"hid\": 0.0097, \"loss\": 0.8609, \"train_acc_t\": 0.9973, \"train_acc_s\": 0.9923, \"steps\": 510, \"teacher_test_acc\": 0.25, \"teacher_test_loss\": 3.3126, \"teacher_test_macro_f1\": 0.1859, \"gpu\": 1, \"peak_alloc_gb\": 3.313, \"peak_reserved_gb\": 4.1152}\n"}
,{"stream_name":"stdout","time":34545.64970537,"data":"ROUND 28/30: global student acc 0.4660 F1 0.4610 | mean teacher acc 0.1335 F1 0.0644 | 19.7 min\n"}
,{"stream_name":"stdout","time":34582.818450242,"data":"VRAM 2026/10/04 18:24:06.269, 0, 4367 MiB, 15360 MiB, 94 %\n"}
,{"stream_name":"stdout","time":34582.8197916,"data":"VRAM 2026/10/04 18:24:06.270, 1, 4359 MiB, 15360 MiB, 93 %\n"}
,{"stream_name":"stdout","time":34636.682815298,"data":"  round 29 client p002: {\"ce_t\": 0.0204, \"ce_s\": 0.0323, \"kl_t\": 0.0232, \"kl_s\": 0.02, \"hid\": 0.0068, \"loss\": 0.7127, \"train_acc_t\": 0.9994, \"train_acc_s\": 0.9956, \"steps\": 455, \"teacher_test_acc\": 0.148, \"teacher_test_loss\": 2.8573, \"teacher_test_macro_f1\": 0.0616, \"gpu\": 0, \"peak_alloc_gb\": 3.3349, \"peak_reserved_gb\": 4.1133}\n"}
,{"stream_name":"stdout","time":34642.830582331,"data":"VRAM 2026/10/04 18:25:06.279, 0, 4367 MiB, 15360 MiB, 94 %\n"}
,{"stream_name":"stdout","time":34642.83218447,"data":"VRAM 2026/10/04 18:25:06.282, 1, 4359 MiB, 15360 MiB, 92 %\n"}
,{"stream_name":"stdout","time":34649.496581506,"data":"  round 29 client p012: {\"ce_t\": 0.0332, \"ce_s\": 0.0644, \"kl_t\": 0.0561, \"kl_s\": 0.0389, \"hid\": 0.0097, \"loss\": 0.7955, \"train_acc_t\": 0.9998, \"train_acc_s\": 0.9864, \"steps\": 515, \"teacher_test_acc\": 0.075, \"teacher_test_loss\": 4.3172, \"teacher_test_macro_f1\": 0.0456, \"gpu\": 1, \"peak_alloc_gb\": 3.3336, \"peak_reserved_gb\": 4.1152}\n"}
,{"stream_name":"stdout","time":34702.840605642,"data":"VRAM 2026/10/04 18:26:06.290, 0, 4367 MiB, 15360 MiB, 85 %\n"}
,{"stream_name":"stdout","time":34702.842314654,"data":"VRAM 2026/10/04 18:26:06.292, 1, 4359 MiB, 15360 MiB, 90 %\n"}
,{"stream_name":"stdout","time":34746.028860965,"data":"  round 29 client p014: {\"ce_t\": 0.0346, \"ce_s\": 0.051, \"kl_t\": 0.0367, \"kl_s\": 0.0342, \"hid\": 0.0088, \"loss\": 0.8262, \"train_acc_t\": 0.9979, \"train_acc_s\": 0.9906, \"steps\": 550, \"teacher_test_acc\": 0.084, \"teacher_test_loss\": 3.0122, \"teacher_test_macro_f1\": 0.0214, \"gpu\": 0, \"peak_alloc_gb\": 3.3193, \"peak_reserved_gb\": 4.1133}\n"}
,{"stream_name":"stdout","time":34759.164021295,"data":"  round 29 client p015: {\"ce_t\": 0.0172, \"ce_s\": 0.0283, \"kl_t\": 0.0248, \"kl_s\": 0.0175, \"hid\": 0.0057, \"loss\": 0.6304, \"train_acc_t\": 0.9993, \"train_acc_s\": 0.9947, \"steps\": 550, \"teacher_test_acc\": 0.122, \"teacher_test_loss\": 4.869, \"teacher_test_macro_f1\": 0.0221, \"gpu\": 1, \"peak_alloc_gb\": 3.3196, \"peak_reserved_gb\": 4.1152}\n"}
,{"stream_name":"stdout","time":34762.852254041,"data":"VRAM 2026/10/04 18:27:06.301, 0, 4367 MiB, 15360 MiB, 89 %\n"}
,{"stream_name":"stdout","time":34762.85519575,"data":"VRAM 2026/10/04 18:27:06.304, 1, 4359 MiB, 15360 MiB, 85 %\n"}
,{"stream_name":"stdout","time":34822.866225512,"data":"VRAM 2026/10/04 18:28:06.314, 0, 4367 MiB, 15360 MiB, 90 %\n"}
,{"stream_name":"stdout","time":34822.866525811,"data":"VRAM 2026/10/04 18:28:06.316, 1, 4359 MiB, 15360 MiB, 85 %\n"}
,{"stream_name":"stdout","time":34878.056087637,"data":"  round 29 client p016: {\"ce_t\": 0.0126, \"ce_s\": 0.024, \"kl_t\": 0.0103, \"kl_s\": 0.0091, \"hid\": 0.0051, \"loss\": 0.8068, \"train_acc_t\": 0.9983, \"train_acc_s\": 0.995, \"steps\": 675, \"teacher_test_acc\": 0.105, \"teacher_test_loss\": 4.9771, \"teacher_test_macro_f1\": 0.031, \"gpu\": 0, \"peak_alloc_gb\": 3.3327, \"peak_reserved_gb\": 4.1133}\n"}
,{"stream_name":"stdout","time":34882.876006169,"data":"VRAM 2026/10/04 18:29:06.325, 0, 4367 MiB, 15360 MiB, 95 %\n"}
,{"stream_name":"stdout","time":34882.876380386,"data":"VRAM 2026/10/04 18:29:06.327, 1, 4359 MiB, 15360 MiB, 93 %\n"}
,{"stream_name":"stdout","time":34908.497278725,"data":"  round 29 client p021: {\"ce_t\": 0.0267, \"ce_s\": 0.0458, \"kl_t\": 0.0351, \"kl_s\": 0.0285, \"hid\": 0.0077, \"loss\": 0.6986, \"train_acc_t\": 0.9985, \"train_acc_s\": 0.9921, \"steps\": 775, \"teacher_test_acc\": 0.186, \"teacher_test_loss\": 3.9141, \"teacher_test_macro_f1\": 0.0953, \"gpu\": 1, \"peak_alloc_gb\": 3.3253, \"peak_reserved_gb\": 4.1152}\n"}
,{"stream_name":"stdout","time":34942.887475823,"data":"VRAM 2026/10/04 18:30:06.334, 0, 4367 MiB, 15360 MiB, 89 %\n"}
,{"stream_name":"stdout","time":34942.887703423,"data":"VRAM 2026/10/04 18:30:06.335, 1, 4359 MiB, 15360 MiB, 86 %\n"}
,{"stream_name":"stdout","time":35002.897479791,"data":"VRAM 2026/10/04 18:31:06.346, 0, 4367 MiB, 15360 MiB, 84 %\n"}
,{"stream_name":"stdout","time":35002.899403409,"data":"VRAM 2026/10/04 18:31:06.349, 1, 4359 MiB, 15360 MiB, 87 %\n"}
,{"stream_name":"stdout","time":35026.118081045,"data":"  round 29 client p022: {\"ce_t\": 0.0147, \"ce_s\": 0.0192, \"kl_t\": 0.0141, \"kl_s\": 0.0114, \"hid\": 0.0046, \"loss\": 0.6048, \"train_acc_t\": 0.9994, \"train_acc_s\": 0.9972, \"steps\": 775, \"teacher_test_acc\": 0.142, \"teacher_test_loss\": 3.4952, \"teacher_test_macro_f1\": 0.0716, \"gpu\": 0, \"peak_alloc_gb\": 3.32, \"peak_reserved_gb\": 4.1133}\n"}
,{"stream_name":"stdout","time":35055.494148739,"data":"  round 29 client p024: {\"ce_t\": 0.0179, \"ce_s\": 0.0258, \"kl_t\": 0.0297, \"kl_s\": 0.0222, \"hid\": 0.0047, \"loss\": 0.6103, \"train_acc_t\": 0.9987, \"train_acc_s\": 0.9949, \"steps\": 770, \"teacher_test_acc\": 0.108, \"teacher_test_loss\": 5.1907, \"teacher_test_macro_f1\": 0.0416, \"gpu\": 1, \"peak_alloc_gb\": 3.3194, \"peak_reserved_gb\": 4.1152}\n"}
,{"stream_name":"stdout","time":35062.909066237,"data":"VRAM 2026/10/04 18:32:06.358, 0, 4367 MiB, 15360 MiB, 94 %\n"}
,{"stream_name":"stdout","time":35062.909413016,"data":"VRAM 2026/10/04 18:32:06.359, 1, 4359 MiB, 15360 MiB, 95 %\n"}
,{"stream_name":"stdout","time":35122.919910952,"data":"VRAM 2026/10/04 18:33:06.367, 0, 4367 MiB, 15360 MiB, 90 %\n"}
,{"stream_name":"stdout","time":35122.920179595,"data":"VRAM 2026/10/04 18:33:06.369, 1, 4359 MiB, 15360 MiB, 93 %\n"}
,{"stream_name":"stdout","time":35159.435686821,"data":"  round 29 client p035: {\"ce_t\": 0.0187, \"ce_s\": 0.029, \"kl_t\": 0.0246, \"kl_s\": 0.0197, \"hid\": 0.0071, \"loss\": 0.7979, \"train_acc_t\": 0.9998, \"train_acc_s\": 0.9953, \"steps\": 530, \"teacher_test_acc\": 0.134, \"teacher_test_loss\": 3.3879, \"teacher_test_macro_f1\": 0.0747, \"gpu\": 1, \"peak_alloc_gb\": 3.3098, \"peak_reserved_gb\": 4.1152}\n"}
,{"stream_name":"stdout","time":35173.060435669,"data":"  round 29 client p026: {\"ce_t\": 0.0272, \"ce_s\": 0.0371, \"kl_t\": 0.0257, \"kl_s\": 0.0221, \"hid\": 0.0063, \"loss\": 0.6465, \"train_acc_t\": 0.9983, \"train_acc_s\": 0.9946, \"steps\": 750, \"teacher_test_acc\": 0.099, \"teacher_test_loss\": 3.094, \"teacher_test_macro_f1\": 0.0523, \"gpu\": 0, \"peak_alloc_gb\": 3.323, \"peak_reserved_gb\": 4.1133}\n"}
,{"stream_name":"stdout","time":35182.933936645,"data":"VRAM 2026/10/04 18:34:06.379, 0, 4367 MiB, 15360 MiB, 92 %\n"}
,{"stream_name":"stdout","time":35182.934003301,"data":"VRAM 2026/10/04 18:34:06.382, 1, 4359 MiB, 15360 MiB, 89 %\n"}
,{"stream_name":"stdout","time":35242.843105658,"data":"  round 29 client p039: {\"ce_t\": 0.0203, \"ce_s\": 0.0255, \"kl_t\": 0.0185, \"kl_s\": 0.0163, \"hid\": 0.0088, \"loss\": 0.8215, \"train_acc_t\": 0.9991, \"train_acc_s\": 0.9963, \"steps\": 410, \"teacher_test_acc\": 0.105, \"teacher_test_loss\": 5.9449, \"teacher_test_macro_f1\": 0.0365, \"gpu\": 1, \"peak_alloc_gb\": 3.3165, \"peak_reserved_gb\": 4.1152}\n"}
,{"stream_name":"stdout","time":35242.941876815,"data":"VRAM 2026/10/04 18:35:06.391, 0, 4367 MiB, 15360 MiB, 91 %\n"}
,{"stream_name":"stdout","time":35242.942759203,"data":"VRAM 2026/10/04 18:35:06.394, 1, 4359 MiB, 15360 MiB, 0 %\n"}
,{"stream_name":"stdout","time":35251.154405141,"data":"  round 29 client p041: {\"ce_t\": 0.0143, \"ce_s\": 0.0236, \"kl_t\": 0.0171, \"kl_s\": 0.0118, \"hid\": 0.0072, \"loss\": 0.7742, \"train_acc_t\": 1.0, \"train_acc_s\": 0.9974, \"steps\": 380, \"teacher_test_acc\": 0.213, \"teacher_test_loss\": 2.485, \"teacher_test_macro_f1\": 0.1419, \"gpu\": 0, \"peak_alloc_gb\": 3.3374, \"peak_reserved_gb\": 4.1133}\n"}
,{"stream_name":"stdout","time":35302.951065771,"data":"VRAM 2026/10/04 18:36:06.401, 0, 4367 MiB, 15360 MiB, 85 %\n"}
,{"stream_name":"stdout","time":35302.953477861,"data":"VRAM 2026/10/04 18:36:06.403, 1, 4359 MiB, 15360 MiB, 86 %\n"}
,{"stream_name":"stdout","time":35319.768193737,"data":"  round 29 client p042: {\"ce_t\": 0.0243, \"ce_s\": 0.0354, \"kl_t\": 0.0506, \"kl_s\": 0.0452, \"hid\": 0.0096, \"loss\": 0.8572, \"train_acc_t\": 0.9973, \"train_acc_s\": 0.9926, \"steps\": 370, \"teacher_test_acc\": 0.189, \"teacher_test_loss\": 2.3729, \"teacher_test_macro_f1\": 0.1061, \"gpu\": 1, \"peak_alloc_gb\": 3.3301, \"peak_reserved_gb\": 4.1152}\n"}
,{"stream_name":"stdout","time":35343.753329247,"data":"  round 29 client p045: {\"ce_t\": 0.0205, \"ce_s\": 0.0233, \"kl_t\": 0.0122, \"kl_s\": 0.0126, \"hid\": 0.0061, \"loss\": 0.7069, \"train_acc_t\": 0.9978, \"train_acc_s\": 0.9964, \"steps\": 455, \"teacher_test_acc\": 0.09, \"teacher_test_loss\": 4.2412, \"teacher_test_macro_f1\": 0.0308, \"gpu\": 0, \"peak_alloc_gb\": 3.3254, \"peak_reserved_gb\": 4.1133}\n"}
,{"stream_name":"stdout","time":35362.961990662,"data":"VRAM 2026/10/04 18:37:06.412, 0, 4367 MiB, 15360 MiB, 87 %\n"}
,{"stream_name":"stdout","time":35362.963395422,"data":"VRAM 2026/10/04 18:37:06.414, 1, 4359 MiB, 15360 MiB, 84 %\n"}
,{"stream_name":"stdout","time":35422.9717595,"data":"VRAM 2026/10/04 18:38:06.422, 0, 4367 MiB, 15360 MiB, 79 %\n"}
,{"stream_name":"stdout","time":35422.972854567,"data":"VRAM 2026/10/04 18:38:06.424, 1, 4359 MiB, 15360 MiB, 2 %\n"}
,{"stream_name":"stdout","time":35423.884467101,"data":"  round 29 client p047: {\"ce_t\": 0.0337, \"ce_s\": 0.066, \"kl_t\": 0.0424, \"kl_s\": 0.0381, \"hid\": 0.0069, \"loss\": 0.6289, \"train_acc_t\": 0.9971, \"train_acc_s\": 0.9868, \"steps\": 525, \"teacher_test_acc\": 0.196, \"teacher_test_loss\": 2.6548, \"teacher_test_macro_f1\": 0.1054, \"gpu\": 1, \"peak_alloc_gb\": 3.3216, \"peak_reserved_gb\": 4.1152}\n"}
,{"stream_name":"stdout","time":35469.236047882,"data":"  round 29 client p049: {\"ce_t\": 0.0157, \"ce_s\": 0.0132, \"kl_t\": 0.0095, \"kl_s\": 0.0107, \"hid\": 0.0046, \"loss\": 0.6675, \"train_acc_t\": 0.998, \"train_acc_s\": 0.9994, \"steps\": 635, \"teacher_test_acc\": 0.121, \"teacher_test_loss\": 5.0466, \"teacher_test_macro_f1\": 0.0216, \"gpu\": 0, \"peak_alloc_gb\": 3.3338, \"peak_reserved_gb\": 4.1133}\n"}
,{"stream_name":"stdout","time":35482.981262272,"data":"VRAM 2026/10/04 18:39:06.431, 0, 4367 MiB, 15360 MiB, 82 %\n"}
,{"stream_name":"stdout","time":35482.983495256,"data":"VRAM 2026/10/04 18:39:06.433, 1, 4359 MiB, 15360 MiB, 79 %\n"}
,{"stream_name":"stdout","time":35524.846707851,"data":"  round 29 client p050: {\"ce_t\": 0.0349, \"ce_s\": 0.065, \"kl_t\": 0.0524, \"kl_s\": 0.0391, \"hid\": 0.0091, \"loss\": 0.7664, \"train_acc_t\": 0.9987, \"train_acc_s\": 0.9858, \"steps\": 495, \"teacher_test_acc\": 0.105, \"teacher_test_loss\": 2.6526, \"teacher_test_macro_f1\": 0.0336, \"gpu\": 1, \"peak_alloc_gb\": 3.3279, \"peak_reserved_gb\": 4.1152}\n"}
,{"stream_name":"stdout","time":35542.992431114,"data":"VRAM 2026/10/04 18:40:06.441, 0, 4367 MiB, 15360 MiB, 85 %\n"}
,{"stream_name":"stdout","time":35542.993528076,"data":"VRAM 2026/10/04 18:40:06.443, 1, 4359 MiB, 15360 MiB, 82 %\n"}
,{"stream_name":"stdout","time":35585.757590128,"data":"  round 29 client p051: {\"ce_t\": 0.0359, \"ce_s\": 0.0466, \"kl_t\": 0.0353, \"kl_s\": 0.0332, \"hid\": 0.008, \"loss\": 0.6832, \"train_acc_t\": 0.997, \"train_acc_s\": 0.9924, \"steps\": 575, \"teacher_test_acc\": 0.14, \"teacher_test_loss\": 4.4454, \"teacher_test_macro_f1\": 0.0949, \"gpu\": 0, \"peak_alloc_gb\": 3.3212, \"peak_reserved_gb\": 4.1133}\n"}
,{"stream_name":"stdout","time":35603.002224212,"data":"VRAM 2026/10/04 18:41:06.452, 0, 4367 MiB, 15360 MiB, 80 %\n"}
,{"stream_name":"stdout","time":35603.004502457,"data":"VRAM 2026/10/04 18:41:06.454, 1, 4359 MiB, 15360 MiB, 80 %\n"}
,{"stream_name":"stdout","time":35620.782015126,"data":"  round 29 client p052: {\"ce_t\": 0.0169, \"ce_s\": 0.0352, \"kl_t\": 0.0245, \"kl_s\": 0.0186, \"hid\": 0.0052, \"loss\": 0.6463, \"train_acc_t\": 0.9986, \"train_acc_s\": 0.9938, \"steps\": 465, \"teacher_test_acc\": 0.261, \"teacher_test_loss\": 2.7469, \"teacher_test_macro_f1\": 0.1778, \"gpu\": 1, \"peak_alloc_gb\": 3.3178, \"peak_reserved_gb\": 4.1152}\n"}
,{"stream_name":"stdout","time":35663.012824423,"data":"VRAM 2026/10/04 18:42:06.463, 0, 4367 MiB, 15360 MiB, 90 %\n"}
,{"stream_name":"stdout","time":35663.014885955,"data":"VRAM 2026/10/04 18:42:06.464, 1, 4359 MiB, 15360 MiB, 87 %\n"}
,{"stream_name":"stdout","time":35687.626037925,"data":"  round 29 client p056: {\"ce_t\": 0.0305, \"ce_s\": 0.0563, \"kl_t\": 0.0383, \"kl_s\": 0.0331, \"hid\": 0.0084, \"loss\": 0.7148, \"train_acc_t\": 0.9987, \"train_acc_s\": 0.9899, \"steps\": 500, \"teacher_test_acc\": 0.141, \"teacher_test_loss\": 2.8771, \"teacher_test_macro_f1\": 0.091, \"gpu\": 0, \"peak_alloc_gb\": 3.3343, \"peak_reserved_gb\": 4.1133}\n"}
,{"stream_name":"stdout","time":35720.737610155,"data":"  round 29 client p061: {\"ce_t\": 0.0194, \"ce_s\": 0.0341, \"kl_t\": 0.0254, \"kl_s\": 0.0199, \"hid\": 0.0075, \"loss\": 0.7315, \"train_acc_t\": 0.9993, \"train_acc_s\": 0.9938, \"steps\": 510, \"teacher_test_acc\": 0.224, \"teacher_test_loss\": 4.1672, \"teacher_test_macro_f1\": 0.1507, \"gpu\": 1, \"peak_alloc_gb\": 3.314, \"peak_reserved_gb\": 4.1152}\n"}
,{"stream_name":"stdout","time":35723.023456979,"data":"VRAM 2026/10/04 18:43:06.473, 0, 4367 MiB, 15360 MiB, 99 %\n"}
,{"stream_name":"stdout","time":35723.025266909,"data":"VRAM 2026/10/04 18:43:06.475, 1, 4359 MiB, 15360 MiB, 0 %\n"}
,{"stream_name":"stdout","time":35728.195480964,"data":"ROUND 29/30: global student acc 0.4561 F1 0.4456 | mean teacher acc 0.1423 F1 0.0718 | 19.7 min\n"}
,{"stream_name":"stdout","time":35783.040406473,"data":"VRAM 2026/10/04 18:44:06.484, 0, 4367 MiB, 15360 MiB, 91 %\n"}
,{"stream_name":"stdout","time":35783.040451876,"data":"VRAM 2026/10/04 18:44:06.485, 1, 4359 MiB, 15360 MiB, 91 %\n"}
,{"stream_name":"stdout","time":35830.476714879,"data":"  round 30 client p002: {\"ce_t\": 0.0225, \"ce_s\": 0.0415, \"kl_t\": 0.0357, \"kl_s\": 0.0312, \"hid\": 0.0087, \"loss\": 0.8596, \"train_acc_t\": 0.9992, \"train_acc_s\": 0.9937, \"steps\": 455, \"teacher_test_acc\": 0.1295, \"teacher_test_loss\": 2.8346, \"teacher_test_macro_f1\": 0.0577, \"gpu\": 0, \"peak_alloc_gb\": 3.335, \"peak_reserved_gb\": 4.1133}\n"}
,{"stream_name":"stdout","time":35842.036118375,"data":"  round 30 client p012: {\"ce_t\": 0.0351, \"ce_s\": 0.0698, \"kl_t\": 0.0594, \"kl_s\": 0.052, \"hid\": 0.0102, \"loss\": 0.8241, \"train_acc_t\": 0.9983, \"train_acc_s\": 0.9876, \"steps\": 515, \"teacher_test_acc\": 0.1074, \"teacher_test_loss\": 4.5527, \"teacher_test_macro_f1\": 0.0676, \"gpu\": 1, \"peak_alloc_gb\": 3.3361, \"peak_reserved_gb\": 4.1152}\n"}
,{"stream_name":"stdout","time":35843.048325565,"data":"VRAM 2026/10/04 18:45:06.497, 0, 4367 MiB, 15360 MiB, 94 %\n"}
,{"stream_name":"stdout","time":35843.049682554,"data":"VRAM 2026/10/04 18:45:06.500, 1, 4359 MiB, 15360 MiB, 0 %\n"}
,{"stream_name":"stdout","time":35903.058561423,"data":"VRAM 2026/10/04 18:46:06.508, 0, 4367 MiB, 15360 MiB, 85 %\n"}
,{"stream_name":"stdout","time":35903.059775169,"data":"VRAM 2026/10/04 18:46:06.510, 1, 4359 MiB, 15360 MiB, 83 %\n"}
,{"stream_name":"stdout","time":35950.007153621,"data":"  round 30 client p014: {\"ce_t\": 0.0288, \"ce_s\": 0.05, \"kl_t\": 0.0252, \"kl_s\": 0.022, \"hid\": 0.0083, \"loss\": 0.829, \"train_acc_t\": 0.9998, \"train_acc_s\": 0.9884, \"steps\": 550, \"teacher_test_acc\": 0.1032, \"teacher_test_loss\": 3.4789, \"teacher_test_macro_f1\": 0.0338, \"gpu\": 0, \"peak_alloc_gb\": 3.3224, \"peak_reserved_gb\": 4.1133}\n"}
,{"stream_name":"stdout","time":35961.33374439,"data":"  round 30 client p015: {\"ce_t\": 0.0166, \"ce_s\": 0.0324, \"kl_t\": 0.0337, \"kl_s\": 0.0217, \"hid\": 0.0054, \"loss\": 0.6293, \"train_acc_t\": 0.9998, \"train_acc_s\": 0.9943, \"steps\": 550, \"teacher_test_acc\": 0.1183, \"teacher_test_loss\": 4.8393, \"teacher_test_macro_f1\": 0.0216, \"gpu\": 1, \"peak_alloc_gb\": 3.317, \"peak_reserved_gb\": 4.1152}\n"}
,{"stream_name":"stdout","time":35963.066861208,"data":"VRAM 2026/10/04 18:47:06.518, 0, 4367 MiB, 15360 MiB, 10 %\n"}
,{"stream_name":"stdout","time":35963.068091803,"data":"VRAM 2026/10/04 18:47:06.519, 1, 4359 MiB, 15360 MiB, 0 %\n"}
,{"stream_name":"stdout","time":36023.076560776,"data":"VRAM 2026/10/04 18:48:06.527, 0, 4367 MiB, 15360 MiB, 82 %\n"}
,{"stream_name":"stdout","time":36023.07783004,"data":"VRAM 2026/10/04 18:48:06.528, 1, 4359 MiB, 15360 MiB, 82 %\n"}
,{"stream_name":"stdout","time":36083.086611282,"data":"VRAM 2026/10/04 18:49:06.536, 0, 4367 MiB, 15360 MiB, 99 %\n"}
,{"stream_name":"stdout","time":36083.088737063,"data":"VRAM 2026/10/04 18:49:06.538, 1, 4359 MiB, 15360 MiB, 93 %\n"}
,{"stream_name":"stdout","time":36093.036934494,"data":"  round 30 client p016: {\"ce_t\": 0.0151, \"ce_s\": 0.0229, \"kl_t\": 0.0129, \"kl_s\": 0.0121, \"hid\": 0.0041, \"loss\": 0.6036, \"train_acc_t\": 0.9989, \"train_acc_s\": 0.9965, \"steps\": 675, \"teacher_test_acc\": 0.092, \"teacher_test_loss\": 5.8098, \"teacher_test_macro_f1\": 0.0176, \"gpu\": 0, \"peak_alloc_gb\": 3.3411, \"peak_reserved_gb\": 4.1133}\n"}
,{"stream_name":"stdout","time":36122.44194556,"data":"  round 30 client p021: {\"ce_t\": 0.0264, \"ce_s\": 0.046, \"kl_t\": 0.0371, \"kl_s\": 0.0313, \"hid\": 0.0065, \"loss\": 0.6653, \"train_acc_t\": 0.9979, \"train_acc_s\": 0.9916, \"steps\": 775, \"teacher_test_acc\": 0.1751, \"teacher_test_loss\": 3.9218, \"teacher_test_macro_f1\": 0.1023, \"gpu\": 1, \"peak_alloc_gb\": 3.3241, \"peak_reserved_gb\": 4.1152}\n"}
,{"stream_name":"stdout","time":36143.098014475,"data":"VRAM 2026/10/04 18:50:06.547, 0, 4367 MiB, 15360 MiB, 84 %\n"}
,{"stream_name":"stdout","time":36143.098370795,"data":"VRAM 2026/10/04 18:50:06.549, 1, 4359 MiB, 15360 MiB, 85 %\n"}
,{"stream_name":"stdout","time":36203.106730205,"data":"VRAM 2026/10/04 18:51:06.557, 0, 4367 MiB, 15360 MiB, 87 %\n"}
,{"stream_name":"stdout","time":36203.108205065,"data":"VRAM 2026/10/04 18:51:06.559, 1, 4359 MiB, 15360 MiB, 82 %\n"}
,{"stream_name":"stdout","time":36254.911389823,"data":"  round 30 client p022: {\"ce_t\": 0.0057, \"ce_s\": 0.0068, \"kl_t\": 0.0029, \"kl_s\": 0.0026, \"hid\": 0.0022, \"loss\": 0.536, \"train_acc_t\": 0.9998, \"train_acc_s\": 0.9995, \"steps\": 775, \"teacher_test_acc\": 0.1212, \"teacher_test_loss\": 4.0625, \"teacher_test_macro_f1\": 0.0511, \"gpu\": 0, \"peak_alloc_gb\": 3.3261, \"peak_reserved_gb\": 4.1133}\n"}
,{"stream_name":"stdout","time":36263.117145812,"data":"VRAM 2026/10/04 18:52:06.567, 0, 4367 MiB, 15360 MiB, 87 %\n"}
,{"stream_name":"stdout","time":36263.118856052,"data":"VRAM 2026/10/04 18:52:06.569, 1, 4359 MiB, 15360 MiB, 84 %\n"}
,{"stream_name":"stdout","time":36283.364150485,"data":"  round 30 client p024: {\"ce_t\": 0.01, \"ce_s\": 0.0164, \"kl_t\": 0.0147, \"kl_s\": 0.0115, \"hid\": 0.0035, \"loss\": 0.6498, \"train_acc_t\": 0.9995, \"train_acc_s\": 0.9976, \"steps\": 770, \"teacher_test_acc\": 0.177, \"teacher_test_loss\": 4.2395, \"teacher_test_macro_f1\": 0.1108, \"gpu\": 1, \"peak_alloc_gb\": 3.3188, \"peak_reserved_gb\": 4.1152}\n"}
,{"stream_name":"stdout","time":36323.131460935,"data":"VRAM 2026/10/04 18:53:06.577, 0, 4367 MiB, 15360 MiB, 86 %\n"}
,{"stream_name":"stdout","time":36323.13150526,"data":"VRAM 2026/10/04 18:53:06.582, 1, 4359 MiB, 15360 MiB, 84 %\n"}
,{"stream_name":"stdout","time":36383.139840943,"data":"VRAM 2026/10/04 18:54:06.590, 0, 4367 MiB, 15360 MiB, 95 %\n"}
,{"stream_name":"stdout","time":36383.141562279,"data":"VRAM 2026/10/04 18:54:06.592, 1, 4359 MiB, 15360 MiB, 92 %\n"}
,{"stream_name":"stdout","time":36399.888461037,"data":"  round 30 client p035: {\"ce_t\": 0.0342, \"ce_s\": 0.0358, \"kl_t\": 0.0359, \"kl_s\": 0.0349, \"hid\": 0.0117, \"loss\": 0.8153, \"train_acc_t\": 0.9955, \"train_acc_s\": 0.9948, \"steps\": 530, \"teacher_test_acc\": 0.1019, \"teacher_test_loss\": 3.8874, \"teacher_test_macro_f1\": 0.0576, \"gpu\": 1, \"peak_alloc_gb\": 3.3052, \"peak_reserved_gb\": 4.1152}\n"}
,{"stream_name":"stdout","time":36414.901832835,"data":"  round 30 client p026: {\"ce_t\": 0.0211, \"ce_s\": 0.0263, \"kl_t\": 0.0222, \"kl_s\": 0.0186, \"hid\": 0.0062, \"loss\": 0.6816, \"train_acc_t\": 0.9987, \"train_acc_s\": 0.9953, \"steps\": 750, \"teacher_test_acc\": 0.0925, \"teacher_test_loss\": 3.0634, \"teacher_test_macro_f1\": 0.0452, \"gpu\": 0, \"peak_alloc_gb\": 3.3253, \"peak_reserved_gb\": 4.1133}\n"}
,{"stream_name":"stdout","time":36443.150072474,"data":"VRAM 2026/10/04 18:55:06.600, 0, 4367 MiB, 15360 MiB, 89 %\n"}
,{"stream_name":"stdout","time":36443.15164644,"data":"VRAM 2026/10/04 18:55:06.602, 1, 4359 MiB, 15360 MiB, 91 %\n"}
,{"stream_name":"stdout","time":36493.779801856,"data":"  round 30 client p039: {\"ce_t\": 0.0274, \"ce_s\": 0.0443, \"kl_t\": 0.0376, \"kl_s\": 0.0325, \"hid\": 0.0101, \"loss\": 0.8559, \"train_acc_t\": 0.9978, \"train_acc_s\": 0.992, \"steps\": 410, \"teacher_test_acc\": 0.1251, \"teacher_test_loss\": 5.0657, \"teacher_test_macro_f1\": 0.0477, \"gpu\": 1, \"peak_alloc_gb\": 3.3161, \"peak_reserved_gb\": 4.1152}\n"}
,{"stream_name":"stdout","time":36503.158882291,"data":"VRAM 2026/10/04 18:56:06.609, 0, 4367 MiB, 15360 MiB, 2 %\n"}
,{"stream_name":"stdout","time":36503.160404103,"data":"VRAM 2026/10/04 18:56:06.611, 1, 4359 MiB, 15360 MiB, 84 %\n"}
,{"stream_name":"stdout","time":36504.235640371,"data":"  round 30 client p041: {\"ce_t\": 0.0152, \"ce_s\": 0.0245, \"kl_t\": 0.0149, \"kl_s\": 0.0149, \"hid\": 0.0065, \"loss\": 0.7349, \"train_acc_t\": 0.9997, \"train_acc_s\": 0.9964, \"steps\": 380, \"teacher_test_acc\": 0.1702, \"teacher_test_loss\": 2.6475, \"teacher_test_macro_f1\": 0.1074, \"gpu\": 0, \"peak_alloc_gb\": 3.3318, \"peak_reserved_gb\": 4.1133}\n"}
,{"stream_name":"stdout","time":36563.169249534,"data":"VRAM 2026/10/04 18:57:06.619, 0, 4367 MiB, 15360 MiB, 87 %\n"}
,{"stream_name":"stdout","time":36563.170892041,"data":"VRAM 2026/10/04 18:57:06.621, 1, 4359 MiB, 15360 MiB, 87 %\n"}
,{"stream_name":"stdout","time":36580.50559906,"data":"  round 30 client p042: {\"ce_t\": 0.0218, \"ce_s\": 0.0336, \"kl_t\": 0.0266, \"kl_s\": 0.0296, \"hid\": 0.0084, \"loss\": 0.6954, \"train_acc_t\": 0.998, \"train_acc_s\": 0.9942, \"steps\": 370, \"teacher_test_acc\": 0.1436, \"teacher_test_loss\": 2.817, \"teacher_test_macro_f1\": 0.0913, \"gpu\": 1, \"peak_alloc_gb\": 3.3322, \"peak_reserved_gb\": 4.1152}\n"}
,{"stream_name":"stdout","time":36608.119467937,"data":"  round 30 client p045: {\"ce_t\": 0.0199, \"ce_s\": 0.0271, \"kl_t\": 0.0203, \"kl_s\": 0.0173, \"hid\": 0.0071, \"loss\": 0.7773, \"train_acc_t\": 0.9986, \"train_acc_s\": 0.9953, \"steps\": 455, \"teacher_test_acc\": 0.1061, \"teacher_test_loss\": 3.3151, \"teacher_test_macro_f1\": 0.0429, \"gpu\": 0, \"peak_alloc_gb\": 3.3246, \"peak_reserved_gb\": 4.1133}\n"}
,{"stream_name":"stdout","time":36623.178523608,"data":"VRAM 2026/10/04 18:58:06.629, 0, 4367 MiB, 15360 MiB, 89 %\n"}
,{"stream_name":"stdout","time":36623.179942989,"data":"VRAM 2026/10/04 18:58:06.630, 1, 4359 MiB, 15360 MiB, 83 %\n"}
,{"stream_name":"stdout","time":36683.190130486,"data":"VRAM 2026/10/04 18:59:06.638, 0, 4367 MiB, 15360 MiB, 73 %\n"}
,{"stream_name":"stdout","time":36683.191887533,"data":"VRAM 2026/10/04 18:59:06.642, 1, 4359 MiB, 15360 MiB, 100 %\n"}
,{"stream_name":"stdout","time":36695.802004808,"data":"  round 30 client p047: {\"ce_t\": 0.0432, \"ce_s\": 0.0716, \"kl_t\": 0.0501, \"kl_s\": 0.0483, \"hid\": 0.0079, \"loss\": 0.6869, \"train_acc_t\": 0.9952, \"train_acc_s\": 0.9847, \"steps\": 525, \"teacher_test_acc\": 0.1962, \"teacher_test_loss\": 2.9083, \"teacher_test_macro_f1\": 0.112, \"gpu\": 1, \"peak_alloc_gb\": 3.3172, \"peak_reserved_gb\": 4.1152}\n"}
,{"stream_name":"stdout","time":36743.202409873,"data":"VRAM 2026/10/04 19:00:06.650, 0, 4367 MiB, 15360 MiB, 70 %\n"}
,{"stream_name":"stdout","time":36743.202450101,"data":"VRAM 2026/10/04 19:00:06.651, 1, 4359 MiB, 15360 MiB, 84 %\n"}
,{"stream_name":"stdout","time":36744.667204944,"data":"  round 30 client p049: {\"ce_t\": 0.0144, \"ce_s\": 0.0215, \"kl_t\": 0.0176, \"kl_s\": 0.0124, \"hid\": 0.005, \"loss\": 0.6862, \"train_acc_t\": 0.9998, \"train_acc_s\": 0.9972, \"steps\": 635, \"teacher_test_acc\": 0.1233, \"teacher_test_loss\": 4.1905, \"teacher_test_macro_f1\": 0.0409, \"gpu\": 0, \"peak_alloc_gb\": 3.3264, \"peak_reserved_gb\": 4.1133}\n"}
,{"stream_name":"stdout","time":36803.209843542,"data":"VRAM 2026/10/04 19:01:06.660, 0, 4367 MiB, 15360 MiB, 84 %\n"}
,{"stream_name":"stdout","time":36803.212655477,"data":"VRAM 2026/10/04 19:01:06.662, 1, 4359 MiB, 15360 MiB, 100 %\n"}
,{"stream_name":"stdout","time":36805.721330945,"data":"  round 30 client p050: {\"ce_t\": 0.0392, \"ce_s\": 0.0569, \"kl_t\": 0.0511, \"kl_s\": 0.0432, \"hid\": 0.0105, \"loss\": 0.8648, \"train_acc_t\": 0.9972, \"train_acc_s\": 0.9886, \"steps\": 495, \"teacher_test_acc\": 0.0993, \"teacher_test_loss\": 4.076, \"teacher_test_macro_f1\": 0.0304, \"gpu\": 1, \"peak_alloc_gb\": 3.3188, \"peak_reserved_gb\": 4.1152}\n"}
,{"stream_name":"stdout","time":36863.221147135,"data":"VRAM 2026/10/04 19:02:06.671, 0, 4367 MiB, 15360 MiB, 100 %\n"}
,{"stream_name":"stdout","time":36863.223652794,"data":"VRAM 2026/10/04 19:02:06.673, 1, 4359 MiB, 15360 MiB, 85 %\n"}
,{"stream_name":"stdout","time":36870.120934772,"data":"  round 30 client p051: {\"ce_t\": 0.0265, \"ce_s\": 0.0449, \"kl_t\": 0.0287, \"kl_s\": 0.0239, \"hid\": 0.0068, \"loss\": 0.6944, \"train_acc_t\": 0.9993, \"train_acc_s\": 0.9922, \"steps\": 575, \"teacher_test_acc\": 0.1386, \"teacher_test_loss\": 4.1778, \"teacher_test_macro_f1\": 0.0803, \"gpu\": 0, \"peak_alloc_gb\": 3.3214, \"peak_reserved_gb\": 4.1133}\n"}
,{"stream_name":"stdout","time":36908.286440279,"data":"  round 30 client p052: {\"ce_t\": 0.0251, \"ce_s\": 0.0435, \"kl_t\": 0.0336, \"kl_s\": 0.0285, \"hid\": 0.0068, \"loss\": 0.7016, \"train_acc_t\": 0.9978, \"train_acc_s\": 0.9922, \"steps\": 465, \"teacher_test_acc\": 0.239, \"teacher_test_loss\": 3.0927, \"teacher_test_macro_f1\": 0.1719, \"gpu\": 1, \"peak_alloc_gb\": 3.3089, \"peak_reserved_gb\": 4.1152}\n"}
,{"stream_name":"stdout","time":36923.232143566,"data":"VRAM 2026/10/04 19:03:06.682, 0, 4367 MiB, 15360 MiB, 96 %\n"}
,{"stream_name":"stdout","time":36923.234842535,"data":"VRAM 2026/10/04 19:03:06.684, 1, 4359 MiB, 15360 MiB, 95 %\n"}
,{"stream_name":"stdout","time":36980.380378062,"data":"  round 30 client p056: {\"ce_t\": 0.0331, \"ce_s\": 0.05, \"kl_t\": 0.0416, \"kl_s\": 0.0389, \"hid\": 0.0098, \"loss\": 0.7436, \"train_acc_t\": 0.998, \"train_acc_s\": 0.9899, \"steps\": 500, \"teacher_test_acc\": 0.1744, \"teacher_test_loss\": 2.733, \"teacher_test_macro_f1\": 0.1035, \"gpu\": 0, \"peak_alloc_gb\": 3.3281, \"peak_reserved_gb\": 4.1133}\n"}
,{"stream_name":"stdout","time":36983.242492187,"data":"VRAM 2026/10/04 19:04:06.693, 0, 4367 MiB, 15360 MiB, 0 %\n"}
,{"stream_name":"stdout","time":36983.245004174,"data":"VRAM 2026/10/04 19:04:06.694, 1, 4359 MiB, 15360 MiB, 94 %\n"}
,{"stream_name":"stdout","time":37016.492508256,"data":"  round 30 client p061: {\"ce_t\": 0.0255, \"ce_s\": 0.0288, \"kl_t\": 0.0239, \"kl_s\": 0.0231, \"hid\": 0.0088, \"loss\": 0.8052, \"train_acc_t\": 0.9978, \"train_acc_s\": 0.996, \"steps\": 510, \"teacher_test_acc\": 0.2439, \"teacher_test_loss\": 3.5101, \"teacher_test_macro_f1\": 0.1803, \"gpu\": 1, \"peak_alloc_gb\": 3.3082, \"peak_reserved_gb\": 4.1152}\n"}
,{"stream_name":"stdout","time":37023.613786221,"data":"ROUND 30/30: global student acc 0.4819 F1 0.4668 | mean teacher acc 0.1418 F1 0.0749 | 21.6 min\n"}
,{"stream_name":"stdout","time":37023.619150383,"data":"TRAINING COMPLETE\n"}
,{"stream_name":"stderr","time":37041.25088303,"data":"/usr/local/lib/python3.12/dist-packages/mistune.py:435: SyntaxWarning: invalid escape sequence '\\|'\n"}
,{"stream_name":"stderr","time":37041.25092783,"data":"  cells[i][c] = re.sub('\\\\\\\\\\|', '|', cell)\n"}
,{"stream_name":"stderr","time":37041.879470241,"data":"/usr/local/lib/python3.12/dist-packages/nbconvert/filters/filter_links.py:36: SyntaxWarning: invalid escape sequence '\\_'\n"}
,{"stream_name":"stderr","time":37041.879497369,"data":"  text = re.sub(r'_', '\\_', text) # Escape underscores in display text\n"}
,{"stream_name":"stdout","time":37043.254836435,"data":"VRAM 2026/10/04 19:05:06.703, 0, 0 MiB, 15360 MiB, 0 %\n"}
,{"stream_name":"stdout","time":37043.257666003,"data":"VRAM 2026/10/04 19:05:06.706, 1, 0 MiB, 15360 MiB, 0 %\n"}
,{"stream_name":"stderr","time":37043.669511702,"data":"[NbConvertApp] Converting notebook __script__.ipynb to html\n"}
,{"stream_name":"stderr","time":37045.578329467,"data":"[NbConvertApp] Writing 273894 bytes to __results__.html\n"}
]